2026-07-03 03:54:44,251 | INFO     | keeper.oracle        | Oracle keeper started (address=0xc63B7A10BB926B3b25EcB51887945CaeB6927555)
2026-07-03 03:54:49,729 | ERROR    | keeper.oracle        | Oracle update error: ('execution reverted', 'no data')
2026-07-03 03:56:04,178 | ERROR    | keeper.oracle        | Oracle update error: ('execution reverted', 'no data')
2026-07-03 03:56:59,943 | INFO     | keeper.oracle        | Oracle keeper started (address=0xc63B7A10BB926B3b25EcB51887945CaeB6927555)
2026-07-03 03:57:00,764 | ERROR    | keeper.oracle        | Oracle update error: ('execution reverted', 'no data')
2026-07-03 03:57:34,663 | INFO     | keeper.oracle        | Oracle keeper stopped
2026-07-03 03:57:42,852 | ERROR    | keeper.oracle        | Oracle update error: ('execution reverted', 'no data')
2026-07-03 03:58:53,326 | ERROR    | keeper.oracle        | Oracle update error: ('execution reverted', 'no data')
2026-07-03 03:59:20,136 | INFO     | keeper.oracle        | Oracle keeper started (address=0xc63B7A10BB926B3b25EcB51887945CaeB6927555)
2026-07-03 03:59:23,168 | ERROR    | keeper.oracle        | Oracle update error: ('execution reverted', 'no data')
2026-07-03 03:59:58,356 | ERROR    | keeper.oracle        | Oracle update error: 429 Client Error: Too Many Requests for url: https://mainnet.base.org/
2026-07-03 04:00:33,702 | ERROR    | keeper.oracle        | Oracle update error: ('execution reverted', 'no data')
2026-07-03 04:01:21,511 | ERROR    | keeper.oracle        | Oracle update error: ('execution reverted', 'no data')
2026-07-03 04:01:40,658 | ERROR    | keeper.oracle        | Oracle update error: ('execution reverted', 'no data')
2026-07-03 04:02:27,778 | ERROR    | keeper.oracle        | Oracle update error: 429 Client Error: Too Many Requests for url: https://mainnet.base.org/
2026-07-03 04:02:56,561 | ERROR    | keeper.oracle        | Oracle update error: 429 Client Error: Too Many Requests for url: https://mainnet.base.org/
2026-07-03 04:03:31,456 | ERROR    | keeper.oracle        | Oracle update error: ('execution reverted', 'no data')
2026-07-03 04:04:11,158 | ERROR    | keeper.oracle        | Oracle update error: ('execution reverted', 'no data')
2026-07-03 04:04:35,301 | ERROR    | keeper.oracle        | Oracle update error: 429 Client Error: Too Many Requests for url: https://mainnet.base.org/
2026-07-03 04:05:32,528 | ERROR    | keeper.oracle        | Oracle update error: ('execution reverted', 'no data')
2026-07-03 04:06:06,040 | ERROR    | keeper.oracle        | Oracle update error: ('execution reverted', 'no data')
2026-07-03 04:06:37,293 | ERROR    | keeper.oracle        | Oracle update error: 429 Client Error: Too Many Requests for url: https://mainnet.base.org/
2026-07-03 04:07:20,517 | ERROR    | keeper.oracle        | Oracle update error: ('execution reverted', 'no data')
2026-07-03 04:07:49,075 | ERROR    | keeper.oracle        | Oracle update error: 429 Client Error: Too Many Requests for url: https://mainnet.base.org/
2026-07-03 04:08:26,584 | ERROR    | keeper.oracle        | Oracle update error: ('execution reverted', 'no data')
2026-07-03 04:08:50,525 | ERROR    | keeper.oracle        | Oracle update error: ('execution reverted', 'no data')
2026-07-03 04:09:31,570 | ERROR    | keeper.oracle        | Oracle update error: ('execution reverted', 'no data')
2026-07-03 04:09:53,600 | ERROR    | keeper.oracle        | Oracle update error: ('execution reverted', 'no data')
2026-07-03 04:11:01,013 | ERROR    | keeper.oracle        | Oracle update error: ('execution reverted', 'no data')
2026-07-03 04:11:05,075 | ERROR    | keeper.oracle        | Oracle update error: ('execution reverted', 'no data')
2026-07-03 04:12:04,251 | ERROR    | keeper.oracle        | Oracle update error: ('execution reverted', 'no data')
2026-07-03 04:12:22,875 | ERROR    | keeper.oracle        | Oracle update error: ('execution reverted', 'no data')
2026-07-03 04:13:21,735 | ERROR    | keeper.oracle        | Oracle update error: ('execution reverted', 'no data')
2026-07-03 04:14:01,784 | ERROR    | keeper.oracle        | Oracle update error: ('execution reverted', 'no data')
2026-07-03 04:14:29,173 | ERROR    | keeper.oracle        | Oracle update error: 429 Client Error: Too Many Requests for url: https://mainnet.base.org/
2026-07-03 04:15:10,577 | ERROR    | keeper.oracle        | Oracle update error: ('execution reverted', 'no data')
2026-07-03 04:15:30,760 | ERROR    | keeper.oracle        | Oracle update error: ('execution reverted', 'no data')
2026-07-03 04:16:11,267 | ERROR    | keeper.oracle        | Oracle update error: ('execution reverted', 'no data')
2026-07-03 04:16:32,130 | ERROR    | keeper.oracle        | Oracle update error: ('execution reverted', 'no data')
2026-07-03 04:17:12,110 | ERROR    | keeper.oracle        | Oracle update error: ('execution reverted', 'no data')
2026-07-03 04:17:34,088 | ERROR    | keeper.oracle        | Oracle update error: ('execution reverted', 'no data')
2026-07-03 04:18:20,564 | ERROR    | keeper.oracle        | Oracle update error: ('execution reverted', 'no data')
2026-07-03 04:18:37,585 | ERROR    | keeper.oracle        | Oracle update error: 429 Client Error: Too Many Requests for url: https://mainnet.base.org/
2026-07-03 04:19:21,306 | ERROR    | keeper.oracle        | Oracle update error: ('execution reverted', 'no data')
2026-07-03 04:19:41,077 | ERROR    | keeper.oracle        | Oracle update error: ('execution reverted', 'no data')
2026-07-03 04:20:27,109 | ERROR    | keeper.oracle        | Oracle update error: 429 Client Error: Too Many Requests for url: https://mainnet.base.org/
2026-07-03 04:20:46,510 | ERROR    | keeper.oracle        | Oracle update error: 429 Client Error: Too Many Requests for url: https://mainnet.base.org/
2026-07-03 04:21:37,349 | ERROR    | keeper.oracle        | Oracle update error: 429 Client Error: Too Many Requests for url: https://mainnet.base.org/
2026-07-03 04:21:50,049 | ERROR    | keeper.oracle        | Oracle update error: 429 Client Error: Too Many Requests for url: https://mainnet.base.org/
2026-07-03 04:22:40,850 | ERROR    | keeper.oracle        | Oracle update error: ('execution reverted', 'no data')
2026-07-03 04:22:50,754 | ERROR    | keeper.oracle        | Oracle update error: ('execution reverted', 'no data')
2026-07-03 04:23:41,593 | ERROR    | keeper.oracle        | Oracle update error: ('execution reverted', 'no data')
2026-07-03 04:23:51,911 | ERROR    | keeper.oracle        | Oracle update error: ('execution reverted', 'no data')
2026-07-03 04:24:42,281 | ERROR    | keeper.oracle        | Oracle update error: ('execution reverted', 'no data')
2026-07-03 04:24:55,725 | ERROR    | keeper.oracle        | Oracle update error: 429 Client Error: Too Many Requests for url: https://mainnet.base.org/
2026-07-03 04:25:42,984 | ERROR    | keeper.oracle        | Oracle update error: ('execution reverted', 'no data')
2026-07-03 04:25:59,037 | ERROR    | keeper.oracle        | Oracle update error: 429 Client Error: Too Many Requests for url: https://mainnet.base.org/
2026-07-03 04:26:51,688 | ERROR    | keeper.oracle        | Oracle update error: ('execution reverted', 'no data')
2026-07-03 04:27:05,577 | ERROR    | keeper.oracle        | Oracle update error: 429 Client Error: Too Many Requests for url: https://mainnet.base.org/
2026-07-03 04:27:52,373 | ERROR    | keeper.oracle        | Oracle update error: ('execution reverted', 'no data')
2026-07-03 04:28:08,859 | ERROR    | keeper.oracle        | Oracle update error: 429 Client Error: Too Many Requests for url: https://mainnet.base.org/
2026-07-03 04:28:56,773 | ERROR    | keeper.oracle        | Oracle update error: 429 Client Error: Too Many Requests for url: https://mainnet.base.org/
2026-07-03 04:29:10,426 | ERROR    | keeper.oracle        | Oracle update error: ('execution reverted', 'no data')
2026-07-03 04:30:00,032 | ERROR    | keeper.oracle        | Oracle update error: 429 Client Error: Too Many Requests for url: https://mainnet.base.org/
2026-07-03 04:30:11,901 | ERROR    | keeper.oracle        | Oracle update error: ('execution reverted', 'no data')
2026-07-03 04:31:02,300 | ERROR    | keeper.oracle        | Oracle update error: ('execution reverted', 'no data')
2026-07-03 04:31:13,100 | ERROR    | keeper.oracle        | Oracle update error: ('execution reverted', 'no data')
2026-07-03 04:32:06,428 | ERROR    | keeper.oracle        | Oracle update error: 429 Client Error: Too Many Requests for url: https://mainnet.base.org/
2026-07-03 04:32:23,294 | ERROR    | keeper.oracle        | Oracle update error: ('execution reverted', 'no data')
2026-07-03 04:33:10,733 | ERROR    | keeper.oracle        | Oracle update error: ('execution reverted', 'no data')
2026-07-03 04:33:30,769 | ERROR    | keeper.oracle        | Oracle update error: ('execution reverted', 'no data')
2026-07-03 04:34:11,452 | ERROR    | keeper.oracle        | Oracle update error: ('execution reverted', 'no data')
2026-07-03 04:34:37,183 | ERROR    | keeper.oracle        | Oracle update error: 429 Client Error: Too Many Requests for url: https://mainnet.base.org/
2026-07-03 04:39:11,050 | ERROR    | keeper.oracle        | Oracle update error: ('execution reverted', 'no data')
2026-07-03 04:41:40,973 | ERROR    | keeper.oracle        | Oracle update error: ('execution reverted', 'no data')
2026-07-03 04:41:43,006 | ERROR    | keeper.oracle        | Oracle update error: ('execution reverted', 'no data')
2026-07-03 04:42:42,763 | ERROR    | keeper.oracle        | Oracle update error: ('execution reverted', 'no data')
2026-07-03 04:43:21,746 | ERROR    | keeper.oracle        | Oracle update error: ('execution reverted', 'no data')
2026-07-03 04:44:11,072 | ERROR    | keeper.oracle        | Oracle update error: ('execution reverted', 'no data')
2026-07-03 04:45:34,005 | ERROR    | keeper.oracle        | Oracle update error: ('execution reverted', 'no data')
2026-07-03 04:45:38,087 | ERROR    | keeper.oracle        | Oracle update error: ('execution reverted', 'no data')
2026-07-03 04:46:47,618 | ERROR    | keeper.oracle        | Oracle update error: ('execution reverted', 'no data')
2026-07-03 04:47:04,835 | ERROR    | keeper.oracle        | Oracle update error: ('execution reverted', 'no data')
2026-07-03 04:48:11,401 | ERROR    | keeper.oracle        | Oracle update error: ('execution reverted', 'no data')
2026-07-03 04:48:25,178 | ERROR    | keeper.oracle        | Oracle update error: ('execution reverted', 'no data')
2026-07-03 04:49:14,101 | ERROR    | keeper.oracle        | Oracle update error: ('execution reverted', 'no data')
2026-07-03 04:49:41,891 | ERROR    | keeper.oracle        | Oracle update error: ('execution reverted', 'no data')
2026-07-03 04:50:17,327 | ERROR    | keeper.oracle        | Oracle update error: 429 Client Error: Too Many Requests for url: https://mainnet.base.org/
2026-07-03 04:50:43,872 | ERROR    | keeper.oracle        | Oracle update error: ('execution reverted', 'no data')
2026-07-03 04:51:21,193 | ERROR    | keeper.oracle        | Oracle update error: ('execution reverted', 'no data')
2026-07-03 04:51:51,851 | ERROR    | keeper.oracle        | Oracle update error: ('execution reverted', 'no data')
2026-07-03 04:52:26,204 | ERROR    | keeper.oracle        | Oracle update error: 429 Client Error: Too Many Requests for url: https://mainnet.base.org/
2026-07-03 04:52:54,115 | ERROR    | keeper.oracle        | Oracle update error: ('execution reverted', 'no data')
2026-07-03 04:53:29,416 | ERROR    | keeper.oracle        | Oracle update error: 429 Client Error: Too Many Requests for url: https://mainnet.base.org/
2026-07-03 04:54:01,199 | ERROR    | keeper.oracle        | Oracle update error: ('execution reverted', 'no data')
2026-07-03 04:54:46,496 | ERROR    | keeper.oracle        | Oracle update error: 429 Client Error: Too Many Requests for url: https://mainnet.base.org/
2026-07-03 04:55:05,325 | ERROR    | keeper.oracle        | Oracle update error: 429 Client Error: Too Many Requests for url: https://mainnet.base.org/
2026-07-03 04:55:49,877 | ERROR    | keeper.oracle        | Oracle update error: 429 Client Error: Too Many Requests for url: https://mainnet.base.org/
2026-07-03 04:56:11,788 | ERROR    | keeper.oracle        | Oracle update error: ('execution reverted', 'no data')
2026-07-03 04:57:00,366 | ERROR    | keeper.oracle        | Oracle update error: ('execution reverted', 'no data')
2026-07-03 04:57:15,466 | ERROR    | keeper.oracle        | Oracle update error: 429 Client Error: Too Many Requests for url: https://mainnet.base.org/
2026-07-03 04:58:01,071 | ERROR    | keeper.oracle        | Oracle update error: ('execution reverted', 'no data')
2026-07-03 04:58:18,834 | ERROR    | keeper.oracle        | Oracle update error: 429 Client Error: Too Many Requests for url: https://mainnet.base.org/
2026-07-03 04:59:01,935 | ERROR    | keeper.oracle        | Oracle update error: ('execution reverted', 'no data')
2026-07-03 04:59:24,986 | ERROR    | keeper.oracle        | Oracle update error: 429 Client Error: Too Many Requests for url: https://mainnet.base.org/
2026-07-03 05:00:02,626 | ERROR    | keeper.oracle        | Oracle update error: ('execution reverted', 'no data')
2026-07-03 05:00:28,274 | ERROR    | keeper.oracle        | Oracle update error: 429 Client Error: Too Many Requests for url: https://mainnet.base.org/
2026-07-03 05:01:11,876 | ERROR    | keeper.oracle        | Oracle update error: ('execution reverted', 'no data')
2026-07-03 05:01:30,564 | ERROR    | keeper.oracle        | Oracle update error: ('execution reverted', 'no data')
2026-07-03 05:02:15,432 | ERROR    | keeper.oracle        | Oracle update error: 429 Client Error: Too Many Requests for url: https://mainnet.base.org/
2026-07-03 05:02:31,974 | ERROR    | keeper.oracle        | Oracle update error: ('execution reverted', 'no data')
2026-07-03 05:04:26,272 | ERROR    | keeper.oracle        | Oracle update error: ('execution reverted', 'no data')
2026-07-03 05:05:39,783 | ERROR    | keeper.oracle        | Oracle update error: ('execution reverted', 'no data')
2026-07-03 05:07:07,385 | ERROR    | keeper.oracle        | Oracle update error: ('execution reverted', 'no data')
2026-07-03 05:09:02,020 | ERROR    | keeper.oracle        | Oracle update error: ('execution reverted', 'no data')
2026-07-03 05:09:35,930 | ERROR    | keeper.oracle        | Oracle update error: 429 Client Error: Too Many Requests for url: https://mainnet.base.org/
2026-07-03 05:10:02,719 | ERROR    | keeper.oracle        | Oracle update error: ('execution reverted', 'no data')
2026-07-03 05:10:40,513 | ERROR    | keeper.oracle        | Oracle update error: ('execution reverted', 'no data')
2026-07-03 05:11:09,814 | ERROR    | keeper.oracle        | Oracle update error: 429 Client Error: Too Many Requests for url: https://mainnet.base.org/
2026-07-03 05:12:01,151 | ERROR    | keeper.oracle        | Oracle update error: ('execution reverted', 'no data')
2026-07-03 05:12:38,826 | ERROR    | keeper.oracle        | Oracle update error: ('execution reverted', 'no data')
2026-07-03 05:13:01,876 | ERROR    | keeper.oracle        | Oracle update error: ('execution reverted', 'no data')
2026-07-03 05:14:08,060 | ERROR    | keeper.oracle        | Oracle update error: ('execution reverted', 'no data')
2026-07-03 05:14:30,433 | ERROR    | keeper.oracle        | Oracle update error: ('execution reverted', 'no data')
2026-07-03 05:15:11,115 | ERROR    | keeper.oracle        | Oracle update error: ('execution reverted', 'no data')
2026-07-03 05:15:31,138 | ERROR    | keeper.oracle        | Oracle update error: ('execution reverted', 'no data')
2026-07-03 05:16:20,509 | ERROR    | keeper.oracle        | Oracle update error: ('execution reverted', 'no data')
2026-07-03 05:18:21,368 | ERROR    | keeper.oracle        | Oracle update error: ('execution reverted', 'no data')
2026-07-03 05:18:46,293 | ERROR    | keeper.oracle        | Oracle update error: HTTPSConnectionPool(host='mainnet.base.org', port=443): Read timed out.
2026-07-03 05:19:45,106 | ERROR    | keeper.oracle        | Oracle update error: ('execution reverted', 'no data')
2026-07-03 05:20:03,893 | ERROR    | keeper.oracle        | Oracle update error: ('execution reverted', 'no data')
2026-07-03 05:21:30,820 | ERROR    | keeper.oracle        | Oracle update error: ('execution reverted', 'no data')
2026-07-03 05:21:37,178 | ERROR    | keeper.oracle        | Oracle update error: 429 Client Error: Too Many Requests for url: https://mainnet.base.org/
2026-07-03 05:22:38,874 | ERROR    | keeper.oracle        | Oracle update error: 429 Client Error: Too Many Requests for url: https://mainnet.base.org/
2026-07-03 05:22:40,791 | ERROR    | keeper.oracle        | Oracle update error: ('execution reverted', 'no data')
2026-07-03 05:23:41,710 | ERROR    | keeper.oracle        | Oracle update error: ('execution reverted', 'no data')
2026-07-03 05:23:46,057 | ERROR    | keeper.oracle        | Oracle update error: 429 Client Error: Too Many Requests for url: https://mainnet.base.org/
2026-07-03 05:24:51,680 | ERROR    | keeper.oracle        | Oracle update error: ('execution reverted', 'no data')
2026-07-03 05:24:52,766 | ERROR    | keeper.oracle        | Oracle update error: ('execution reverted', 'no data')
2026-07-03 05:26:00,624 | ERROR    | keeper.oracle        | Oracle update error: ('execution reverted', 'no data')
2026-07-03 05:26:00,776 | ERROR    | keeper.oracle        | Oracle update error: ('execution reverted', 'no data')
2026-07-03 05:27:09,007 | ERROR    | keeper.oracle        | Oracle update error: 429 Client Error: Too Many Requests for url: https://mainnet.base.org/
2026-07-03 05:27:12,445 | ERROR    | keeper.oracle        | Oracle update error: ('execution reverted', 'no data')
2026-07-03 05:28:11,520 | ERROR    | keeper.oracle        | Oracle update error: ('execution reverted', 'no data')
2026-07-03 05:28:21,251 | ERROR    | keeper.oracle        | Oracle update error: ('execution reverted', 'no data')
2026-07-03 05:29:20,444 | ERROR    | keeper.oracle        | Oracle update error: ('execution reverted', 'no data')
2026-07-03 05:29:30,936 | ERROR    | keeper.oracle        | Oracle update error: ('execution reverted', 'no data')
2026-07-03 05:30:38,873 | ERROR    | keeper.oracle        | Oracle update error: ('execution reverted', 'no data')
2026-07-03 05:31:14,299 | ERROR    | keeper.oracle        | Oracle update error: ('execution reverted', 'no data')
2026-07-03 05:31:51,684 | ERROR    | keeper.oracle        | Oracle update error: ('execution reverted', 'no data')
2026-07-03 05:32:29,296 | ERROR    | keeper.oracle        | Oracle update error: 429 Client Error: Too Many Requests for url: https://mainnet.base.org/
2026-07-03 05:33:01,619 | ERROR    | keeper.oracle        | Oracle update error: ('execution reverted', 'no data')
2026-07-03 05:33:41,318 | ERROR    | keeper.oracle        | Oracle update error: ('execution reverted', 'no data')
2026-07-03 05:34:08,113 | ERROR    | keeper.oracle        | Oracle update error: 429 Client Error: Too Many Requests for url: https://mainnet.base.org/
2026-07-03 05:34:49,598 | ERROR    | keeper.oracle        | Oracle update error: 429 Client Error: Too Many Requests for url: https://mainnet.base.org/
2026-07-03 05:38:13,133 | ERROR    | keeper.oracle        | Oracle update error: ('execution reverted', 'no data')
2026-07-03 05:38:48,809 | ERROR    | keeper.oracle        | Oracle update error: ('execution reverted', 'no data')
2026-07-03 05:40:44,501 | ERROR    | keeper.oracle        | Oracle update error: ('execution reverted', 'no data')
2026-07-03 05:41:10,845 | ERROR    | keeper.oracle        | Oracle update error: ('execution reverted', 'no data')
2026-07-03 05:41:48,854 | ERROR    | keeper.oracle        | Oracle update error: 429 Client Error: Too Many Requests for url: https://mainnet.base.org/
2026-07-03 05:42:11,593 | ERROR    | keeper.oracle        | Oracle update error: ('execution reverted', 'no data')
2026-07-03 05:42:50,633 | ERROR    | keeper.oracle        | Oracle update error: ('execution reverted', 'no data')
2026-07-03 05:43:22,886 | ERROR    | keeper.oracle        | Oracle update error: ('execution reverted', 'no data')
2026-07-03 05:43:51,349 | ERROR    | keeper.oracle        | Oracle update error: ('execution reverted', 'no data')
2026-07-03 05:44:26,228 | ERROR    | keeper.oracle        | Oracle update error: 429 Client Error: Too Many Requests for url: https://mainnet.base.org/
2026-07-03 05:44:52,077 | ERROR    | keeper.oracle        | Oracle update error: ('execution reverted', 'no data')
2026-07-03 05:45:52,741 | ERROR    | keeper.oracle        | Oracle update error: ('execution reverted', 'no data')
2026-07-03 05:46:21,050 | ERROR    | keeper.oracle        | Oracle update error: ('execution reverted', 'no data')
2026-07-03 05:47:42,058 | ERROR    | keeper.oracle        | Oracle update error: ('execution reverted', 'no data')
2026-07-03 05:47:50,966 | ERROR    | keeper.oracle        | Oracle update error: ('execution reverted', 'no data')
2026-07-03 05:48:48,930 | ERROR    | keeper.oracle        | Oracle update error: 429 Client Error: Too Many Requests for url: https://mainnet.base.org/
2026-07-03 05:48:51,692 | ERROR    | keeper.oracle        | Oracle update error: ('execution reverted', 'no data')
2026-07-03 05:49:50,521 | ERROR    | keeper.oracle        | Oracle update error: ('execution reverted', 'no data')
2026-07-03 05:50:01,204 | ERROR    | keeper.oracle        | Oracle update error: ('execution reverted', 'no data')
2026-07-03 05:51:05,292 | ERROR    | keeper.oracle        | Oracle update error: 429 Client Error: Too Many Requests for url: https://mainnet.base.org/
2026-07-03 05:51:42,627 | ERROR    | keeper.oracle        | Oracle update error: ('execution reverted', 'no data')
2026-07-03 05:52:11,676 | ERROR    | keeper.oracle        | Oracle update error: ('execution reverted', 'no data')
2026-07-03 05:52:49,864 | ERROR    | keeper.oracle        | Oracle update error: 429 Client Error: Too Many Requests for url: https://mainnet.base.org/
2026-07-03 05:53:21,516 | ERROR    | keeper.oracle        | Oracle update error: ('execution reverted', 'no data')
2026-07-03 05:53:50,600 | ERROR    | keeper.oracle        | Oracle update error: ('execution reverted', 'no data')
2026-07-03 05:54:30,603 | ERROR    | keeper.oracle        | Oracle update error: ('execution reverted', 'no data')
2026-07-03 05:54:52,016 | ERROR    | keeper.oracle        | Oracle update error: ('execution reverted', 'no data')
2026-07-03 05:55:32,624 | ERROR    | keeper.oracle        | Oracle update error: ('execution reverted', 'no data')
2026-07-03 05:55:55,358 | ERROR    | keeper.oracle        | Oracle update error: 429 Client Error: Too Many Requests for url: https://mainnet.base.org/
2026-07-03 05:56:40,544 | ERROR    | keeper.oracle        | Oracle update error: ('execution reverted', 'no data')
2026-07-03 05:57:00,476 | ERROR    | keeper.oracle        | Oracle update error: ('execution reverted', 'no data')
2026-07-03 05:57:41,552 | ERROR    | keeper.oracle        | Oracle update error: ('execution reverted', 'no data')
2026-07-03 05:58:01,743 | ERROR    | keeper.oracle        | Oracle update error: ('execution reverted', 'no data')
2026-07-03 05:58:44,845 | ERROR    | keeper.oracle        | Oracle update error: 429 Client Error: Too Many Requests for url: https://mainnet.base.org/
2026-07-03 05:59:02,483 | ERROR    | keeper.oracle        | Oracle update error: ('execution reverted', 'no data')
2026-07-03 05:59:51,597 | ERROR    | keeper.oracle        | Oracle update error: ('execution reverted', 'no data')
2026-07-03 06:00:11,042 | ERROR    | keeper.oracle        | Oracle update error: ('execution reverted', 'no data')
2026-07-03 06:00:52,368 | ERROR    | keeper.oracle        | Oracle update error: ('execution reverted', 'no data')
2026-07-03 06:01:12,459 | ERROR    | keeper.oracle        | Oracle update error: ('execution reverted', 'no data')
2026-07-03 06:02:02,701 | ERROR    | keeper.oracle        | Oracle update error: ('execution reverted', 'no data')
2026-07-03 06:02:16,467 | ERROR    | keeper.oracle        | Oracle update error: 429 Client Error: Too Many Requests for url: https://mainnet.base.org/
2026-07-03 06:03:05,996 | ERROR    | keeper.oracle        | Oracle update error: 429 Client Error: Too Many Requests for url: https://mainnet.base.org/
2026-07-03 06:03:19,714 | ERROR    | keeper.oracle        | Oracle update error: 429 Client Error: Too Many Requests for url: https://mainnet.base.org/
2026-07-03 06:04:11,836 | ERROR    | keeper.oracle        | Oracle update error: ('execution reverted', 'no data')
2026-07-03 06:04:20,438 | ERROR    | keeper.oracle        | Oracle update error: ('execution reverted', 'no data')
2026-07-03 06:05:22,688 | ERROR    | keeper.oracle        | Oracle update error: ('execution reverted', 'no data')
2026-07-03 06:05:29,255 | ERROR    | keeper.oracle        | Oracle update error: 429 Client Error: Too Many Requests for url: https://mainnet.base.org/
2026-07-03 06:06:28,584 | ERROR    | keeper.oracle        | Oracle update error: 429 Client Error: Too Many Requests for url: https://mainnet.base.org/
2026-07-03 06:06:31,658 | ERROR    | keeper.oracle        | Oracle update error: ('execution reverted', 'no data')
2026-07-03 06:07:30,963 | ERROR    | keeper.oracle        | Oracle update error: ('execution reverted', 'no data')
2026-07-03 06:07:33,147 | ERROR    | keeper.oracle        | Oracle update error: ('execution reverted', 'no data')
2026-07-03 06:08:35,277 | ERROR    | keeper.oracle        | Oracle update error: 429 Client Error: Too Many Requests for url: https://mainnet.base.org/
2026-07-03 06:08:38,391 | ERROR    | keeper.oracle        | Oracle update error: 429 Client Error: Too Many Requests for url: https://mainnet.base.org/
2026-07-03 06:09:38,528 | ERROR    | keeper.oracle        | Oracle update error: 429 Client Error: Too Many Requests for url: https://mainnet.base.org/
2026-07-03 06:09:41,771 | ERROR    | keeper.oracle        | Oracle update error: ('execution reverted', 'no data')
2026-07-03 06:10:41,115 | ERROR    | keeper.oracle        | Oracle update error: ('execution reverted', 'no data')
2026-07-03 06:10:42,543 | ERROR    | keeper.oracle        | Oracle update error: ('execution reverted', 'no data')
2026-07-03 06:11:41,831 | ERROR    | keeper.oracle        | Oracle update error: ('execution reverted', 'no data')
2026-07-03 06:11:51,787 | ERROR    | keeper.oracle        | Oracle update error: ('execution reverted', 'no data')
2026-07-03 06:12:42,538 | ERROR    | keeper.oracle        | Oracle update error: ('execution reverted', 'no data')
2026-07-03 06:12:58,326 | ERROR    | keeper.oracle        | Oracle update error: 429 Client Error: Too Many Requests for url: https://mainnet.base.org/
2026-07-03 06:13:48,976 | ERROR    | keeper.oracle        | Oracle update error: ('execution reverted', 'no data')
2026-07-03 06:14:01,419 | ERROR    | keeper.oracle        | Oracle update error: ('execution reverted', 'no data')
2026-07-03 06:14:51,332 | ERROR    | keeper.oracle        | Oracle update error: ('execution reverted', 'no data')
2026-07-03 06:15:12,836 | ERROR    | keeper.oracle        | Oracle update error: ('execution reverted', 'no data')
2026-07-03 06:15:54,826 | ERROR    | keeper.oracle        | Oracle update error: ('execution reverted', 'no data')
2026-07-03 06:16:20,487 | ERROR    | keeper.oracle        | Oracle update error: ('execution reverted', 'no data')
2026-07-03 06:17:02,226 | ERROR    | keeper.oracle        | Oracle update error: ('execution reverted', 'no data')
2026-07-03 06:17:21,242 | ERROR    | keeper.oracle        | Oracle update error: ('execution reverted', 'no data')
2026-07-03 06:18:03,701 | ERROR    | keeper.oracle        | Oracle update error: ('execution reverted', 'no data')
2026-07-03 06:18:30,753 | ERROR    | keeper.oracle        | Oracle update error: ('execution reverted', 'no data')
2026-07-03 06:19:10,953 | ERROR    | keeper.oracle        | Oracle update error: ('execution reverted', 'no data')
2026-07-03 06:19:31,438 | ERROR    | keeper.oracle        | Oracle update error: ('execution reverted', 'no data')
2026-07-03 06:20:11,734 | ERROR    | keeper.oracle        | Oracle update error: ('execution reverted', 'no data')
2026-07-03 06:20:39,177 | ERROR    | keeper.oracle        | Oracle update error: 429 Client Error: Too Many Requests for url: https://mainnet.base.org/
2026-07-03 06:21:21,134 | ERROR    | keeper.oracle        | Oracle update error: ('execution reverted', 'no data')
2026-07-03 06:21:40,709 | ERROR    | keeper.oracle        | Oracle update error: ('execution reverted', 'no data')
2026-07-03 06:22:22,442 | ERROR    | keeper.oracle        | Oracle update error: ('execution reverted', 'no data')
2026-07-03 06:22:41,628 | ERROR    | keeper.oracle        | Oracle update error: ('execution reverted', 'no data')
2026-07-03 06:23:25,857 | ERROR    | keeper.oracle        | Oracle update error: 429 Client Error: Too Many Requests for url: https://mainnet.base.org/
2026-07-03 06:23:42,339 | ERROR    | keeper.oracle        | Oracle update error: ('execution reverted', 'no data')
2026-07-03 06:24:31,881 | ERROR    | keeper.oracle        | Oracle update error: ('execution reverted', 'no data')
2026-07-03 06:24:50,453 | ERROR    | keeper.oracle        | Oracle update error: ('execution reverted', 'no data')
2026-07-03 06:25:32,566 | ERROR    | keeper.oracle        | Oracle update error: ('execution reverted', 'no data')
2026-07-03 06:25:51,170 | ERROR    | keeper.oracle        | Oracle update error: ('execution reverted', 'no data')
2026-07-03 06:26:33,276 | ERROR    | keeper.oracle        | Oracle update error: ('execution reverted', 'no data')
2026-07-03 06:27:02,930 | ERROR    | keeper.oracle        | Oracle update error: ('execution reverted', 'no data')
2026-07-03 06:27:33,967 | ERROR    | keeper.oracle        | Oracle update error: ('execution reverted', 'no data')
2026-07-03 06:28:03,670 | ERROR    | keeper.oracle        | Oracle update error: ('execution reverted', 'no data')
2026-07-03 06:28:41,201 | ERROR    | keeper.oracle        | Oracle update error: ('execution reverted', 'no data')
2026-07-03 06:29:10,462 | ERROR    | keeper.oracle        | Oracle update error: ('execution reverted', 'no data')
2026-07-03 06:29:42,084 | ERROR    | keeper.oracle        | Oracle update error: ('execution reverted', 'no data')
2026-07-03 06:30:11,150 | ERROR    | keeper.oracle        | Oracle update error: ('execution reverted', 'no data')
2026-07-03 06:30:48,963 | ERROR    | keeper.oracle        | Oracle update error: 429 Client Error: Too Many Requests for url: https://mainnet.base.org/
2026-07-03 06:31:12,809 | ERROR    | keeper.oracle        | Oracle update error: ('execution reverted', 'no data')
2026-07-03 06:31:55,873 | ERROR    | keeper.oracle        | Oracle update error: 429 Client Error: Too Many Requests for url: https://mainnet.base.org/
2026-07-03 06:32:16,277 | ERROR    | keeper.oracle        | Oracle update error: 429 Client Error: Too Many Requests for url: https://mainnet.base.org/
2026-07-03 06:32:59,955 | ERROR    | keeper.oracle        | Oracle update error: 429 Client Error: Too Many Requests for url: https://mainnet.base.org/
2026-07-03 06:33:19,574 | ERROR    | keeper.oracle        | Oracle update error: 429 Client Error: Too Many Requests for url: https://mainnet.base.org/
2026-07-03 06:34:01,776 | ERROR    | keeper.oracle        | Oracle update error: ('execution reverted', 'no data')
2026-07-03 06:34:21,625 | ERROR    | keeper.oracle        | Oracle update error: ('execution reverted', 'no data')
2026-07-03 06:35:02,525 | ERROR    | keeper.oracle        | Oracle update error: ('execution reverted', 'no data')
2026-07-03 06:35:40,593 | ERROR    | keeper.oracle        | Oracle update error: ('execution reverted', 'no data')
2026-07-03 06:36:05,768 | ERROR    | keeper.oracle        | Oracle update error: 429 Client Error: Too Many Requests for url: https://mainnet.base.org/
2026-07-03 06:36:42,457 | ERROR    | keeper.oracle        | Oracle update error: ('execution reverted', 'no data')
2026-07-03 06:37:09,231 | ERROR    | keeper.oracle        | Oracle update error: 429 Client Error: Too Many Requests for url: https://mainnet.base.org/
2026-07-03 06:37:50,210 | ERROR    | keeper.oracle        | Oracle update error: ('execution reverted', 'no data')
2026-07-03 06:38:10,440 | ERROR    | keeper.oracle        | Oracle update error: ('execution reverted', 'no data')
2026-07-03 06:38:56,327 | ERROR    | keeper.oracle        | Oracle update error: 429 Client Error: Too Many Requests for url: https://mainnet.base.org/
2026-07-03 06:39:15,885 | ERROR    | keeper.oracle        | Oracle update error: 429 Client Error: Too Many Requests for url: https://mainnet.base.org/
2026-07-03 06:40:01,571 | ERROR    | keeper.oracle        | Oracle update error: ('execution reverted', 'no data')
2026-07-03 06:40:19,388 | ERROR    | keeper.oracle        | Oracle update error: 429 Client Error: Too Many Requests for url: https://mainnet.base.org/
2026-07-03 06:41:09,082 | ERROR    | keeper.oracle        | Oracle update error: 429 Client Error: Too Many Requests for url: https://mainnet.base.org/
2026-07-03 06:41:20,619 | ERROR    | keeper.oracle        | Oracle update error: ('execution reverted', 'no data')
2026-07-03 06:42:10,669 | ERROR    | keeper.oracle        | Oracle update error: ('execution reverted', 'no data')
2026-07-03 06:42:24,984 | ERROR    | keeper.oracle        | Oracle update error: 429 Client Error: Too Many Requests for url: https://mainnet.base.org/
2026-07-03 06:43:11,367 | ERROR    | keeper.oracle        | Oracle update error: ('execution reverted', 'no data')
2026-07-03 06:43:28,258 | ERROR    | keeper.oracle        | Oracle update error: 429 Client Error: Too Many Requests for url: https://mainnet.base.org/
2026-07-03 06:44:12,221 | ERROR    | keeper.oracle        | Oracle update error: ('execution reverted', 'no data')
2026-07-03 06:44:30,680 | ERROR    | keeper.oracle        | Oracle update error: ('execution reverted', 'no data')
2026-07-03 06:45:16,741 | ERROR    | keeper.oracle        | Oracle update error: 429 Client Error: Too Many Requests for url: https://mainnet.base.org/
2026-07-03 06:45:31,814 | ERROR    | keeper.oracle        | Oracle update error: ('execution reverted', 'no data')
2026-07-03 06:46:20,044 | ERROR    | keeper.oracle        | Oracle update error: 429 Client Error: Too Many Requests for url: https://mainnet.base.org/
2026-07-03 06:46:32,515 | ERROR    | keeper.oracle        | Oracle update error: ('execution reverted', 'no data')
2026-07-03 06:47:21,699 | ERROR    | keeper.oracle        | Oracle update error: ('execution reverted', 'no data')
2026-07-03 06:47:33,871 | ERROR    | keeper.oracle        | Oracle update error: ('execution reverted', 'no data')
2026-07-03 06:48:28,657 | ERROR    | keeper.oracle        | Oracle update error: 429 Client Error: Too Many Requests for url: https://mainnet.base.org/
2026-07-03 06:48:34,639 | ERROR    | keeper.oracle        | Oracle update error: ('execution reverted', 'no data')
2026-07-03 06:49:32,314 | ERROR    | keeper.oracle        | Oracle update error: ('execution reverted', 'no data')
2026-07-03 06:49:41,324 | ERROR    | keeper.oracle        | Oracle update error: ('execution reverted', 'no data')
2026-07-03 06:50:41,562 | ERROR    | keeper.oracle        | Oracle update error: ('execution reverted', 'no data')
2026-07-03 06:50:49,166 | ERROR    | keeper.oracle        | Oracle update error: 429 Client Error: Too Many Requests for url: https://mainnet.base.org/
2026-07-03 06:51:42,250 | ERROR    | keeper.oracle        | Oracle update error: ('execution reverted', 'no data')
2026-07-03 06:51:53,192 | ERROR    | keeper.oracle        | Oracle update error: ('execution reverted', 'no data')
2026-07-03 06:52:42,943 | ERROR    | keeper.oracle        | Oracle update error: ('execution reverted', 'no data')
2026-07-03 06:52:57,902 | ERROR    | keeper.oracle        | Oracle update error: 429 Client Error: Too Many Requests for url: https://mainnet.base.org/
2026-07-03 06:53:46,184 | ERROR    | keeper.oracle        | Oracle update error: 429 Client Error: Too Many Requests for url: https://mainnet.base.org/
2026-07-03 06:54:02,430 | ERROR    | keeper.oracle        | Oracle update error: ('execution reverted', 'no data')
2026-07-03 06:54:49,767 | ERROR    | keeper.oracle        | Oracle update error: 429 Client Error: Too Many Requests for url: https://mainnet.base.org/
2026-07-03 06:55:06,787 | ERROR    | keeper.oracle        | Oracle update error: 429 Client Error: Too Many Requests for url: https://mainnet.base.org/
2026-07-03 06:55:52,787 | ERROR    | keeper.oracle        | Oracle update error: ('execution reverted', 'no data')
2026-07-03 06:56:10,633 | ERROR    | keeper.oracle        | Oracle update error: ('execution reverted', 'no data')
2026-07-03 06:56:56,111 | ERROR    | keeper.oracle        | Oracle update error: 429 Client Error: Too Many Requests for url: https://mainnet.base.org/
2026-07-03 06:57:11,893 | ERROR    | keeper.oracle        | Oracle update error: ('execution reverted', 'no data')
2026-07-03 06:57:59,462 | ERROR    | keeper.oracle        | Oracle update error: 429 Client Error: Too Many Requests for url: https://mainnet.base.org/
2026-07-03 06:58:12,611 | ERROR    | keeper.oracle        | Oracle update error: ('execution reverted', 'no data')
2026-07-03 06:59:01,146 | ERROR    | keeper.oracle        | Oracle update error: ('execution reverted', 'no data')
2026-07-03 06:59:13,306 | ERROR    | keeper.oracle        | Oracle update error: ('execution reverted', 'no data')
2026-07-03 07:00:04,672 | ERROR    | keeper.oracle        | Oracle update error: ('execution reverted', 'no data')
2026-07-03 07:00:22,578 | ERROR    | keeper.oracle        | Oracle update error: ('execution reverted', 'no data')
2026-07-03 07:01:10,441 | ERROR    | keeper.oracle        | Oracle update error: ('execution reverted', 'no data')
2026-07-03 07:01:30,869 | ERROR    | keeper.oracle        | Oracle update error: ('execution reverted', 'no data')
2026-07-03 07:02:20,694 | ERROR    | keeper.oracle        | Oracle update error: ('execution reverted', 'no data')
2026-07-03 07:02:39,114 | ERROR    | keeper.oracle        | Oracle update error: 429 Client Error: Too Many Requests for url: https://mainnet.base.org/
2026-07-03 07:03:26,485 | ERROR    | keeper.oracle        | Oracle update error: 429 Client Error: Too Many Requests for url: https://mainnet.base.org/
2026-07-03 07:03:42,164 | ERROR    | keeper.oracle        | Oracle update error: ('execution reverted', 'no data')
2026-07-03 07:04:30,647 | ERROR    | keeper.oracle        | Oracle update error: ('execution reverted', 'no data')
2026-07-03 07:04:45,522 | ERROR    | keeper.oracle        | Oracle update error: 429 Client Error: Too Many Requests for url: https://mainnet.base.org/
2026-07-03 07:05:31,835 | ERROR    | keeper.oracle        | Oracle update error: ('execution reverted', 'no data')
2026-07-03 07:05:58,048 | ERROR    | keeper.oracle        | Oracle update error: ('execution reverted', 'no data')
2026-07-03 07:06:39,185 | ERROR    | keeper.oracle        | Oracle update error: 429 Client Error: Too Many Requests for url: https://mainnet.base.org/
2026-07-03 07:07:00,410 | ERROR    | keeper.oracle        | Oracle update error: ('execution reverted', 'no data')
2026-07-03 07:07:42,646 | ERROR    | keeper.oracle        | Oracle update error: ('execution reverted', 'no data')
2026-07-03 07:08:05,857 | ERROR    | keeper.oracle        | Oracle update error: 429 Client Error: Too Many Requests for url: https://mainnet.base.org/
2026-07-03 07:08:50,498 | ERROR    | keeper.oracle        | Oracle update error: ('execution reverted', 'no data')
2026-07-03 07:09:13,755 | ERROR    | keeper.oracle        | Oracle update error: ('execution reverted', 'no data')
2026-07-03 07:09:52,867 | ERROR    | keeper.oracle        | Oracle update error: ('execution reverted', 'no data')
2026-07-03 07:10:21,457 | ERROR    | keeper.oracle        | Oracle update error: ('execution reverted', 'no data')
2026-07-03 07:10:53,620 | ERROR    | keeper.oracle        | Oracle update error: ('execution reverted', 'no data')
2026-07-03 07:11:22,360 | ERROR    | keeper.oracle        | Oracle update error: ('execution reverted', 'no data')
2026-07-03 07:11:58,771 | ERROR    | keeper.oracle        | Oracle update error: 429 Client Error: Too Many Requests for url: https://mainnet.base.org/
2026-07-03 07:12:23,102 | ERROR    | keeper.oracle        | Oracle update error: ('execution reverted', 'no data')
2026-07-03 07:13:00,890 | ERROR    | keeper.oracle        | Oracle update error: ('execution reverted', 'no data')
2026-07-03 07:13:31,606 | ERROR    | keeper.oracle        | Oracle update error: ('execution reverted', 'no data')
2026-07-03 07:14:01,946 | ERROR    | keeper.oracle        | Oracle update error: ('execution reverted', 'no data')
2026-07-03 07:14:32,311 | ERROR    | keeper.oracle        | Oracle update error: ('execution reverted', 'no data')
2026-07-03 07:15:09,853 | ERROR    | keeper.oracle        | Oracle update error: 429 Client Error: Too Many Requests for url: https://mainnet.base.org/
2026-07-03 07:15:36,370 | ERROR    | keeper.oracle        | Oracle update error: 429 Client Error: Too Many Requests for url: https://mainnet.base.org/
2026-07-03 07:16:10,538 | ERROR    | keeper.oracle        | Oracle update error: ('execution reverted', 'no data')
2026-07-03 07:16:39,694 | ERROR    | keeper.oracle        | Oracle update error: 429 Client Error: Too Many Requests for url: https://mainnet.base.org/
2026-07-03 07:17:11,229 | ERROR    | keeper.oracle        | Oracle update error: ('execution reverted', 'no data')
2026-07-03 07:17:40,426 | ERROR    | keeper.oracle        | Oracle update error: ('execution reverted', 'no data')
2026-07-03 07:18:12,731 | ERROR    | keeper.oracle        | Oracle update error: ('execution reverted', 'no data')
2026-07-03 07:18:46,342 | ERROR    | keeper.oracle        | Oracle update error: ('execution reverted', 'no data')
2026-07-03 07:19:18,178 | ERROR    | keeper.oracle        | Oracle update error: 429 Client Error: Too Many Requests for url: https://mainnet.base.org/
2026-07-03 07:19:49,703 | ERROR    | keeper.oracle        | Oracle update error: 429 Client Error: Too Many Requests for url: https://mainnet.base.org/
2026-07-03 07:20:22,814 | ERROR    | keeper.oracle        | Oracle update error: ('execution reverted', 'no data')
2026-07-03 07:20:51,926 | ERROR    | keeper.oracle        | Oracle update error: ('execution reverted', 'no data')
2026-07-03 07:21:26,594 | ERROR    | keeper.oracle        | Oracle update error: 429 Client Error: Too Many Requests for url: https://mainnet.base.org/
2026-07-03 07:21:52,655 | ERROR    | keeper.oracle        | Oracle update error: ('execution reverted', 'no data')
2026-07-03 07:22:39,335 | ERROR    | keeper.oracle        | Oracle update error: 429 Client Error: Too Many Requests for url: https://mainnet.base.org/
2026-07-03 07:22:59,775 | ERROR    | keeper.oracle        | Oracle update error: 429 Client Error: Too Many Requests for url: https://mainnet.base.org/
2026-07-03 07:23:40,376 | ERROR    | keeper.oracle        | Oracle update error: ('execution reverted', 'no data')
2026-07-03 07:24:19,053 | ERROR    | keeper.oracle        | Oracle update error: 429 Client Error: Too Many Requests for url: https://mainnet.base.org/
2026-07-03 07:24:41,110 | ERROR    | keeper.oracle        | Oracle update error: ('execution reverted', 'no data')
2026-07-03 07:25:21,226 | ERROR    | keeper.oracle        | Oracle update error: ('execution reverted', 'no data')
2026-07-03 07:25:41,928 | ERROR    | keeper.oracle        | Oracle update error: ('execution reverted', 'no data')
2026-07-03 07:26:25,564 | ERROR    | keeper.oracle        | Oracle update error: 429 Client Error: Too Many Requests for url: https://mainnet.base.org/
2026-07-03 07:26:45,169 | ERROR    | keeper.oracle        | Oracle update error: 429 Client Error: Too Many Requests for url: https://mainnet.base.org/
2026-07-03 07:27:38,585 | ERROR    | keeper.oracle        | Oracle update error: 429 Client Error: Too Many Requests for url: https://mainnet.base.org/
2026-07-03 07:27:48,737 | ERROR    | keeper.oracle        | Oracle update error: 429 Client Error: Too Many Requests for url: https://mainnet.base.org/
2026-07-03 07:28:40,998 | ERROR    | keeper.oracle        | Oracle update error: ('execution reverted', 'no data')
2026-07-03 07:28:51,079 | ERROR    | keeper.oracle        | Oracle update error: ('execution reverted', 'no data')
2026-07-03 07:29:41,736 | ERROR    | keeper.oracle        | Oracle update error: ('execution reverted', 'no data')
2026-07-03 07:29:54,296 | ERROR    | keeper.oracle        | Oracle update error: ('execution reverted', 'no data')
2026-07-03 07:30:56,537 | ERROR    | keeper.oracle        | Oracle update error: 429 Client Error: Too Many Requests for url: https://mainnet.base.org/
2026-07-03 07:31:01,407 | ERROR    | keeper.oracle        | Oracle update error: ('execution reverted', 'no data')
2026-07-03 07:31:59,950 | ERROR    | keeper.oracle        | Oracle update error: 429 Client Error: Too Many Requests for url: https://mainnet.base.org/
2026-07-03 07:32:03,332 | ERROR    | keeper.oracle        | Oracle update error: ('execution reverted', 'no data')
2026-07-03 07:33:00,726 | ERROR    | keeper.oracle        | Oracle update error: ('execution reverted', 'no data')
2026-07-03 07:33:07,162 | ERROR    | keeper.oracle        | Oracle update error: 429 Client Error: Too Many Requests for url: https://mainnet.base.org/
2026-07-03 07:34:06,313 | ERROR    | keeper.oracle        | Oracle update error: 429 Client Error: Too Many Requests for url: https://mainnet.base.org/
2026-07-03 07:34:16,354 | ERROR    | keeper.oracle        | Oracle update error: 429 Client Error: Too Many Requests for url: https://mainnet.base.org/
2026-07-03 07:35:09,611 | ERROR    | keeper.oracle        | Oracle update error: 429 Client Error: Too Many Requests for url: https://mainnet.base.org/
2026-07-03 07:35:17,212 | ERROR    | keeper.oracle        | Oracle update error: ('execution reverted', 'no data')
2026-07-03 07:36:21,880 | ERROR    | keeper.oracle        | Oracle update error: ('execution reverted', 'no data')
2026-07-03 07:36:31,080 | ERROR    | keeper.oracle        | Oracle update error: ('execution reverted', 'no data')
2026-07-03 07:37:22,596 | ERROR    | keeper.oracle        | Oracle update error: ('execution reverted', 'no data')
2026-07-03 07:37:38,053 | ERROR    | keeper.oracle        | Oracle update error: 429 Client Error: Too Many Requests for url: https://mainnet.base.org/
2026-07-03 07:38:23,356 | ERROR    | keeper.oracle        | Oracle update error: ('execution reverted', 'no data')
2026-07-03 07:38:40,997 | ERROR    | keeper.oracle        | Oracle update error: ('execution reverted', 'no data')
2026-07-03 07:39:27,364 | ERROR    | keeper.oracle        | Oracle update error: 429 Client Error: Too Many Requests for url: https://mainnet.base.org/
2026-07-03 07:39:44,148 | ERROR    | keeper.oracle        | Oracle update error: ('execution reverted', 'no data')
2026-07-03 07:40:31,021 | ERROR    | keeper.oracle        | Oracle update error: ('execution reverted', 'no data')
2026-07-03 07:40:50,888 | ERROR    | keeper.oracle        | Oracle update error: ('execution reverted', 'no data')
2026-07-03 07:41:38,241 | ERROR    | keeper.oracle        | Oracle update error: 429 Client Error: Too Many Requests for url: https://mainnet.base.org/
2026-07-03 07:41:51,590 | ERROR    | keeper.oracle        | Oracle update error: ('execution reverted', 'no data')
2026-07-03 07:42:40,559 | ERROR    | keeper.oracle        | Oracle update error: ('execution reverted', 'no data')
2026-07-03 07:42:52,335 | ERROR    | keeper.oracle        | Oracle update error: ('execution reverted', 'no data')
2026-07-03 07:43:41,311 | ERROR    | keeper.oracle        | Oracle update error: ('execution reverted', 'no data')
2026-07-03 07:43:55,588 | ERROR    | keeper.oracle        | Oracle update error: 429 Client Error: Too Many Requests for url: https://mainnet.base.org/
2026-07-03 07:44:44,585 | ERROR    | keeper.oracle        | Oracle update error: 429 Client Error: Too Many Requests for url: https://mainnet.base.org/
2026-07-03 07:44:58,833 | ERROR    | keeper.oracle        | Oracle update error: 429 Client Error: Too Many Requests for url: https://mainnet.base.org/
2026-07-03 07:45:49,115 | ERROR    | keeper.oracle        | Oracle update error: 429 Client Error: Too Many Requests for url: https://mainnet.base.org/
2026-07-03 07:46:01,578 | ERROR    | keeper.oracle        | Oracle update error: ('execution reverted', 'no data')
2026-07-03 07:46:50,640 | ERROR    | keeper.oracle        | Oracle update error: ('execution reverted', 'no data')
2026-07-03 07:47:02,290 | ERROR    | keeper.oracle        | Oracle update error: ('execution reverted', 'no data')
2026-07-03 07:47:51,335 | ERROR    | keeper.oracle        | Oracle update error: ('execution reverted', 'no data')
2026-07-03 07:48:10,543 | ERROR    | keeper.oracle        | Oracle update error: ('execution reverted', 'no data')
2026-07-03 07:48:52,054 | ERROR    | keeper.oracle        | Oracle update error: ('execution reverted', 'no data')
2026-07-03 07:49:11,518 | ERROR    | keeper.oracle        | Oracle update error: ('execution reverted', 'no data')
2026-07-03 07:49:52,765 | ERROR    | keeper.oracle        | Oracle update error: ('execution reverted', 'no data')
2026-07-03 07:50:20,877 | ERROR    | keeper.oracle        | Oracle update error: ('execution reverted', 'no data')
2026-07-03 07:51:00,490 | ERROR    | keeper.oracle        | Oracle update error: ('execution reverted', 'no data')
2026-07-03 07:51:21,559 | ERROR    | keeper.oracle        | Oracle update error: ('execution reverted', 'no data')
2026-07-03 07:52:02,245 | ERROR    | keeper.oracle        | Oracle update error: ('execution reverted', 'no data')
2026-07-03 07:52:22,348 | ERROR    | keeper.oracle        | Oracle update error: ('execution reverted', 'no data')
2026-07-03 07:53:10,449 | ERROR    | keeper.oracle        | Oracle update error: ('execution reverted', 'no data')
2026-07-03 07:53:23,069 | ERROR    | keeper.oracle        | Oracle update error: ('execution reverted', 'no data')
2026-07-03 07:54:15,336 | ERROR    | keeper.oracle        | Oracle update error: 429 Client Error: Too Many Requests for url: https://mainnet.base.org/
2026-07-03 07:54:28,866 | ERROR    | keeper.oracle        | Oracle update error: 429 Client Error: Too Many Requests for url: https://mainnet.base.org/
2026-07-03 07:55:18,952 | ERROR    | keeper.oracle        | Oracle update error: 429 Client Error: Too Many Requests for url: https://mainnet.base.org/
2026-07-03 07:55:30,599 | ERROR    | keeper.oracle        | Oracle update error: ('execution reverted', 'no data')
2026-07-03 07:56:20,581 | ERROR    | keeper.oracle        | Oracle update error: ('execution reverted', 'no data')
2026-07-03 07:56:41,058 | ERROR    | keeper.oracle        | Oracle update error: ('execution reverted', 'no data')
2026-07-03 07:57:21,747 | ERROR    | keeper.oracle        | Oracle update error: ('execution reverted', 'no data')
2026-07-03 07:57:41,746 | ERROR    | keeper.oracle        | Oracle update error: ('execution reverted', 'no data')
2026-07-03 07:58:23,268 | ERROR    | keeper.oracle        | Oracle update error: ('execution reverted', 'no data')
2026-07-03 07:58:43,725 | ERROR    | keeper.oracle        | Oracle update error: ('execution reverted', 'no data')
2026-07-03 07:59:31,661 | ERROR    | keeper.oracle        | Oracle update error: ('execution reverted', 'no data')
2026-07-03 07:59:47,014 | ERROR    | keeper.oracle        | Oracle update error: 429 Client Error: Too Many Requests for url: https://mainnet.base.org/
2026-07-03 08:00:32,384 | ERROR    | keeper.oracle        | Oracle update error: ('execution reverted', 'no data')
2026-07-03 08:00:50,483 | ERROR    | keeper.oracle        | Oracle update error: ('execution reverted', 'no data')
2026-07-03 08:01:37,179 | ERROR    | keeper.oracle        | Oracle update error: 429 Client Error: Too Many Requests for url: https://mainnet.base.org/
2026-07-03 08:01:51,187 | ERROR    | keeper.oracle        | Oracle update error: ('execution reverted', 'no data')
2026-07-03 08:02:40,702 | ERROR    | keeper.oracle        | Oracle update error: ('execution reverted', 'no data')
2026-07-03 08:02:52,602 | ERROR    | keeper.oracle        | Oracle update error: ('execution reverted', 'no data')
2026-07-03 08:03:44,922 | ERROR    | keeper.oracle        | Oracle update error: 429 Client Error: Too Many Requests for url: https://mainnet.base.org/
2026-07-03 08:03:53,294 | ERROR    | keeper.oracle        | Oracle update error: ('execution reverted', 'no data')
2026-07-03 08:04:48,647 | ERROR    | keeper.oracle        | Oracle update error: 429 Client Error: Too Many Requests for url: https://mainnet.base.org/
2026-07-03 08:05:00,465 | ERROR    | keeper.oracle        | Oracle update error: ('execution reverted', 'no data')
2026-07-03 08:05:50,959 | ERROR    | keeper.oracle        | Oracle update error: ('execution reverted', 'no data')
2026-07-03 08:06:01,158 | ERROR    | keeper.oracle        | Oracle update error: ('execution reverted', 'no data')
2026-07-03 08:06:52,128 | ERROR    | keeper.oracle        | Oracle update error: ('execution reverted', 'no data')
2026-07-03 08:07:02,631 | ERROR    | keeper.oracle        | Oracle update error: ('execution reverted', 'no data')
2026-07-03 08:07:55,433 | ERROR    | keeper.oracle        | Oracle update error: 429 Client Error: Too Many Requests for url: https://mainnet.base.org/
2026-07-03 08:08:03,351 | ERROR    | keeper.oracle        | Oracle update error: ('execution reverted', 'no data')
2026-07-03 08:09:02,241 | ERROR    | keeper.oracle        | Oracle update error: ('execution reverted', 'no data')
2026-07-03 08:09:11,255 | ERROR    | keeper.oracle        | Oracle update error: ('execution reverted', 'no data')
2026-07-03 08:10:11,730 | ERROR    | keeper.oracle        | Oracle update error: ('execution reverted', 'no data')
2026-07-03 08:10:28,379 | ERROR    | keeper.oracle        | Oracle update error: 429 Client Error: Too Many Requests for url: https://mainnet.base.org/
2026-07-03 08:11:13,637 | ERROR    | keeper.oracle        | Oracle update error: ('execution reverted', 'no data')
2026-07-03 08:11:30,867 | ERROR    | keeper.oracle        | Oracle update error: ('execution reverted', 'no data')
2026-07-03 08:12:16,904 | ERROR    | keeper.oracle        | Oracle update error: 429 Client Error: Too Many Requests for url: https://mainnet.base.org/
2026-07-03 08:12:31,564 | ERROR    | keeper.oracle        | Oracle update error: ('execution reverted', 'no data')
2026-07-03 08:13:21,932 | ERROR    | keeper.oracle        | Oracle update error: ('execution reverted', 'no data')
2026-07-03 08:13:35,764 | ERROR    | keeper.oracle        | Oracle update error: 429 Client Error: Too Many Requests for url: https://mainnet.base.org/
2026-07-03 08:14:22,639 | ERROR    | keeper.oracle        | Oracle update error: ('execution reverted', 'no data')
2026-07-03 08:14:39,194 | ERROR    | keeper.oracle        | Oracle update error: 429 Client Error: Too Many Requests for url: https://mainnet.base.org/
2026-07-03 08:15:25,937 | ERROR    | keeper.oracle        | Oracle update error: 429 Client Error: Too Many Requests for url: https://mainnet.base.org/
2026-07-03 08:15:40,823 | ERROR    | keeper.oracle        | Oracle update error: ('execution reverted', 'no data')
2026-07-03 08:16:29,924 | ERROR    | keeper.oracle        | Oracle update error: 429 Client Error: Too Many Requests for url: https://mainnet.base.org/
2026-07-03 08:16:48,935 | ERROR    | keeper.oracle        | Oracle update error: 429 Client Error: Too Many Requests for url: https://mainnet.base.org/
2026-07-03 08:17:32,069 | ERROR    | keeper.oracle        | Oracle update error: ('execution reverted', 'no data')
2026-07-03 08:17:50,470 | ERROR    | keeper.oracle        | Oracle update error: ('execution reverted', 'no data')
2026-07-03 08:18:32,891 | ERROR    | keeper.oracle        | Oracle update error: ('execution reverted', 'no data')
2026-07-03 08:18:51,214 | ERROR    | keeper.oracle        | Oracle update error: ('execution reverted', 'no data')
2026-07-03 08:19:36,190 | ERROR    | keeper.oracle        | Oracle update error: 429 Client Error: Too Many Requests for url: https://mainnet.base.org/
2026-07-03 08:19:55,716 | ERROR    | keeper.oracle        | Oracle update error: 429 Client Error: Too Many Requests for url: https://mainnet.base.org/
2026-07-03 08:20:39,732 | ERROR    | keeper.oracle        | Oracle update error: 429 Client Error: Too Many Requests for url: https://mainnet.base.org/
2026-07-03 08:20:58,959 | ERROR    | keeper.oracle        | Oracle update error: 429 Client Error: Too Many Requests for url: https://mainnet.base.org/
2026-07-03 08:21:40,433 | ERROR    | keeper.oracle        | Oracle update error: ('execution reverted', 'no data')
2026-07-03 08:22:00,474 | ERROR    | keeper.oracle        | Oracle update error: ('execution reverted', 'no data')
2026-07-03 08:22:41,218 | ERROR    | keeper.oracle        | Oracle update error: ('execution reverted', 'no data')
2026-07-03 08:23:01,217 | ERROR    | keeper.oracle        | Oracle update error: ('execution reverted', 'no data')
2026-07-03 08:23:46,262 | ERROR    | keeper.oracle        | Oracle update error: 429 Client Error: Too Many Requests for url: https://mainnet.base.org/
2026-07-03 08:24:02,463 | ERROR    | keeper.oracle        | Oracle update error: ('execution reverted', 'no data')
2026-07-03 08:24:51,504 | ERROR    | keeper.oracle        | Oracle update error: ('execution reverted', 'no data')
2026-07-03 08:25:10,436 | ERROR    | keeper.oracle        | Oracle update error: ('execution reverted', 'no data')
2026-07-03 08:25:56,939 | ERROR    | keeper.oracle        | Oracle update error: 429 Client Error: Too Many Requests for url: https://mainnet.base.org/
2026-07-03 08:26:15,371 | ERROR    | keeper.oracle        | Oracle update error: 429 Client Error: Too Many Requests for url: https://mainnet.base.org/
2026-07-03 08:27:01,199 | ERROR    | keeper.oracle        | Oracle update error: ('execution reverted', 'no data')
2026-07-03 08:27:22,050 | ERROR    | keeper.oracle        | Oracle update error: ('execution reverted', 'no data')
2026-07-03 08:28:09,063 | ERROR    | keeper.oracle        | Oracle update error: 429 Client Error: Too Many Requests for url: https://mainnet.base.org/
2026-07-03 08:28:22,755 | ERROR    | keeper.oracle        | Oracle update error: ('execution reverted', 'no data')
2026-07-03 08:29:10,734 | ERROR    | keeper.oracle        | Oracle update error: ('execution reverted', 'no data')
2026-07-03 08:29:30,607 | ERROR    | keeper.oracle        | Oracle update error: ('execution reverted', 'no data')
2026-07-03 08:30:11,459 | ERROR    | keeper.oracle        | Oracle update error: ('execution reverted', 'no data')
2026-07-03 08:30:31,416 | ERROR    | keeper.oracle        | Oracle update error: ('execution reverted', 'no data')
2026-07-03 08:31:14,803 | ERROR    | keeper.oracle        | Oracle update error: 429 Client Error: Too Many Requests for url: https://mainnet.base.org/
2026-07-03 08:31:32,184 | ERROR    | keeper.oracle        | Oracle update error: ('execution reverted', 'no data')
2026-07-03 08:32:18,391 | ERROR    | keeper.oracle        | Oracle update error: 429 Client Error: Too Many Requests for url: https://mainnet.base.org/
2026-07-03 08:32:35,435 | ERROR    | keeper.oracle        | Oracle update error: 429 Client Error: Too Many Requests for url: https://mainnet.base.org/
2026-07-03 08:33:20,657 | ERROR    | keeper.oracle        | Oracle update error: ('execution reverted', 'no data')
2026-07-03 08:33:38,712 | ERROR    | keeper.oracle        | Oracle update error: 429 Client Error: Too Many Requests for url: https://mainnet.base.org/
2026-07-03 08:34:22,763 | ERROR    | keeper.oracle        | Oracle update error: ('execution reverted', 'no data')
2026-07-03 08:34:41,347 | ERROR    | keeper.oracle        | Oracle update error: ('execution reverted', 'no data')
2026-07-03 08:35:25,029 | ERROR    | keeper.oracle        | Oracle update error: ('execution reverted', 'no data')
2026-07-03 08:35:45,934 | ERROR    | keeper.oracle        | Oracle update error: 429 Client Error: Too Many Requests for url: https://mainnet.base.org/
2026-07-03 08:36:31,605 | ERROR    | keeper.oracle        | Oracle update error: ('execution reverted', 'no data')
2026-07-03 08:36:47,115 | ERROR    | keeper.oracle        | Oracle update error: ('execution reverted', 'no data')
2026-07-03 08:37:35,966 | ERROR    | keeper.oracle        | Oracle update error: 429 Client Error: Too Many Requests for url: https://mainnet.base.org/
2026-07-03 08:37:50,936 | ERROR    | keeper.oracle        | Oracle update error: ('execution reverted', 'no data')
2026-07-03 08:38:39,230 | ERROR    | keeper.oracle        | Oracle update error: 429 Client Error: Too Many Requests for url: https://mainnet.base.org/
2026-07-03 08:38:51,665 | ERROR    | keeper.oracle        | Oracle update error: ('execution reverted', 'no data')
2026-07-03 08:39:40,663 | ERROR    | keeper.oracle        | Oracle update error: ('execution reverted', 'no data')
2026-07-03 08:39:52,386 | ERROR    | keeper.oracle        | Oracle update error: ('execution reverted', 'no data')
2026-07-03 08:40:41,371 | ERROR    | keeper.oracle        | Oracle update error: ('execution reverted', 'no data')
2026-07-03 08:40:55,832 | ERROR    | keeper.oracle        | Oracle update error: 429 Client Error: Too Many Requests for url: https://mainnet.base.org/
2026-07-03 08:41:42,092 | ERROR    | keeper.oracle        | Oracle update error: ('execution reverted', 'no data')
2026-07-03 08:41:59,081 | ERROR    | keeper.oracle        | Oracle update error: 429 Client Error: Too Many Requests for url: https://mainnet.base.org/
2026-07-03 08:42:50,712 | ERROR    | keeper.oracle        | Oracle update error: ('execution reverted', 'no data')
2026-07-03 08:43:00,678 | ERROR    | keeper.oracle        | Oracle update error: ('execution reverted', 'no data')
2026-07-03 08:43:51,427 | ERROR    | keeper.oracle        | Oracle update error: ('execution reverted', 'no data')
2026-07-03 08:44:01,432 | ERROR    | keeper.oracle        | Oracle update error: ('execution reverted', 'no data')
2026-07-03 08:44:59,204 | ERROR    | keeper.oracle        | Oracle update error: 429 Client Error: Too Many Requests for url: https://mainnet.base.org/
2026-07-03 08:45:02,129 | ERROR    | keeper.oracle        | Oracle update error: ('execution reverted', 'no data')
2026-07-03 08:46:00,482 | ERROR    | keeper.oracle        | Oracle update error: ('execution reverted', 'no data')
2026-07-03 08:46:02,844 | ERROR    | keeper.oracle        | Oracle update error: ('execution reverted', 'no data')
2026-07-03 08:47:02,054 | ERROR    | keeper.oracle        | Oracle update error: ('execution reverted', 'no data')
2026-07-03 08:47:12,748 | ERROR    | keeper.oracle        | Oracle update error: ('execution reverted', 'no data')
2026-07-03 08:48:12,969 | ERROR    | keeper.oracle        | Oracle update error: ('execution reverted', 'no data')
2026-07-03 08:48:14,321 | ERROR    | keeper.oracle        | Oracle update error: ('execution reverted', 'no data')
2026-07-03 08:49:17,813 | ERROR    | keeper.oracle        | Oracle update error: 429 Client Error: Too Many Requests for url: https://mainnet.base.org/
2026-07-03 08:49:20,445 | ERROR    | keeper.oracle        | Oracle update error: ('execution reverted', 'no data')
2026-07-03 08:50:20,732 | ERROR    | keeper.oracle        | Oracle update error: ('execution reverted', 'no data')
2026-07-03 08:50:31,428 | ERROR    | keeper.oracle        | Oracle update error: ('execution reverted', 'no data')
2026-07-03 08:51:21,482 | ERROR    | keeper.oracle        | Oracle update error: ('execution reverted', 'no data')
2026-07-03 08:51:32,140 | ERROR    | keeper.oracle        | Oracle update error: ('execution reverted', 'no data')
2026-07-03 08:52:22,181 | ERROR    | keeper.oracle        | Oracle update error: ('execution reverted', 'no data')
2026-07-03 08:52:32,889 | ERROR    | keeper.oracle        | Oracle update error: ('execution reverted', 'no data')
2026-07-03 08:53:22,963 | ERROR    | keeper.oracle        | Oracle update error: ('execution reverted', 'no data')
2026-07-03 08:53:45,177 | ERROR    | keeper.oracle        | Oracle update error: 429 Client Error: Too Many Requests for url: https://mainnet.base.org/
2026-07-03 08:54:27,545 | ERROR    | keeper.oracle        | Oracle update error: 429 Client Error: Too Many Requests for url: https://mainnet.base.org/
2026-07-03 08:54:49,614 | ERROR    | keeper.oracle        | Oracle update error: 429 Client Error: Too Many Requests for url: https://mainnet.base.org/
2026-07-03 08:55:28,332 | ERROR    | keeper.oracle        | Oracle update error: ('execution reverted', 'no data')
2026-07-03 08:55:51,523 | ERROR    | keeper.oracle        | Oracle update error: ('execution reverted', 'no data')
2026-07-03 08:56:32,128 | ERROR    | keeper.oracle        | Oracle update error: ('execution reverted', 'no data')
2026-07-03 08:56:58,423 | ERROR    | keeper.oracle        | Oracle update error: 429 Client Error: Too Many Requests for url: https://mainnet.base.org/
2026-07-03 08:57:40,472 | ERROR    | keeper.oracle        | Oracle update error: ('execution reverted', 'no data')
2026-07-03 08:58:00,723 | ERROR    | keeper.oracle        | Oracle update error: ('execution reverted', 'no data')
2026-07-03 08:58:46,432 | ERROR    | keeper.oracle        | Oracle update error: 429 Client Error: Too Many Requests for url: https://mainnet.base.org/
2026-07-03 08:59:05,105 | ERROR    | keeper.oracle        | Oracle update error: 429 Client Error: Too Many Requests for url: https://mainnet.base.org/
2026-07-03 08:59:49,739 | ERROR    | keeper.oracle        | Oracle update error: 429 Client Error: Too Many Requests for url: https://mainnet.base.org/
2026-07-03 09:00:08,656 | ERROR    | keeper.oracle        | Oracle update error: 429 Client Error: Too Many Requests for url: https://mainnet.base.org/
2026-07-03 09:00:50,464 | ERROR    | keeper.oracle        | Oracle update error: ('execution reverted', 'no data')
2026-07-03 09:01:11,835 | ERROR    | keeper.oracle        | Oracle update error: ('execution reverted', 'no data')
2026-07-03 09:01:51,172 | ERROR    | keeper.oracle        | Oracle update error: ('execution reverted', 'no data')
2026-07-03 09:02:12,619 | ERROR    | keeper.oracle        | Oracle update error: ('execution reverted', 'no data')
2026-07-03 09:03:01,040 | ERROR    | keeper.oracle        | Oracle update error: ('execution reverted', 'no data')
2026-07-03 09:03:16,087 | ERROR    | keeper.oracle        | Oracle update error: 429 Client Error: Too Many Requests for url: https://mainnet.base.org/
2026-07-03 09:04:01,746 | ERROR    | keeper.oracle        | Oracle update error: ('execution reverted', 'no data')
2026-07-03 09:04:24,970 | ERROR    | keeper.oracle        | Oracle update error: 429 Client Error: Too Many Requests for url: https://mainnet.base.org/
2026-07-03 09:05:06,420 | ERROR    | keeper.oracle        | Oracle update error: 429 Client Error: Too Many Requests for url: https://mainnet.base.org/
2026-07-03 09:05:28,242 | ERROR    | keeper.oracle        | Oracle update error: 429 Client Error: Too Many Requests for url: https://mainnet.base.org/
2026-07-03 09:06:09,760 | ERROR    | keeper.oracle        | Oracle update error: 429 Client Error: Too Many Requests for url: https://mainnet.base.org/
2026-07-03 09:06:30,741 | ERROR    | keeper.oracle        | Oracle update error: ('execution reverted', 'no data')
2026-07-03 09:07:10,469 | ERROR    | keeper.oracle        | Oracle update error: ('execution reverted', 'no data')
2026-07-03 09:07:31,430 | ERROR    | keeper.oracle        | Oracle update error: ('execution reverted', 'no data')
2026-07-03 09:08:12,787 | ERROR    | keeper.oracle        | Oracle update error: ('execution reverted', 'no data')
2026-07-03 09:08:41,782 | ERROR    | keeper.oracle        | Oracle update error: ('execution reverted', 'no data')
2026-07-03 09:09:13,509 | ERROR    | keeper.oracle        | Oracle update error: ('execution reverted', 'no data')
2026-07-03 09:09:49,299 | ERROR    | keeper.oracle        | Oracle update error: 429 Client Error: Too Many Requests for url: https://mainnet.base.org/
2026-07-03 09:10:20,435 | ERROR    | keeper.oracle        | Oracle update error: ('execution reverted', 'no data')
2026-07-03 09:10:50,376 | ERROR    | keeper.oracle        | Oracle update error: ('execution reverted', 'no data')
2026-07-03 09:11:21,129 | ERROR    | keeper.oracle        | Oracle update error: ('execution reverted', 'no data')
2026-07-03 09:11:51,070 | ERROR    | keeper.oracle        | Oracle update error: ('execution reverted', 'no data')
2026-07-03 09:12:21,826 | ERROR    | keeper.oracle        | Oracle update error: ('execution reverted', 'no data')
2026-07-03 09:12:59,770 | ERROR    | keeper.oracle        | Oracle update error: 429 Client Error: Too Many Requests for url: https://mainnet.base.org/
2026-07-03 09:13:24,050 | ERROR    | keeper.oracle        | Oracle update error: ('execution reverted', 'no data')
2026-07-03 09:14:00,546 | ERROR    | keeper.oracle        | Oracle update error: ('execution reverted', 'no data')
2026-07-03 09:14:28,508 | ERROR    | keeper.oracle        | Oracle update error: 429 Client Error: Too Many Requests for url: https://mainnet.base.org/
2026-07-03 09:15:01,329 | ERROR    | keeper.oracle        | Oracle update error: ('execution reverted', 'no data')
2026-07-03 09:15:31,539 | ERROR    | keeper.oracle        | Oracle update error: ('execution reverted', 'no data')
2026-07-03 09:16:04,749 | ERROR    | keeper.oracle        | Oracle update error: 429 Client Error: Too Many Requests for url: https://mainnet.base.org/
2026-07-03 09:16:36,794 | ERROR    | keeper.oracle        | Oracle update error: 429 Client Error: Too Many Requests for url: https://mainnet.base.org/
2026-07-03 09:17:08,073 | ERROR    | keeper.oracle        | Oracle update error: 429 Client Error: Too Many Requests for url: https://mainnet.base.org/
2026-07-03 09:17:42,090 | ERROR    | keeper.oracle        | Oracle update error: ('execution reverted', 'no data')
2026-07-03 09:18:11,796 | ERROR    | keeper.oracle        | Oracle update error: ('execution reverted', 'no data')
2026-07-03 09:18:42,863 | ERROR    | keeper.oracle        | Oracle update error: ('execution reverted', 'no data')
2026-07-03 09:19:12,728 | ERROR    | keeper.oracle        | Oracle update error: ('execution reverted', 'no data')
2026-07-03 09:19:49,148 | ERROR    | keeper.oracle        | Oracle update error: 429 Client Error: Too Many Requests for url: https://mainnet.base.org/
2026-07-03 09:20:13,453 | ERROR    | keeper.oracle        | Oracle update error: ('execution reverted', 'no data')
2026-07-03 09:20:53,217 | ERROR    | keeper.oracle        | Oracle update error: ('execution reverted', 'no data')
2026-07-03 09:21:20,720 | ERROR    | keeper.oracle        | Oracle update error: ('execution reverted', 'no data')
2026-07-03 09:21:58,485 | ERROR    | keeper.oracle        | Oracle update error: 429 Client Error: Too Many Requests for url: https://mainnet.base.org/
2026-07-03 09:22:25,519 | ERROR    | keeper.oracle        | Oracle update error: 429 Client Error: Too Many Requests for url: https://mainnet.base.org/
2026-07-03 09:23:06,856 | ERROR    | keeper.oracle        | Oracle update error: 429 Client Error: Too Many Requests for url: https://mainnet.base.org/
2026-07-03 09:23:31,217 | ERROR    | keeper.oracle        | Oracle update error: ('execution reverted', 'no data')
2026-07-03 09:24:12,244 | ERROR    | keeper.oracle        | Oracle update error: ('execution reverted', 'no data')
2026-07-03 09:24:31,964 | ERROR    | keeper.oracle        | Oracle update error: ('execution reverted', 'no data')
2026-07-03 09:25:13,044 | ERROR    | keeper.oracle        | Oracle update error: ('execution reverted', 'no data')
2026-07-03 09:25:39,212 | ERROR    | keeper.oracle        | Oracle update error: 429 Client Error: Too Many Requests for url: https://mainnet.base.org/
2026-07-03 09:26:20,982 | ERROR    | keeper.oracle        | Oracle update error: ('execution reverted', 'no data')
2026-07-03 09:26:40,553 | ERROR    | keeper.oracle        | Oracle update error: ('execution reverted', 'no data')
2026-07-03 09:27:21,848 | ERROR    | keeper.oracle        | Oracle update error: ('execution reverted', 'no data')
2026-07-03 09:27:41,249 | ERROR    | keeper.oracle        | Oracle update error: ('execution reverted', 'no data')
2026-07-03 09:28:30,794 | ERROR    | keeper.oracle        | Oracle update error: ('execution reverted', 'no data')
2026-07-03 09:28:41,970 | ERROR    | keeper.oracle        | Oracle update error: ('execution reverted', 'no data')
2026-07-03 09:29:31,537 | ERROR    | keeper.oracle        | Oracle update error: ('execution reverted', 'no data')
2026-07-03 09:29:42,673 | ERROR    | keeper.oracle        | Oracle update error: ('execution reverted', 'no data')
2026-07-03 09:30:39,111 | ERROR    | keeper.oracle        | Oracle update error: 429 Client Error: Too Many Requests for url: https://mainnet.base.org/
2026-07-03 09:30:51,410 | ERROR    | keeper.oracle        | Oracle update error: ('execution reverted', 'no data')
2026-07-03 09:31:41,624 | ERROR    | keeper.oracle        | Oracle update error: ('execution reverted', 'no data')
2026-07-03 09:31:53,619 | ERROR    | keeper.oracle        | Oracle update error: ('execution reverted', 'no data')
2026-07-03 09:32:50,382 | ERROR    | keeper.oracle        | Oracle update error: ('execution reverted', 'no data')
2026-07-03 09:32:59,791 | ERROR    | keeper.oracle        | Oracle update error: 429 Client Error: Too Many Requests for url: https://mainnet.base.org/
2026-07-03 09:33:51,088 | ERROR    | keeper.oracle        | Oracle update error: ('execution reverted', 'no data')
2026-07-03 09:34:05,385 | ERROR    | keeper.oracle        | Oracle update error: 429 Client Error: Too Many Requests for url: https://mainnet.base.org/
2026-07-03 09:34:51,796 | ERROR    | keeper.oracle        | Oracle update error: ('execution reverted', 'no data')
2026-07-03 09:35:12,014 | ERROR    | keeper.oracle        | Oracle update error: ('execution reverted', 'no data')
2026-07-03 09:35:57,279 | ERROR    | keeper.oracle        | Oracle update error: 429 Client Error: Too Many Requests for url: https://mainnet.base.org/
2026-07-03 09:36:18,991 | ERROR    | keeper.oracle        | Oracle update error: 429 Client Error: Too Many Requests for url: https://mainnet.base.org/
2026-07-03 09:37:02,112 | ERROR    | keeper.oracle        | Oracle update error: ('execution reverted', 'no data')
2026-07-03 09:37:21,296 | ERROR    | keeper.oracle        | Oracle update error: ('execution reverted', 'no data')
2026-07-03 09:38:08,765 | ERROR    | keeper.oracle        | Oracle update error: 429 Client Error: Too Many Requests for url: https://mainnet.base.org/
2026-07-03 09:38:22,024 | ERROR    | keeper.oracle        | Oracle update error: ('execution reverted', 'no data')
2026-07-03 09:39:11,110 | ERROR    | keeper.oracle        | Oracle update error: ('execution reverted', 'no data')
2026-07-03 09:39:31,874 | ERROR    | keeper.oracle        | Oracle update error: ('execution reverted', 'no data')
2026-07-03 09:40:15,954 | ERROR    | keeper.oracle        | Oracle update error: 429 Client Error: Too Many Requests for url: https://mainnet.base.org/
2026-07-03 09:40:32,572 | ERROR    | keeper.oracle        | Oracle update error: ('execution reverted', 'no data')
2026-07-03 09:41:19,962 | ERROR    | keeper.oracle        | Oracle update error: 429 Client Error: Too Many Requests for url: https://mainnet.base.org/
2026-07-03 09:41:33,280 | ERROR    | keeper.oracle        | Oracle update error: ('execution reverted', 'no data')
2026-07-03 09:42:21,543 | ERROR    | keeper.oracle        | Oracle update error: ('execution reverted', 'no data')
2026-07-03 09:42:41,869 | ERROR    | keeper.oracle        | Oracle update error: ('execution reverted', 'no data')
2026-07-03 09:43:30,647 | ERROR    | keeper.oracle        | Oracle update error: ('execution reverted', 'no data')
2026-07-03 09:43:42,601 | ERROR    | keeper.oracle        | Oracle update error: ('execution reverted', 'no data')
2026-07-03 09:44:40,974 | ERROR    | keeper.oracle        | Oracle update error: ('execution reverted', 'no data')
2026-07-03 09:44:43,309 | ERROR    | keeper.oracle        | Oracle update error: ('execution reverted', 'no data')
2026-07-03 09:45:41,686 | ERROR    | keeper.oracle        | Oracle update error: ('execution reverted', 'no data')
2026-07-03 09:45:44,027 | ERROR    | keeper.oracle        | Oracle update error: ('execution reverted', 'no data')
2026-07-03 09:46:47,407 | ERROR    | keeper.oracle        | Oracle update error: 429 Client Error: Too Many Requests for url: https://mainnet.base.org/
2026-07-03 09:46:49,018 | ERROR    | keeper.oracle        | Oracle update error: 429 Client Error: Too Many Requests for url: https://mainnet.base.org/
2026-07-03 09:47:50,634 | ERROR    | keeper.oracle        | Oracle update error: ('execution reverted', 'no data')
2026-07-03 09:47:52,200 | ERROR    | keeper.oracle        | Oracle update error: ('execution reverted', 'no data')
2026-07-03 09:48:51,987 | ERROR    | keeper.oracle        | Oracle update error: ('execution reverted', 'no data')
2026-07-03 09:48:58,495 | ERROR    | keeper.oracle        | Oracle update error: 429 Client Error: Too Many Requests for url: https://mainnet.base.org/
2026-07-03 09:49:52,712 | ERROR    | keeper.oracle        | Oracle update error: ('execution reverted', 'no data')
2026-07-03 09:50:05,789 | ERROR    | keeper.oracle        | Oracle update error: 429 Client Error: Too Many Requests for url: https://mainnet.base.org/
2026-07-03 09:50:56,054 | ERROR    | keeper.oracle        | Oracle update error: 429 Client Error: Too Many Requests for url: https://mainnet.base.org/
2026-07-03 09:51:06,533 | ERROR    | keeper.oracle        | Oracle update error: ('execution reverted', 'no data')
2026-07-03 09:51:59,421 | ERROR    | keeper.oracle        | Oracle update error: 429 Client Error: Too Many Requests for url: https://mainnet.base.org/
2026-07-03 09:52:07,256 | ERROR    | keeper.oracle        | Oracle update error: ('execution reverted', 'no data')
2026-07-03 09:53:00,577 | ERROR    | keeper.oracle        | Oracle update error: ('execution reverted', 'no data')
2026-07-03 09:53:11,137 | ERROR    | keeper.oracle        | Oracle update error: ('execution reverted', 'no data')
2026-07-03 09:54:01,350 | ERROR    | keeper.oracle        | Oracle update error: ('execution reverted', 'no data')
2026-07-03 09:54:13,347 | ERROR    | keeper.oracle        | Oracle update error: ('execution reverted', 'no data')
2026-07-03 09:55:08,838 | ERROR    | keeper.oracle        | Oracle update error: 429 Client Error: Too Many Requests for url: https://mainnet.base.org/
2026-07-03 09:55:14,063 | ERROR    | keeper.oracle        | Oracle update error: ('execution reverted', 'no data')
2026-07-03 09:56:11,281 | ERROR    | keeper.oracle        | Oracle update error: ('execution reverted', 'no data')
2026-07-03 09:56:20,404 | ERROR    | keeper.oracle        | Oracle update error: ('execution reverted', 'no data')
2026-07-03 09:57:15,656 | ERROR    | keeper.oracle        | Oracle update error: 429 Client Error: Too Many Requests for url: https://mainnet.base.org/
2026-07-03 09:57:29,392 | ERROR    | keeper.oracle        | Oracle update error: 429 Client Error: Too Many Requests for url: https://mainnet.base.org/
2026-07-03 09:58:25,193 | ERROR    | keeper.oracle        | Oracle update error: 429 Client Error: Too Many Requests for url: https://mainnet.base.org/
2026-07-03 09:58:32,969 | ERROR    | keeper.oracle        | Oracle update error: ('execution reverted', 'no data')
2026-07-03 09:59:31,952 | ERROR    | keeper.oracle        | Oracle update error: ('execution reverted', 'no data')
2026-07-03 09:59:41,490 | ERROR    | keeper.oracle        | Oracle update error: ('execution reverted', 'no data')
2026-07-03 10:00:39,533 | ERROR    | keeper.oracle        | Oracle update error: 429 Client Error: Too Many Requests for url: https://mainnet.base.org/
2026-07-03 10:00:47,287 | ERROR    | keeper.oracle        | Oracle update error: 429 Client Error: Too Many Requests for url: https://mainnet.base.org/
2026-07-03 10:01:45,089 | ERROR    | keeper.oracle        | Oracle update error: 429 Client Error: Too Many Requests for url: https://mainnet.base.org/
2026-07-03 10:01:55,396 | ERROR    | keeper.oracle        | Oracle update error: 429 Client Error: Too Many Requests for url: https://mainnet.base.org/
2026-07-03 10:02:50,421 | ERROR    | keeper.oracle        | Oracle update error: ('execution reverted', 'no data')
2026-07-03 10:02:58,694 | ERROR    | keeper.oracle        | Oracle update error: 429 Client Error: Too Many Requests for url: https://mainnet.base.org/
2026-07-03 10:04:01,102 | ERROR    | keeper.oracle        | Oracle update error: ('execution reverted', 'no data')
2026-07-03 10:04:15,013 | ERROR    | keeper.oracle        | Oracle update error: 429 Client Error: Too Many Requests for url: https://mainnet.base.org/
2026-07-03 10:05:02,404 | ERROR    | keeper.oracle        | Oracle update error: ('execution reverted', 'no data')
2026-07-03 10:05:18,348 | ERROR    | keeper.oracle        | Oracle update error: 429 Client Error: Too Many Requests for url: https://mainnet.base.org/
2026-07-03 10:06:05,831 | ERROR    | keeper.oracle        | Oracle update error: 429 Client Error: Too Many Requests for url: https://mainnet.base.org/
2026-07-03 10:06:41,401 | ERROR    | keeper.oracle        | Oracle update error: ('execution reverted', 'no data')
2026-07-03 10:07:11,810 | ERROR    | keeper.oracle        | Oracle update error: ('execution reverted', 'no data')
2026-07-03 10:07:42,266 | ERROR    | keeper.oracle        | Oracle update error: ('execution reverted', 'no data')
2026-07-03 10:08:23,587 | ERROR    | keeper.oracle        | Oracle update error: ('execution reverted', 'no data')
2026-07-03 10:08:48,321 | ERROR    | keeper.oracle        | Oracle update error: 429 Client Error: Too Many Requests for url: https://mainnet.base.org/
2026-07-03 10:09:26,972 | ERROR    | keeper.oracle        | Oracle update error: 429 Client Error: Too Many Requests for url: https://mainnet.base.org/
2026-07-03 10:09:58,047 | ERROR    | keeper.oracle        | Oracle update error: 429 Client Error: Too Many Requests for url: https://mainnet.base.org/
2026-07-03 10:10:30,386 | ERROR    | keeper.oracle        | Oracle update error: ('execution reverted', 'no data')
2026-07-03 10:11:00,382 | ERROR    | keeper.oracle        | Oracle update error: ('execution reverted', 'no data')
2026-07-03 10:11:37,759 | ERROR    | keeper.oracle        | Oracle update error: 429 Client Error: Too Many Requests for url: https://mainnet.base.org/
2026-07-03 10:12:02,049 | ERROR    | keeper.oracle        | Oracle update error: ('execution reverted', 'no data')
2026-07-03 10:12:41,543 | ERROR    | keeper.oracle        | Oracle update error: ('execution reverted', 'no data')
2026-07-03 10:13:02,822 | ERROR    | keeper.oracle        | Oracle update error: ('execution reverted', 'no data')
2026-07-03 10:13:49,267 | ERROR    | keeper.oracle        | Oracle update error: 429 Client Error: Too Many Requests for url: https://mainnet.base.org/
2026-07-03 10:14:09,071 | ERROR    | keeper.oracle        | Oracle update error: 429 Client Error: Too Many Requests for url: https://mainnet.base.org/
2026-07-03 10:14:52,174 | ERROR    | keeper.oracle        | Oracle update error: ('execution reverted', 'no data')
2026-07-03 10:15:10,835 | ERROR    | keeper.oracle        | Oracle update error: ('execution reverted', 'no data')
2026-07-03 10:15:53,365 | ERROR    | keeper.oracle        | Oracle update error: ('execution reverted', 'no data')
2026-07-03 10:16:26,092 | ERROR    | keeper.oracle        | Oracle update error: 429 Client Error: Too Many Requests for url: https://mainnet.base.org/
2026-07-03 10:17:01,826 | ERROR    | keeper.oracle        | Oracle update error: ('execution reverted', 'no data')
2026-07-03 10:17:29,387 | ERROR    | keeper.oracle        | Oracle update error: 429 Client Error: Too Many Requests for url: https://mainnet.base.org/
2026-07-03 10:18:02,585 | ERROR    | keeper.oracle        | Oracle update error: ('execution reverted', 'no data')
2026-07-03 10:18:30,489 | ERROR    | keeper.oracle        | Oracle update error: ('execution reverted', 'no data')
2026-07-03 10:19:03,528 | ERROR    | keeper.oracle        | Oracle update error: ('execution reverted', 'no data')
2026-07-03 10:19:31,225 | ERROR    | keeper.oracle        | Oracle update error: ('execution reverted', 'no data')
2026-07-03 10:20:11,627 | ERROR    | keeper.oracle        | Oracle update error: ('execution reverted', 'no data')
2026-07-03 10:20:31,934 | ERROR    | keeper.oracle        | Oracle update error: ('execution reverted', 'no data')
2026-07-03 10:21:16,327 | ERROR    | keeper.oracle        | Oracle update error: 429 Client Error: Too Many Requests for url: https://mainnet.base.org/
2026-07-03 10:21:32,715 | ERROR    | keeper.oracle        | Oracle update error: ('execution reverted', 'no data')
2026-07-03 10:22:24,898 | ERROR    | keeper.oracle        | Oracle update error: 429 Client Error: Too Many Requests for url: https://mainnet.base.org/
2026-07-03 10:22:33,421 | ERROR    | keeper.oracle        | Oracle update error: ('execution reverted', 'no data')
2026-07-03 10:23:31,292 | ERROR    | keeper.oracle        | Oracle update error: ('execution reverted', 'no data')
2026-07-03 10:23:39,553 | ERROR    | keeper.oracle        | Oracle update error: 429 Client Error: Too Many Requests for url: https://mainnet.base.org/
2026-07-03 10:24:36,160 | ERROR    | keeper.oracle        | Oracle update error: 429 Client Error: Too Many Requests for url: https://mainnet.base.org/
2026-07-03 10:24:46,980 | ERROR    | keeper.oracle        | Oracle update error: 429 Client Error: Too Many Requests for url: https://mainnet.base.org/
2026-07-03 10:25:39,527 | ERROR    | keeper.oracle        | Oracle update error: 429 Client Error: Too Many Requests for url: https://mainnet.base.org/
2026-07-03 10:25:51,035 | ERROR    | keeper.oracle        | Oracle update error: ('execution reverted', 'no data')
2026-07-03 10:26:42,395 | ERROR    | keeper.oracle        | Oracle update error: ('execution reverted', 'no data')
2026-07-03 10:26:52,912 | ERROR    | keeper.oracle        | Oracle update error: ('execution reverted', 'no data')
2026-07-03 10:27:45,984 | ERROR    | keeper.oracle        | Oracle update error: 429 Client Error: Too Many Requests for url: https://mainnet.base.org/
2026-07-03 10:28:00,972 | ERROR    | keeper.oracle        | Oracle update error: ('execution reverted', 'no data')
2026-07-03 10:28:49,271 | ERROR    | keeper.oracle        | Oracle update error: 429 Client Error: Too Many Requests for url: https://mainnet.base.org/
2026-07-03 10:29:06,412 | ERROR    | keeper.oracle        | Oracle update error: 429 Client Error: Too Many Requests for url: https://mainnet.base.org/
2026-07-03 10:29:52,237 | ERROR    | keeper.oracle        | Oracle update error: ('execution reverted', 'no data')
2026-07-03 10:30:09,820 | ERROR    | keeper.oracle        | Oracle update error: 429 Client Error: Too Many Requests for url: https://mainnet.base.org/
2026-07-03 10:30:55,624 | ERROR    | keeper.oracle        | Oracle update error: 429 Client Error: Too Many Requests for url: https://mainnet.base.org/
2026-07-03 10:31:12,453 | ERROR    | keeper.oracle        | Oracle update error: ('execution reverted', 'no data')
2026-07-03 10:32:01,868 | ERROR    | keeper.oracle        | Oracle update error: ('execution reverted', 'no data')
2026-07-03 10:32:13,259 | ERROR    | keeper.oracle        | Oracle update error: ('execution reverted', 'no data')
2026-07-03 10:33:08,607 | ERROR    | keeper.oracle        | Oracle update error: 429 Client Error: Too Many Requests for url: https://mainnet.base.org/
2026-07-03 10:33:18,728 | ERROR    | keeper.oracle        | Oracle update error: 429 Client Error: Too Many Requests for url: https://mainnet.base.org/
2026-07-03 10:34:10,723 | ERROR    | keeper.oracle        | Oracle update error: ('execution reverted', 'no data')
2026-07-03 10:34:22,036 | ERROR    | keeper.oracle        | Oracle update error: ('execution reverted', 'no data')
2026-07-03 10:35:11,446 | ERROR    | keeper.oracle        | Oracle update error: ('execution reverted', 'no data')
2026-07-03 10:35:30,427 | ERROR    | keeper.oracle        | Oracle update error: ('execution reverted', 'no data')
2026-07-03 10:36:12,155 | ERROR    | keeper.oracle        | Oracle update error: ('execution reverted', 'no data')
2026-07-03 10:36:36,130 | ERROR    | keeper.oracle        | Oracle update error: 429 Client Error: Too Many Requests for url: https://mainnet.base.org/
2026-07-03 10:37:16,676 | ERROR    | keeper.oracle        | Oracle update error: 429 Client Error: Too Many Requests for url: https://mainnet.base.org/
2026-07-03 10:37:42,149 | ERROR    | keeper.oracle        | Oracle update error: ('execution reverted', 'no data')
2026-07-03 10:38:22,094 | ERROR    | keeper.oracle        | Oracle update error: ('execution reverted', 'no data')
2026-07-03 10:38:44,647 | ERROR    | keeper.oracle        | Oracle update error: ('execution reverted', 'no data')
2026-07-03 10:39:28,631 | ERROR    | keeper.oracle        | Oracle update error: 429 Client Error: Too Many Requests for url: https://mainnet.base.org/
2026-07-03 10:39:50,674 | ERROR    | keeper.oracle        | Oracle update error: ('execution reverted', 'no data')
2026-07-03 10:40:30,922 | ERROR    | keeper.oracle        | Oracle update error: ('execution reverted', 'no data')
2026-07-03 10:40:55,216 | ERROR    | keeper.oracle        | Oracle update error: 429 Client Error: Too Many Requests for url: https://mainnet.base.org/
2026-07-03 10:41:31,661 | ERROR    | keeper.oracle        | Oracle update error: ('execution reverted', 'no data')
2026-07-03 10:41:58,521 | ERROR    | keeper.oracle        | Oracle update error: 429 Client Error: Too Many Requests for url: https://mainnet.base.org/
2026-07-03 10:42:32,750 | ERROR    | keeper.oracle        | Oracle update error: ('execution reverted', 'no data')
2026-07-03 10:43:15,473 | ERROR    | keeper.oracle        | Oracle update error: 429 Client Error: Too Many Requests for url: https://mainnet.base.org/
2026-07-03 10:43:36,077 | ERROR    | keeper.oracle        | Oracle update error: 429 Client Error: Too Many Requests for url: https://mainnet.base.org/
2026-07-03 10:44:18,753 | ERROR    | keeper.oracle        | Oracle update error: 429 Client Error: Too Many Requests for url: https://mainnet.base.org/
2026-07-03 10:44:39,345 | ERROR    | keeper.oracle        | Oracle update error: 429 Client Error: Too Many Requests for url: https://mainnet.base.org/
2026-07-03 10:45:21,232 | ERROR    | keeper.oracle        | Oracle update error: ('execution reverted', 'no data')
2026-07-03 10:45:41,205 | ERROR    | keeper.oracle        | Oracle update error: ('execution reverted', 'no data')
2026-07-03 10:46:25,793 | ERROR    | keeper.oracle        | Oracle update error: ('execution reverted', 'no data')
2026-07-03 10:46:41,913 | ERROR    | keeper.oracle        | Oracle update error: ('execution reverted', 'no data')
2026-07-03 10:47:26,500 | ERROR    | keeper.oracle        | Oracle update error: ('execution reverted', 'no data')
2026-07-03 10:47:46,290 | ERROR    | keeper.oracle        | Oracle update error: 429 Client Error: Too Many Requests for url: https://mainnet.base.org/
2026-07-03 10:48:29,827 | ERROR    | keeper.oracle        | Oracle update error: 429 Client Error: Too Many Requests for url: https://mainnet.base.org/
2026-07-03 10:48:49,577 | ERROR    | keeper.oracle        | Oracle update error: 429 Client Error: Too Many Requests for url: https://mainnet.base.org/
2026-07-03 10:49:33,013 | ERROR    | keeper.oracle        | Oracle update error: ('execution reverted', 'no data')
2026-07-03 10:49:50,636 | ERROR    | keeper.oracle        | Oracle update error: ('execution reverted', 'no data')
2026-07-03 10:50:36,397 | ERROR    | keeper.oracle        | Oracle update error: 429 Client Error: Too Many Requests for url: https://mainnet.base.org/
2026-07-03 10:50:51,672 | ERROR    | keeper.oracle        | Oracle update error: ('execution reverted', 'no data')
2026-07-03 10:51:41,220 | ERROR    | keeper.oracle        | Oracle update error: ('execution reverted', 'no data')
2026-07-03 10:52:00,513 | ERROR    | keeper.oracle        | Oracle update error: ('execution reverted', 'no data')
2026-07-03 10:52:50,891 | ERROR    | keeper.oracle        | Oracle update error: ('execution reverted', 'no data')
2026-07-03 10:53:02,134 | ERROR    | keeper.oracle        | Oracle update error: ('execution reverted', 'no data')
2026-07-03 10:53:55,104 | ERROR    | keeper.oracle        | Oracle update error: 429 Client Error: Too Many Requests for url: https://mainnet.base.org/
2026-07-03 10:54:10,627 | ERROR    | keeper.oracle        | Oracle update error: ('execution reverted', 'no data')
2026-07-03 10:54:58,395 | ERROR    | keeper.oracle        | Oracle update error: 429 Client Error: Too Many Requests for url: https://mainnet.base.org/
2026-07-03 10:55:11,559 | ERROR    | keeper.oracle        | Oracle update error: ('execution reverted', 'no data')
2026-07-03 10:56:00,693 | ERROR    | keeper.oracle        | Oracle update error: ('execution reverted', 'no data')
2026-07-03 10:56:18,258 | ERROR    | keeper.oracle        | Oracle update error: 429 Client Error: Too Many Requests for url: https://mainnet.base.org/
2026-07-03 10:57:01,448 | ERROR    | keeper.oracle        | Oracle update error: ('execution reverted', 'no data')
2026-07-03 10:57:25,069 | ERROR    | keeper.oracle        | Oracle update error: 429 Client Error: Too Many Requests for url: https://mainnet.base.org/
2026-07-03 10:58:02,194 | ERROR    | keeper.oracle        | Oracle update error: ('execution reverted', 'no data')
2026-07-03 10:58:28,779 | ERROR    | keeper.oracle        | Oracle update error: 429 Client Error: Too Many Requests for url: https://mainnet.base.org/
2026-07-03 10:59:02,913 | ERROR    | keeper.oracle        | Oracle update error: ('execution reverted', 'no data')
2026-07-03 10:59:30,419 | ERROR    | keeper.oracle        | Oracle update error: ('execution reverted', 'no data')
2026-07-03 11:00:07,051 | ERROR    | keeper.oracle        | Oracle update error: 429 Client Error: Too Many Requests for url: https://mainnet.base.org/
2026-07-03 11:00:36,049 | ERROR    | keeper.oracle        | Oracle update error: 429 Client Error: Too Many Requests for url: https://mainnet.base.org/
2026-07-03 11:01:11,092 | ERROR    | keeper.oracle        | Oracle update error: ('execution reverted', 'no data')
2026-07-03 11:01:39,606 | ERROR    | keeper.oracle        | Oracle update error: 429 Client Error: Too Many Requests for url: https://mainnet.base.org/
2026-07-03 11:02:11,858 | ERROR    | keeper.oracle        | Oracle update error: ('execution reverted', 'no data')
2026-07-03 11:02:41,010 | ERROR    | keeper.oracle        | Oracle update error: ('execution reverted', 'no data')
2026-07-03 11:03:12,592 | ERROR    | keeper.oracle        | Oracle update error: ('execution reverted', 'no data')
2026-07-03 11:03:45,971 | ERROR    | keeper.oracle        | Oracle update error: 429 Client Error: Too Many Requests for url: https://mainnet.base.org/
2026-07-03 11:04:20,495 | ERROR    | keeper.oracle        | Oracle update error: ('execution reverted', 'no data')
2026-07-03 11:04:50,729 | ERROR    | keeper.oracle        | Oracle update error: ('execution reverted', 'no data')
2026-07-03 11:05:29,262 | ERROR    | keeper.oracle        | Oracle update error: 429 Client Error: Too Many Requests for url: https://mainnet.base.org/
2026-07-03 11:05:51,484 | ERROR    | keeper.oracle        | Oracle update error: ('execution reverted', 'no data')
2026-07-03 11:06:30,363 | ERROR    | keeper.oracle        | Oracle update error: ('execution reverted', 'no data')
2026-07-03 11:06:56,090 | ERROR    | keeper.oracle        | Oracle update error: 429 Client Error: Too Many Requests for url: https://mainnet.base.org/
2026-07-03 11:07:35,277 | ERROR    | keeper.oracle        | Oracle update error: 429 Client Error: Too Many Requests for url: https://mainnet.base.org/
2026-07-03 11:07:59,425 | ERROR    | keeper.oracle        | Oracle update error: 429 Client Error: Too Many Requests for url: https://mainnet.base.org/
2026-07-03 11:08:40,556 | ERROR    | keeper.oracle        | Oracle update error: ('execution reverted', 'no data')
2026-07-03 11:09:00,591 | ERROR    | keeper.oracle        | Oracle update error: ('execution reverted', 'no data')
2026-07-03 11:09:45,011 | ERROR    | keeper.oracle        | Oracle update error: 429 Client Error: Too Many Requests for url: https://mainnet.base.org/
2026-07-03 11:10:01,760 | ERROR    | keeper.oracle        | Oracle update error: ('execution reverted', 'no data')
2026-07-03 11:10:52,227 | ERROR    | keeper.oracle        | Oracle update error: ('execution reverted', 'no data')
2026-07-03 11:11:02,503 | ERROR    | keeper.oracle        | Oracle update error: ('execution reverted', 'no data')
2026-07-03 11:12:01,240 | ERROR    | keeper.oracle        | Oracle update error: ('execution reverted', 'no data')
2026-07-03 11:12:12,548 | ERROR    | keeper.oracle        | Oracle update error: ('execution reverted', 'no data')
2026-07-03 11:13:02,960 | ERROR    | keeper.oracle        | Oracle update error: ('execution reverted', 'no data')
2026-07-03 11:13:20,540 | ERROR    | keeper.oracle        | Oracle update error: ('execution reverted', 'no data')
2026-07-03 11:14:11,995 | ERROR    | keeper.oracle        | Oracle update error: ('execution reverted', 'no data')
2026-07-03 11:14:23,784 | ERROR    | keeper.oracle        | Oracle update error: ('execution reverted', 'no data')
2026-07-03 11:15:12,695 | ERROR    | keeper.oracle        | Oracle update error: ('execution reverted', 'no data')
2026-07-03 11:15:34,902 | ERROR    | keeper.oracle        | Oracle update error: 429 Client Error: Too Many Requests for url: https://mainnet.base.org/
2026-07-03 11:16:21,336 | ERROR    | keeper.oracle        | Oracle update error: ('execution reverted', 'no data')
2026-07-03 11:16:39,023 | ERROR    | keeper.oracle        | Oracle update error: 429 Client Error: Too Many Requests for url: https://mainnet.base.org/
2026-07-03 11:17:29,349 | ERROR    | keeper.oracle        | Oracle update error: ('execution reverted', 'no data')
2026-07-03 11:17:42,051 | ERROR    | keeper.oracle        | Oracle update error: ('execution reverted', 'no data')
2026-07-03 11:18:30,571 | ERROR    | keeper.oracle        | Oracle update error: ('execution reverted', 'no data')
2026-07-03 11:18:50,367 | ERROR    | keeper.oracle        | Oracle update error: ('execution reverted', 'no data')
2026-07-03 11:19:40,956 | ERROR    | keeper.oracle        | Oracle update error: ('execution reverted', 'no data')
2026-07-03 11:19:51,131 | ERROR    | keeper.oracle        | Oracle update error: ('execution reverted', 'no data')
2026-07-03 11:20:41,683 | ERROR    | keeper.oracle        | Oracle update error: ('execution reverted', 'no data')
2026-07-03 11:20:51,853 | ERROR    | keeper.oracle        | Oracle update error: ('execution reverted', 'no data')
2026-07-03 11:21:51,037 | ERROR    | keeper.oracle        | Oracle update error: ('execution reverted', 'no data')
2026-07-03 11:22:00,731 | ERROR    | keeper.oracle        | Oracle update error: ('execution reverted', 'no data')
2026-07-03 11:22:51,762 | ERROR    | keeper.oracle        | Oracle update error: ('execution reverted', 'no data')
2026-07-03 11:23:01,458 | ERROR    | keeper.oracle        | Oracle update error: ('execution reverted', 'no data')
2026-07-03 11:23:55,274 | ERROR    | keeper.oracle        | Oracle update error: 429 Client Error: Too Many Requests for url: https://mainnet.base.org/
2026-07-03 11:24:12,454 | ERROR    | keeper.oracle        | Oracle update error: ('execution reverted', 'no data')
2026-07-03 11:24:58,571 | ERROR    | keeper.oracle        | Oracle update error: 429 Client Error: Too Many Requests for url: https://mainnet.base.org/
2026-07-03 11:25:13,168 | ERROR    | keeper.oracle        | Oracle update error: ('execution reverted', 'no data')
2026-07-03 11:26:08,822 | ERROR    | keeper.oracle        | Oracle update error: 429 Client Error: Too Many Requests for url: https://mainnet.base.org/
2026-07-03 11:26:18,308 | ERROR    | keeper.oracle        | Oracle update error: 429 Client Error: Too Many Requests for url: https://mainnet.base.org/
2026-07-03 11:27:10,412 | ERROR    | keeper.oracle        | Oracle update error: ('execution reverted', 'no data')
2026-07-03 11:27:20,657 | ERROR    | keeper.oracle        | Oracle update error: ('execution reverted', 'no data')
2026-07-03 11:28:11,186 | ERROR    | keeper.oracle        | Oracle update error: ('execution reverted', 'no data')
2026-07-03 11:28:21,396 | ERROR    | keeper.oracle        | Oracle update error: ('execution reverted', 'no data')
2026-07-03 11:29:11,970 | ERROR    | keeper.oracle        | Oracle update error: ('execution reverted', 'no data')
2026-07-03 11:29:29,294 | ERROR    | keeper.oracle        | Oracle update error: 429 Client Error: Too Many Requests for url: https://mainnet.base.org/
2026-07-03 11:30:12,799 | ERROR    | keeper.oracle        | Oracle update error: ('execution reverted', 'no data')
2026-07-03 11:30:30,356 | ERROR    | keeper.oracle        | Oracle update error: ('execution reverted', 'no data')
2026-07-03 11:31:13,561 | ERROR    | keeper.oracle        | Oracle update error: ('execution reverted', 'no data')
2026-07-03 11:31:38,122 | ERROR    | keeper.oracle        | Oracle update error: 429 Client Error: Too Many Requests for url: https://mainnet.base.org/
2026-07-03 11:32:14,340 | ERROR    | keeper.oracle        | Oracle update error: ('execution reverted', 'no data')
2026-07-03 11:32:40,447 | ERROR    | keeper.oracle        | Oracle update error: ('execution reverted', 'no data')
2026-07-03 11:33:15,336 | ERROR    | keeper.oracle        | Oracle update error: ('execution reverted', 'no data')
2026-07-03 11:33:41,240 | ERROR    | keeper.oracle        | Oracle update error: ('execution reverted', 'no data')
2026-07-03 11:34:20,531 | ERROR    | keeper.oracle        | Oracle update error: ('execution reverted', 'no data')
2026-07-03 11:34:47,927 | ERROR    | keeper.oracle        | Oracle update error: 429 Client Error: Too Many Requests for url: https://mainnet.base.org/
2026-07-03 11:35:23,384 | ERROR    | keeper.oracle        | Oracle update error: ('execution reverted', 'no data')
2026-07-03 11:35:51,932 | ERROR    | keeper.oracle        | Oracle update error: ('execution reverted', 'no data')
2026-07-03 11:36:31,473 | ERROR    | keeper.oracle        | Oracle update error: ('execution reverted', 'no data')
2026-07-03 11:36:52,714 | ERROR    | keeper.oracle        | Oracle update error: ('execution reverted', 'no data')
2026-07-03 11:37:48,461 | ERROR    | keeper.oracle        | Oracle update error: 429 Client Error: Too Many Requests for url: https://mainnet.base.org/
2026-07-03 11:38:00,495 | ERROR    | keeper.oracle        | Oracle update error: ('execution reverted', 'no data')
2026-07-03 11:38:51,704 | ERROR    | keeper.oracle        | Oracle update error: ('execution reverted', 'no data')
2026-07-03 11:39:21,104 | ERROR    | keeper.oracle        | Oracle update error: ('execution reverted', 'no data')
2026-07-03 11:39:52,497 | ERROR    | keeper.oracle        | Oracle update error: ('execution reverted', 'no data')
2026-07-03 11:40:26,805 | ERROR    | keeper.oracle        | Oracle update error: 429 Client Error: Too Many Requests for url: https://mainnet.base.org/
2026-07-03 11:40:55,911 | ERROR    | keeper.oracle        | Oracle update error: 429 Client Error: Too Many Requests for url: https://mainnet.base.org/
2026-07-03 11:41:38,435 | ERROR    | keeper.oracle        | Oracle update error: 429 Client Error: Too Many Requests for url: https://mainnet.base.org/
2026-07-03 11:41:59,328 | ERROR    | keeper.oracle        | Oracle update error: 429 Client Error: Too Many Requests for url: https://mainnet.base.org/
2026-07-03 11:42:45,318 | ERROR    | keeper.oracle        | Oracle update error: 429 Client Error: Too Many Requests for url: https://mainnet.base.org/
2026-07-03 11:43:21,556 | ERROR    | keeper.oracle        | Oracle update error: ('execution reverted', 'no data')
2026-07-03 11:43:48,725 | ERROR    | keeper.oracle        | Oracle update error: 429 Client Error: Too Many Requests for url: https://mainnet.base.org/
2026-07-03 11:44:22,301 | ERROR    | keeper.oracle        | Oracle update error: ('execution reverted', 'no data')
2026-07-03 11:44:50,434 | ERROR    | keeper.oracle        | Oracle update error: ('execution reverted', 'no data')
2026-07-03 11:45:23,453 | ERROR    | keeper.oracle        | Oracle update error: ('execution reverted', 'no data')
2026-07-03 11:45:51,335 | ERROR    | keeper.oracle        | Oracle update error: ('execution reverted', 'no data')
2026-07-03 11:46:33,151 | ERROR    | keeper.oracle        | Oracle update error: ('execution reverted', 'no data')
2026-07-03 11:46:55,168 | ERROR    | keeper.oracle        | Oracle update error: 429 Client Error: Too Many Requests for url: https://mainnet.base.org/
2026-07-03 11:47:36,882 | ERROR    | keeper.oracle        | Oracle update error: 429 Client Error: Too Many Requests for url: https://mainnet.base.org/
2026-07-03 11:48:01,253 | ERROR    | keeper.oracle        | Oracle update error: ('execution reverted', 'no data')
2026-07-03 11:48:40,463 | ERROR    | keeper.oracle        | Oracle update error: ('execution reverted', 'no data')
2026-07-03 11:49:02,161 | ERROR    | keeper.oracle        | Oracle update error: ('execution reverted', 'no data')
2026-07-03 11:49:42,648 | ERROR    | keeper.oracle        | Oracle update error: ('execution reverted', 'no data')
2026-07-03 11:50:05,638 | ERROR    | keeper.oracle        | Oracle update error: 429 Client Error: Too Many Requests for url: https://mainnet.base.org/
2026-07-03 11:50:50,044 | ERROR    | keeper.oracle        | Oracle update error: 429 Client Error: Too Many Requests for url: https://mainnet.base.org/
2026-07-03 11:51:09,025 | ERROR    | keeper.oracle        | Oracle update error: 429 Client Error: Too Many Requests for url: https://mainnet.base.org/
2026-07-03 11:51:52,154 | ERROR    | keeper.oracle        | Oracle update error: ('execution reverted', 'no data')
2026-07-03 11:52:11,729 | ERROR    | keeper.oracle        | Oracle update error: ('execution reverted', 'no data')
2026-07-03 11:52:57,654 | ERROR    | keeper.oracle        | Oracle update error: 429 Client Error: Too Many Requests for url: https://mainnet.base.org/
2026-07-03 11:53:19,407 | ERROR    | keeper.oracle        | Oracle update error: 429 Client Error: Too Many Requests for url: https://mainnet.base.org/
2026-07-03 11:54:01,947 | ERROR    | keeper.oracle        | Oracle update error: ('execution reverted', 'no data')
2026-07-03 11:54:28,611 | ERROR    | keeper.oracle        | Oracle update error: 429 Client Error: Too Many Requests for url: https://mainnet.base.org/
2026-07-03 11:55:10,416 | ERROR    | keeper.oracle        | Oracle update error: ('execution reverted', 'no data')
2026-07-03 11:55:30,363 | ERROR    | keeper.oracle        | Oracle update error: ('execution reverted', 'no data')
2026-07-03 11:56:11,215 | ERROR    | keeper.oracle        | Oracle update error: ('execution reverted', 'no data')
2026-07-03 11:56:31,104 | ERROR    | keeper.oracle        | Oracle update error: ('execution reverted', 'no data')
2026-07-03 11:57:13,652 | ERROR    | keeper.oracle        | Oracle update error: ('execution reverted', 'no data')
2026-07-03 11:57:31,838 | ERROR    | keeper.oracle        | Oracle update error: ('execution reverted', 'no data')
2026-07-03 11:58:14,576 | ERROR    | keeper.oracle        | Oracle update error: ('execution reverted', 'no data')
2026-07-03 11:58:35,519 | ERROR    | keeper.oracle        | Oracle update error: 429 Client Error: Too Many Requests for url: https://mainnet.base.org/
2026-07-03 11:59:17,969 | ERROR    | keeper.oracle        | Oracle update error: 429 Client Error: Too Many Requests for url: https://mainnet.base.org/
2026-07-03 11:59:39,030 | ERROR    | keeper.oracle        | Oracle update error: 429 Client Error: Too Many Requests for url: https://mainnet.base.org/
2026-07-03 12:00:23,541 | ERROR    | keeper.oracle        | Oracle update error: ('execution reverted', 'no data')
2026-07-03 12:00:40,691 | ERROR    | keeper.oracle        | Oracle update error: ('execution reverted', 'no data')
2026-07-03 12:01:27,017 | ERROR    | keeper.oracle        | Oracle update error: 429 Client Error: Too Many Requests for url: https://mainnet.base.org/
2026-07-03 12:01:41,469 | ERROR    | keeper.oracle        | Oracle update error: ('execution reverted', 'no data')
2026-07-03 12:02:34,827 | ERROR    | keeper.oracle        | Oracle update error: 429 Client Error: Too Many Requests for url: https://mainnet.base.org/
2026-07-03 12:02:49,548 | ERROR    | keeper.oracle        | Oracle update error: 429 Client Error: Too Many Requests for url: https://mainnet.base.org/
2026-07-03 12:03:38,432 | ERROR    | keeper.oracle        | Oracle update error: 429 Client Error: Too Many Requests for url: https://mainnet.base.org/
2026-07-03 12:04:05,013 | ERROR    | keeper.oracle        | Oracle update error: 429 Client Error: Too Many Requests for url: https://mainnet.base.org/
2026-07-03 12:04:40,829 | ERROR    | keeper.oracle        | Oracle update error: ('execution reverted', 'no data')
2026-07-03 12:05:10,999 | ERROR    | keeper.oracle        | Oracle update error: ('execution reverted', 'no data')
2026-07-03 12:05:46,720 | ERROR    | keeper.oracle        | Oracle update error: 429 Client Error: Too Many Requests for url: https://mainnet.base.org/
2026-07-03 12:06:14,971 | ERROR    | keeper.oracle        | Oracle update error: 429 Client Error: Too Many Requests for url: https://mainnet.base.org/
2026-07-03 12:06:51,831 | ERROR    | keeper.oracle        | Oracle update error: ('execution reverted', 'no data')
2026-07-03 12:07:20,644 | ERROR    | keeper.oracle        | Oracle update error: ('execution reverted', 'no data')
2026-07-03 12:07:52,685 | ERROR    | keeper.oracle        | Oracle update error: ('execution reverted', 'no data')
2026-07-03 12:08:32,237 | ERROR    | keeper.oracle        | Oracle update error: ('execution reverted', 'no data')
2026-07-03 12:09:01,778 | ERROR    | keeper.oracle        | Oracle update error: ('execution reverted', 'no data')
2026-07-03 12:09:32,947 | ERROR    | keeper.oracle        | Oracle update error: ('execution reverted', 'no data')
2026-07-03 12:10:10,491 | ERROR    | keeper.oracle        | Oracle update error: ('execution reverted', 'no data')
2026-07-03 12:10:42,066 | ERROR    | keeper.oracle        | Oracle update error: ('execution reverted', 'no data')
2026-07-03 12:11:18,052 | ERROR    | keeper.oracle        | Oracle update error: 429 Client Error: Too Many Requests for url: https://mainnet.base.org/
2026-07-03 12:11:45,460 | ERROR    | keeper.oracle        | Oracle update error: 429 Client Error: Too Many Requests for url: https://mainnet.base.org/
2026-07-03 12:12:20,410 | ERROR    | keeper.oracle        | Oracle update error: ('execution reverted', 'no data')
2026-07-03 12:12:48,948 | ERROR    | keeper.oracle        | Oracle update error: 429 Client Error: Too Many Requests for url: https://mainnet.base.org/
2026-07-03 12:13:21,198 | ERROR    | keeper.oracle        | Oracle update error: ('execution reverted', 'no data')
2026-07-03 12:13:50,599 | ERROR    | keeper.oracle        | Oracle update error: ('execution reverted', 'no data')
2026-07-03 12:14:23,296 | ERROR    | keeper.oracle        | Oracle update error: ('execution reverted', 'no data')
2026-07-03 12:14:51,294 | ERROR    | keeper.oracle        | Oracle update error: ('execution reverted', 'no data')
2026-07-03 12:15:31,392 | ERROR    | keeper.oracle        | Oracle update error: ('execution reverted', 'no data')
2026-07-03 12:15:52,060 | ERROR    | keeper.oracle        | Oracle update error: ('execution reverted', 'no data')
2026-07-03 12:16:36,173 | ERROR    | keeper.oracle        | Oracle update error: 429 Client Error: Too Many Requests for url: https://mainnet.base.org/
2026-07-03 12:16:59,323 | ERROR    | keeper.oracle        | Oracle update error: 429 Client Error: Too Many Requests for url: https://mainnet.base.org/
2026-07-03 12:17:44,845 | ERROR    | keeper.oracle        | Oracle update error: 429 Client Error: Too Many Requests for url: https://mainnet.base.org/
2026-07-03 12:18:00,596 | ERROR    | keeper.oracle        | Oracle update error: ('execution reverted', 'no data')
2026-07-03 12:18:48,168 | ERROR    | keeper.oracle        | Oracle update error: 429 Client Error: Too Many Requests for url: https://mainnet.base.org/
2026-07-03 12:19:01,877 | ERROR    | keeper.oracle        | Oracle update error: ('execution reverted', 'no data')
2026-07-03 12:19:51,267 | ERROR    | keeper.oracle        | Oracle update error: ('execution reverted', 'no data')
2026-07-03 12:20:02,620 | ERROR    | keeper.oracle        | Oracle update error: ('execution reverted', 'no data')
2026-07-03 12:20:55,189 | ERROR    | keeper.oracle        | Oracle update error: 429 Client Error: Too Many Requests for url: https://mainnet.base.org/
2026-07-03 12:21:15,199 | ERROR    | keeper.oracle        | Oracle update error: 429 Client Error: Too Many Requests for url: https://mainnet.base.org/
2026-07-03 12:21:59,094 | ERROR    | keeper.oracle        | Oracle update error: 429 Client Error: Too Many Requests for url: https://mainnet.base.org/
2026-07-03 12:22:18,594 | ERROR    | keeper.oracle        | Oracle update error: 429 Client Error: Too Many Requests for url: https://mainnet.base.org/
2026-07-03 12:23:01,128 | ERROR    | keeper.oracle        | Oracle update error: ('execution reverted', 'no data')
2026-07-03 12:23:21,143 | ERROR    | keeper.oracle        | Oracle update error: ('execution reverted', 'no data')
2026-07-03 12:24:05,818 | ERROR    | keeper.oracle        | Oracle update error: 429 Client Error: Too Many Requests for url: https://mainnet.base.org/
2026-07-03 12:24:21,926 | ERROR    | keeper.oracle        | Oracle update error: ('execution reverted', 'no data')
2026-07-03 12:25:16,066 | ERROR    | keeper.oracle        | Oracle update error: 429 Client Error: Too Many Requests for url: https://mainnet.base.org/
2026-07-03 12:25:27,416 | ERROR    | keeper.oracle        | Oracle update error: 429 Client Error: Too Many Requests for url: https://mainnet.base.org/
2026-07-03 12:26:19,507 | ERROR    | keeper.oracle        | Oracle update error: 429 Client Error: Too Many Requests for url: https://mainnet.base.org/
2026-07-03 12:26:30,620 | ERROR    | keeper.oracle        | Oracle update error: ('execution reverted', 'no data')
2026-07-03 12:27:21,121 | ERROR    | keeper.oracle        | Oracle update error: ('execution reverted', 'no data')
2026-07-03 12:27:32,870 | ERROR    | keeper.oracle        | Oracle update error: ('execution reverted', 'no data')
2026-07-03 12:28:25,780 | ERROR    | keeper.oracle        | Oracle update error: 429 Client Error: Too Many Requests for url: https://mainnet.base.org/
2026-07-03 12:28:41,521 | ERROR    | keeper.oracle        | Oracle update error: ('execution reverted', 'no data')
2026-07-03 12:29:29,091 | ERROR    | keeper.oracle        | Oracle update error: 429 Client Error: Too Many Requests for url: https://mainnet.base.org/
2026-07-03 12:29:45,580 | ERROR    | keeper.oracle        | Oracle update error: 429 Client Error: Too Many Requests for url: https://mainnet.base.org/
2026-07-03 12:30:31,932 | ERROR    | keeper.oracle        | Oracle update error: ('execution reverted', 'no data')
2026-07-03 12:30:51,502 | ERROR    | keeper.oracle        | Oracle update error: ('execution reverted', 'no data')
2026-07-03 12:31:38,902 | ERROR    | keeper.oracle        | Oracle update error: 429 Client Error: Too Many Requests for url: https://mainnet.base.org/
2026-07-03 12:31:52,222 | ERROR    | keeper.oracle        | Oracle update error: ('execution reverted', 'no data')
2026-07-03 12:32:40,624 | ERROR    | keeper.oracle        | Oracle update error: ('execution reverted', 'no data')
2026-07-03 12:33:00,335 | ERROR    | keeper.oracle        | Oracle update error: ('execution reverted', 'no data')
2026-07-03 12:33:41,426 | ERROR    | keeper.oracle        | Oracle update error: ('execution reverted', 'no data')
2026-07-03 12:34:02,818 | ERROR    | keeper.oracle        | Oracle update error: ('execution reverted', 'no data')
2026-07-03 12:34:42,218 | ERROR    | keeper.oracle        | Oracle update error: ('execution reverted', 'no data')
2026-07-03 12:35:03,559 | ERROR    | keeper.oracle        | Oracle update error: ('execution reverted', 'no data')
2026-07-03 12:35:43,000 | ERROR    | keeper.oracle        | Oracle update error: ('execution reverted', 'no data')
2026-07-03 12:36:04,423 | ERROR    | keeper.oracle        | Oracle update error: ('execution reverted', 'no data')
2026-07-03 12:36:50,552 | ERROR    | keeper.oracle        | Oracle update error: ('execution reverted', 'no data')
2026-07-03 12:37:05,252 | ERROR    | keeper.oracle        | Oracle update error: ('execution reverted', 'no data')
2026-07-03 12:37:54,773 | ERROR    | keeper.oracle        | Oracle update error: ('execution reverted', 'no data')
2026-07-03 12:38:20,484 | ERROR    | keeper.oracle        | Oracle update error: ('execution reverted', 'no data')
2026-07-03 12:38:58,155 | ERROR    | keeper.oracle        | Oracle update error: 429 Client Error: Too Many Requests for url: https://mainnet.base.org/
2026-07-03 12:39:21,235 | ERROR    | keeper.oracle        | Oracle update error: ('execution reverted', 'no data')
2026-07-03 12:40:06,717 | ERROR    | keeper.oracle        | Oracle update error: 429 Client Error: Too Many Requests for url: https://mainnet.base.org/
2026-07-03 12:40:32,847 | ERROR    | keeper.oracle        | Oracle update error: ('execution reverted', 'no data')
2026-07-03 12:41:15,758 | ERROR    | keeper.oracle        | Oracle update error: ('execution reverted', 'no data')
2026-07-03 12:41:33,588 | ERROR    | keeper.oracle        | Oracle update error: ('execution reverted', 'no data')
2026-07-03 12:42:19,159 | ERROR    | keeper.oracle        | Oracle update error: 429 Client Error: Too Many Requests for url: https://mainnet.base.org/
2026-07-03 12:42:37,779 | ERROR    | keeper.oracle        | Oracle update error: 429 Client Error: Too Many Requests for url: https://mainnet.base.org/
2026-07-03 12:43:30,642 | ERROR    | keeper.oracle        | Oracle update error: ('execution reverted', 'no data')
2026-07-03 12:43:51,351 | ERROR    | keeper.oracle        | Oracle update error: ('execution reverted', 'no data')
2026-07-03 12:44:42,442 | ERROR    | keeper.oracle        | Oracle update error: ('execution reverted', 'no data')
2026-07-03 12:44:53,192 | ERROR    | keeper.oracle        | Oracle update error: ('execution reverted', 'no data')
2026-07-03 12:45:44,323 | ERROR    | keeper.oracle        | Oracle update error: ('execution reverted', 'no data')
2026-07-03 12:45:53,924 | ERROR    | keeper.oracle        | Oracle update error: ('execution reverted', 'no data')
2026-07-03 12:46:45,094 | ERROR    | keeper.oracle        | Oracle update error: ('execution reverted', 'no data')
2026-07-03 12:46:54,675 | ERROR    | keeper.oracle        | Oracle update error: ('execution reverted', 'no data')
2026-07-03 12:47:52,789 | ERROR    | keeper.oracle        | Oracle update error: ('execution reverted', 'no data')
2026-07-03 12:47:55,535 | ERROR    | keeper.oracle        | Oracle update error: ('execution reverted', 'no data')
2026-07-03 12:48:53,536 | ERROR    | keeper.oracle        | Oracle update error: ('execution reverted', 'no data')
2026-07-03 12:49:02,670 | ERROR    | keeper.oracle        | Oracle update error: ('execution reverted', 'no data')
2026-07-03 12:49:54,287 | ERROR    | keeper.oracle        | Oracle update error: ('execution reverted', 'no data')
2026-07-03 12:50:04,018 | ERROR    | keeper.oracle        | Oracle update error: ('execution reverted', 'no data')
2026-07-03 12:51:01,078 | ERROR    | keeper.oracle        | Oracle update error: ('execution reverted', 'no data')
2026-07-03 12:51:04,778 | ERROR    | keeper.oracle        | Oracle update error: ('execution reverted', 'no data')
2026-07-03 12:52:07,639 | ERROR    | keeper.oracle        | Oracle update error: ('execution reverted', 'no data')
2026-07-03 12:52:11,369 | ERROR    | keeper.oracle        | Oracle update error: ('execution reverted', 'no data')
2026-07-03 12:53:08,420 | ERROR    | keeper.oracle        | Oracle update error: ('execution reverted', 'no data')
2026-07-03 12:53:12,120 | ERROR    | keeper.oracle        | Oracle update error: ('execution reverted', 'no data')
2026-07-03 12:54:12,891 | ERROR    | keeper.oracle        | Oracle update error: ('execution reverted', 'no data')
2026-07-03 12:54:23,032 | ERROR    | keeper.oracle        | Oracle update error: ('execution reverted', 'no data')
2026-07-03 12:55:20,732 | ERROR    | keeper.oracle        | Oracle update error: ('execution reverted', 'no data')
2026-07-03 12:55:23,812 | ERROR    | keeper.oracle        | Oracle update error: ('execution reverted', 'no data')
2026-07-03 12:56:24,753 | ERROR    | keeper.oracle        | Oracle update error: ('execution reverted', 'no data')
2026-07-03 12:56:32,473 | ERROR    | keeper.oracle        | Oracle update error: ('execution reverted', 'no data')
2026-07-03 12:57:28,139 | ERROR    | keeper.oracle        | Oracle update error: 429 Client Error: Too Many Requests for url: https://mainnet.base.org/
2026-07-03 12:57:35,843 | ERROR    | keeper.oracle        | Oracle update error: 429 Client Error: Too Many Requests for url: https://mainnet.base.org/
2026-07-03 12:58:30,513 | ERROR    | keeper.oracle        | Oracle update error: ('execution reverted', 'no data')
2026-07-03 12:58:39,355 | ERROR    | keeper.oracle        | Oracle update error: 429 Client Error: Too Many Requests for url: https://mainnet.base.org/
2026-07-03 12:59:31,266 | ERROR    | keeper.oracle        | Oracle update error: ('execution reverted', 'no data')
2026-07-03 12:59:40,455 | ERROR    | keeper.oracle        | Oracle update error: ('execution reverted', 'no data')
2026-07-03 13:00:32,126 | ERROR    | keeper.oracle        | Oracle update error: ('execution reverted', 'no data')
2026-07-03 13:00:42,006 | ERROR    | keeper.oracle        | Oracle update error: ('execution reverted', 'no data')
2026-07-03 13:01:32,877 | ERROR    | keeper.oracle        | Oracle update error: ('execution reverted', 'no data')
2026-07-03 13:01:42,757 | ERROR    | keeper.oracle        | Oracle update error: ('execution reverted', 'no data')
2026-07-03 13:02:36,487 | ERROR    | keeper.oracle        | Oracle update error: 429 Client Error: Too Many Requests for url: https://mainnet.base.org/
2026-07-03 13:02:46,037 | ERROR    | keeper.oracle        | Oracle update error: 429 Client Error: Too Many Requests for url: https://mainnet.base.org/
2026-07-03 13:03:37,250 | ERROR    | keeper.oracle        | Oracle update error: ('execution reverted', 'no data')
2026-07-03 13:03:53,409 | ERROR    | keeper.oracle        | Oracle update error: ('execution reverted', 'no data')
2026-07-03 13:04:53,339 | ERROR    | keeper.oracle        | Oracle update error: ('execution reverted', 'no data')
2026-07-03 13:04:57,469 | ERROR    | keeper.oracle        | Oracle update error: 429 Client Error: Too Many Requests for url: https://mainnet.base.org/
2026-07-03 13:05:59,610 | ERROR    | keeper.oracle        | Oracle update error: 429 Client Error: Too Many Requests for url: https://mainnet.base.org/
2026-07-03 13:06:01,011 | ERROR    | keeper.oracle        | Oracle update error: ('execution reverted', 'no data')
2026-07-03 13:07:01,762 | ERROR    | keeper.oracle        | Oracle update error: ('execution reverted', 'no data')
2026-07-03 13:07:02,322 | ERROR    | keeper.oracle        | Oracle update error: ('execution reverted', 'no data')
2026-07-03 13:08:02,482 | ERROR    | keeper.oracle        | Oracle update error: ('execution reverted', 'no data')
2026-07-03 13:08:14,613 | ERROR    | keeper.oracle        | Oracle update error: 429 Client Error: Too Many Requests for url: https://mainnet.base.org/
2026-07-03 13:09:05,853 | ERROR    | keeper.oracle        | Oracle update error: 429 Client Error: Too Many Requests for url: https://mainnet.base.org/
2026-07-03 13:09:18,312 | ERROR    | keeper.oracle        | Oracle update error: 429 Client Error: Too Many Requests for url: https://mainnet.base.org/
2026-07-03 13:10:09,743 | ERROR    | keeper.oracle        | Oracle update error: 429 Client Error: Too Many Requests for url: https://mainnet.base.org/
2026-07-03 13:10:25,633 | ERROR    | keeper.oracle        | Oracle update error: 429 Client Error: Too Many Requests for url: https://mainnet.base.org/
2026-07-03 13:11:10,534 | ERROR    | keeper.oracle        | Oracle update error: ('execution reverted', 'no data')
2026-07-03 13:11:31,095 | ERROR    | keeper.oracle        | Oracle update error: ('execution reverted', 'no data')
2026-07-03 13:12:11,856 | ERROR    | keeper.oracle        | Oracle update error: ('execution reverted', 'no data')
2026-07-03 13:12:35,060 | ERROR    | keeper.oracle        | Oracle update error: 429 Client Error: Too Many Requests for url: https://mainnet.base.org/
2026-07-03 13:13:12,866 | ERROR    | keeper.oracle        | Oracle update error: ('execution reverted', 'no data')
2026-07-03 13:13:38,935 | ERROR    | keeper.oracle        | Oracle update error: 429 Client Error: Too Many Requests for url: https://mainnet.base.org/
2026-07-03 13:14:17,635 | ERROR    | keeper.oracle        | Oracle update error: 429 Client Error: Too Many Requests for url: https://mainnet.base.org/
2026-07-03 13:14:41,227 | ERROR    | keeper.oracle        | Oracle update error: ('execution reverted', 'no data')
2026-07-03 13:15:22,608 | ERROR    | keeper.oracle        | Oracle update error: ('execution reverted', 'no data')
2026-07-03 13:15:45,587 | ERROR    | keeper.oracle        | Oracle update error: 429 Client Error: Too Many Requests for url: https://mainnet.base.org/
2026-07-03 13:16:26,888 | ERROR    | keeper.oracle        | Oracle update error: 429 Client Error: Too Many Requests for url: https://mainnet.base.org/
2026-07-03 13:16:51,198 | ERROR    | keeper.oracle        | Oracle update error: ('execution reverted', 'no data')
2026-07-03 13:17:37,978 | ERROR    | keeper.oracle        | Oracle update error: 429 Client Error: Too Many Requests for url: https://mainnet.base.org/
2026-07-03 13:17:52,689 | ERROR    | keeper.oracle        | Oracle update error: ('execution reverted', 'no data')
2026-07-03 13:18:45,649 | ERROR    | keeper.oracle        | Oracle update error: 429 Client Error: Too Many Requests for url: https://mainnet.base.org/
2026-07-03 13:18:53,440 | ERROR    | keeper.oracle        | Oracle update error: ('execution reverted', 'no data')
2026-07-03 13:19:49,371 | ERROR    | keeper.oracle        | Oracle update error: 429 Client Error: Too Many Requests for url: https://mainnet.base.org/
2026-07-03 13:20:00,731 | ERROR    | keeper.oracle        | Oracle update error: ('execution reverted', 'no data')
2026-07-03 13:20:51,971 | ERROR    | keeper.oracle        | Oracle update error: ('execution reverted', 'no data')
2026-07-03 13:21:01,491 | ERROR    | keeper.oracle        | Oracle update error: ('execution reverted', 'no data')
2026-07-03 13:21:52,712 | ERROR    | keeper.oracle        | Oracle update error: ('execution reverted', 'no data')
2026-07-03 13:22:06,662 | ERROR    | keeper.oracle        | Oracle update error: 429 Client Error: Too Many Requests for url: https://mainnet.base.org/
2026-07-03 13:22:53,593 | ERROR    | keeper.oracle        | Oracle update error: ('execution reverted', 'no data')
2026-07-03 13:23:10,353 | ERROR    | keeper.oracle        | Oracle update error: ('execution reverted', 'no data')
2026-07-03 13:23:56,963 | ERROR    | keeper.oracle        | Oracle update error: 429 Client Error: Too Many Requests for url: https://mainnet.base.org/
2026-07-03 13:24:11,073 | ERROR    | keeper.oracle        | Oracle update error: ('execution reverted', 'no data')
2026-07-03 13:25:00,664 | ERROR    | keeper.oracle        | Oracle update error: ('execution reverted', 'no data')
2026-07-03 13:25:19,980 | ERROR    | keeper.oracle        | Oracle update error: 429 Client Error: Too Many Requests for url: https://mainnet.base.org/
2026-07-03 13:26:01,405 | ERROR    | keeper.oracle        | Oracle update error: ('execution reverted', 'no data')
2026-07-03 13:26:20,806 | ERROR    | keeper.oracle        | Oracle update error: ('execution reverted', 'no data')
2026-07-03 13:27:11,586 | ERROR    | keeper.oracle        | Oracle update error: ('execution reverted', 'no data')
2026-07-03 13:27:30,806 | ERROR    | keeper.oracle        | Oracle update error: ('execution reverted', 'no data')
2026-07-03 13:28:13,367 | ERROR    | keeper.oracle        | Oracle update error: ('execution reverted', 'no data')
2026-07-03 13:28:32,327 | ERROR    | keeper.oracle        | Oracle update error: ('execution reverted', 'no data')
2026-07-03 13:29:23,047 | ERROR    | keeper.oracle        | Oracle update error: ('execution reverted', 'no data')
2026-07-03 13:29:39,207 | ERROR    | keeper.oracle        | Oracle update error: 429 Client Error: Too Many Requests for url: https://mainnet.base.org/
2026-07-03 13:30:31,438 | ERROR    | keeper.oracle        | Oracle update error: ('execution reverted', 'no data')
2026-07-03 13:30:40,808 | ERROR    | keeper.oracle        | Oracle update error: ('execution reverted', 'no data')
2026-07-03 13:31:32,199 | ERROR    | keeper.oracle        | Oracle update error: ('execution reverted', 'no data')
2026-07-03 13:31:41,880 | ERROR    | keeper.oracle        | Oracle update error: ('execution reverted', 'no data')
2026-07-03 13:32:40,440 | ERROR    | keeper.oracle        | Oracle update error: ('execution reverted', 'no data')
2026-07-03 13:32:50,800 | ERROR    | keeper.oracle        | Oracle update error: ('execution reverted', 'no data')
2026-07-03 13:33:41,160 | ERROR    | keeper.oracle        | Oracle update error: ('execution reverted', 'no data')
2026-07-03 13:33:51,681 | ERROR    | keeper.oracle        | Oracle update error: ('execution reverted', 'no data')
2026-07-03 13:34:50,621 | ERROR    | keeper.oracle        | Oracle update error: ('execution reverted', 'no data')
2026-07-03 13:35:00,471 | ERROR    | keeper.oracle        | Oracle update error: ('execution reverted', 'no data')
2026-07-03 13:35:51,412 | ERROR    | keeper.oracle        | Oracle update error: ('execution reverted', 'no data')
2026-07-03 13:36:01,212 | ERROR    | keeper.oracle        | Oracle update error: ('execution reverted', 'no data')
2026-07-03 13:37:00,753 | ERROR    | keeper.oracle        | Oracle update error: ('execution reverted', 'no data')
2026-07-03 13:37:01,923 | ERROR    | keeper.oracle        | Oracle update error: ('execution reverted', 'no data')
2026-07-03 13:38:01,494 | ERROR    | keeper.oracle        | Oracle update error: ('execution reverted', 'no data')
2026-07-03 13:38:06,713 | ERROR    | keeper.oracle        | Oracle update error: 429 Client Error: Too Many Requests for url: https://mainnet.base.org/
2026-07-03 13:39:06,284 | ERROR    | keeper.oracle        | Oracle update error: 429 Client Error: Too Many Requests for url: https://mainnet.base.org/
2026-07-03 13:39:10,975 | ERROR    | keeper.oracle        | Oracle update error: ('execution reverted', 'no data')
2026-07-03 13:40:10,025 | ERROR    | keeper.oracle        | Oracle update error: 429 Client Error: Too Many Requests for url: https://mainnet.base.org/
2026-07-03 13:40:13,246 | ERROR    | keeper.oracle        | Oracle update error: ('execution reverted', 'no data')
2026-07-03 13:41:13,206 | ERROR    | keeper.oracle        | Oracle update error: ('execution reverted', 'no data')
2026-07-03 13:41:14,006 | ERROR    | keeper.oracle        | Oracle update error: ('execution reverted', 'no data')
2026-07-03 13:42:13,953 | ERROR    | keeper.oracle        | Oracle update error: ('execution reverted', 'no data')
2026-07-03 13:42:18,514 | ERROR    | keeper.oracle        | Oracle update error: 429 Client Error: Too Many Requests for url: https://mainnet.base.org/
2026-07-03 13:43:01,090 | INFO     | keeper.oracle        | Oracle keeper stopped
2026-07-03 13:43:12,527 | INFO     | keeper.oracle        | Oracle keeper stopped
2026-07-03 13:44:38,975 | INFO     | keeper.oracle        | Oracle keeper started (address=0xc63B7A10BB926B3b25EcB51887945CaeB6927555)
2026-07-03 13:44:38,981 | ERROR    | keeper.oracle        | Oracle update error: HTTPSConnectionPool(host='mainnet.base.org', port=443): Max retries exceeded with url: / (Caused by NameResolutionError("HTTPSConnection(host='mainnet.base.org', port=443): Failed to resolve 'mainnet.base.org' ([Errno -3] Temporary failure in name resolution)"))
2026-07-03 13:45:39,711 | ERROR    | keeper.oracle        | Oracle update error: ('execution reverted', 'no data')
2026-07-03 13:46:40,447 | ERROR    | keeper.oracle        | Oracle update error: ('execution reverted', 'no data')
2026-07-03 13:47:43,458 | ERROR    | keeper.oracle        | Oracle update error: ('execution reverted', 'no data')
2026-07-03 13:48:44,223 | ERROR    | keeper.oracle        | Oracle update error: ('execution reverted', 'no data')
2026-07-03 13:50:01,056 | ERROR    | keeper.oracle        | Oracle update error: ('execution reverted', 'no data')
2026-07-03 13:51:12,890 | ERROR    | keeper.oracle        | Oracle update error: ('execution reverted', 'no data')
2026-07-03 13:52:13,681 | ERROR    | keeper.oracle        | Oracle update error: ('execution reverted', 'no data')
2026-07-03 13:53:20,792 | ERROR    | keeper.oracle        | Oracle update error: ('execution reverted', 'no data')
2026-07-03 13:54:22,302 | ERROR    | keeper.oracle        | Oracle update error: ('execution reverted', 'no data')
2026-07-03 13:55:23,050 | ERROR    | keeper.oracle        | Oracle update error: ('execution reverted', 'no data')
2026-07-03 13:56:23,814 | ERROR    | keeper.oracle        | Oracle update error: ('execution reverted', 'no data')
2026-07-03 13:57:24,564 | ERROR    | keeper.oracle        | Oracle update error: ('execution reverted', 'no data')
2026-07-03 13:58:25,295 | ERROR    | keeper.oracle        | Oracle update error: ('execution reverted', 'no data')
2026-07-03 13:59:26,206 | ERROR    | keeper.oracle        | Oracle update error: ('execution reverted', 'no data')
2026-07-03 14:00:40,487 | ERROR    | keeper.oracle        | Oracle update error: ('execution reverted', 'no data')
2026-07-03 14:01:02,150 | INFO     | keeper.oracle        | Oracle keeper stopped
2026-07-03 14:19:43,711 | INFO     | keeper.oracle        | Oracle keeper started (address=0xc63B7A10BB926B3b25EcB51887945CaeB6927555)
2026-07-03 14:19:43,719 | ERROR    | keeper.oracle        | Oracle update error: HTTPSConnectionPool(host='mainnet.base.org', port=443): Max retries exceeded with url: / (Caused by NameResolutionError("HTTPSConnection(host='mainnet.base.org', port=443): Failed to resolve 'mainnet.base.org' ([Errno -3] Temporary failure in name resolution)"))
2026-07-03 14:20:44,541 | ERROR    | keeper.oracle        | Oracle update error: ('execution reverted', 'no data')
2026-07-03 14:21:53,138 | ERROR    | keeper.oracle        | Oracle update error: ('execution reverted', 'no data')
2026-07-03 14:22:53,863 | ERROR    | keeper.oracle        | Oracle update error: ('execution reverted', 'no data')
2026-07-03 14:23:54,597 | ERROR    | keeper.oracle        | Oracle update error: ('execution reverted', 'no data')
2026-07-03 14:25:01,989 | ERROR    | keeper.oracle        | Oracle update error: ('execution reverted', 'no data')
2026-07-03 14:26:02,760 | ERROR    | keeper.oracle        | Oracle update error: ('execution reverted', 'no data')
2026-07-03 14:27:12,200 | ERROR    | keeper.oracle        | Oracle update error: ('execution reverted', 'no data')
2026-07-03 14:28:26,610 | ERROR    | keeper.oracle        | Oracle update error: ('execution reverted', 'no data')
2026-07-03 14:29:27,361 | ERROR    | keeper.oracle        | Oracle update error: ('execution reverted', 'no data')
2026-07-03 14:30:31,732 | ERROR    | keeper.oracle        | Oracle update error: ('execution reverted', 'no data')
2026-07-03 14:31:42,233 | ERROR    | keeper.oracle        | Oracle update error: ('execution reverted', 'no data')
2026-07-03 14:32:43,183 | ERROR    | keeper.oracle        | Oracle update error: ('execution reverted', 'no data')
2026-07-03 14:33:43,896 | ERROR    | keeper.oracle        | Oracle update error: ('execution reverted', 'no data')
2026-07-03 14:34:53,042 | ERROR    | keeper.oracle        | Oracle update error: ('execution reverted', 'no data')
2026-07-03 14:35:53,797 | ERROR    | keeper.oracle        | Oracle update error: ('execution reverted', 'no data')
2026-07-03 14:37:01,074 | ERROR    | keeper.oracle        | Oracle update error: ('execution reverted', 'no data')
2026-07-03 14:38:01,858 | ERROR    | keeper.oracle        | Oracle update error: ('execution reverted', 'no data')
2026-07-03 14:39:12,288 | ERROR    | keeper.oracle        | Oracle update error: ('execution reverted', 'no data')
2026-07-03 14:40:13,029 | ERROR    | keeper.oracle        | Oracle update error: ('execution reverted', 'no data')
2026-07-03 14:41:22,233 | ERROR    | keeper.oracle        | Oracle update error: ('execution reverted', 'no data')
2026-07-03 14:42:32,798 | ERROR    | keeper.oracle        | Oracle update error: ('execution reverted', 'no data')
2026-07-03 14:43:44,193 | ERROR    | keeper.oracle        | Oracle update error: ('execution reverted', 'no data')
2026-07-03 14:44:44,934 | ERROR    | keeper.oracle        | Oracle update error: ('execution reverted', 'no data')
2026-07-03 14:45:50,834 | ERROR    | keeper.oracle        | Oracle update error: ('execution reverted', 'no data')
2026-07-03 14:46:51,585 | ERROR    | keeper.oracle        | Oracle update error: ('execution reverted', 'no data')
2026-07-03 14:47:59,055 | ERROR    | keeper.oracle        | Oracle update error: 429 Client Error: Too Many Requests for url: https://mainnet.base.org/
2026-07-03 14:48:59,773 | ERROR    | keeper.oracle        | Oracle update error: ('execution reverted', 'no data')
2026-07-03 14:50:07,580 | ERROR    | keeper.oracle        | Oracle update error: 429 Client Error: Too Many Requests for url: https://mainnet.base.org/
2026-07-03 14:51:14,426 | ERROR    | keeper.oracle        | Oracle update error: ('execution reverted', 'no data')
2026-07-03 14:52:15,199 | ERROR    | keeper.oracle        | Oracle update error: ('execution reverted', 'no data')
2026-07-03 14:53:18,028 | ERROR    | keeper.oracle        | Oracle update error: ('execution reverted', 'no data')
2026-07-03 14:54:21,788 | ERROR    | keeper.oracle        | Oracle update error: ('execution reverted', 'no data')
2026-07-03 14:55:37,328 | ERROR    | keeper.oracle        | Oracle update error: 429 Client Error: Too Many Requests for url: https://mainnet.base.org/
2026-07-03 14:56:44,008 | ERROR    | keeper.oracle        | Oracle update error: ('execution reverted', 'no data')
2026-07-03 14:57:44,729 | ERROR    | keeper.oracle        | Oracle update error: ('execution reverted', 'no data')
2026-07-03 14:58:51,080 | ERROR    | keeper.oracle        | Oracle update error: ('execution reverted', 'no data')
2026-07-03 14:59:51,800 | ERROR    | keeper.oracle        | Oracle update error: ('execution reverted', 'no data')
2026-07-03 15:01:02,120 | ERROR    | keeper.oracle        | Oracle update error: ('execution reverted', 'no data')
2026-07-03 15:02:06,401 | ERROR    | keeper.oracle        | Oracle update error: ('execution reverted', 'no data')
2026-07-03 15:03:12,961 | ERROR    | keeper.oracle        | Oracle update error: ('execution reverted', 'no data')
2026-07-03 15:04:14,051 | ERROR    | keeper.oracle        | Oracle update error: ('execution reverted', 'no data')
2026-07-03 15:05:16,412 | ERROR    | keeper.oracle        | Oracle update error: ('execution reverted', 'no data')
2026-07-03 15:06:22,423 | ERROR    | keeper.oracle        | Oracle update error: ('execution reverted', 'no data')
2026-07-03 15:07:32,603 | ERROR    | keeper.oracle        | Oracle update error: ('execution reverted', 'no data')
2026-07-03 15:08:33,352 | ERROR    | keeper.oracle        | Oracle update error: ('execution reverted', 'no data')
2026-07-03 15:09:40,993 | ERROR    | keeper.oracle        | Oracle update error: ('execution reverted', 'no data')
2026-07-03 15:10:43,753 | ERROR    | keeper.oracle        | Oracle update error: ('execution reverted', 'no data')
2026-07-03 15:11:45,285 | ERROR    | keeper.oracle        | Oracle update error: ('execution reverted', 'no data')
2026-07-03 15:12:46,034 | ERROR    | keeper.oracle        | Oracle update error: ('execution reverted', 'no data')
2026-07-03 15:13:51,564 | ERROR    | keeper.oracle        | Oracle update error: ('execution reverted', 'no data')
2026-07-03 15:14:53,984 | ERROR    | keeper.oracle        | Oracle update error: ('execution reverted', 'no data')
2026-07-03 15:16:01,916 | ERROR    | keeper.oracle        | Oracle update error: ('execution reverted', 'no data')
2026-07-03 15:17:04,065 | ERROR    | keeper.oracle        | Oracle update error: ('execution reverted', 'no data')
2026-07-03 15:18:06,056 | ERROR    | keeper.oracle        | Oracle update error: ('execution reverted', 'no data')
2026-07-03 15:19:11,757 | ERROR    | keeper.oracle        | Oracle update error: ('execution reverted', 'no data')
2026-07-03 15:20:13,257 | ERROR    | keeper.oracle        | Oracle update error: ('execution reverted', 'no data')
2026-07-03 15:21:20,978 | ERROR    | keeper.oracle        | Oracle update error: ('execution reverted', 'no data')
2026-07-03 15:22:34,647 | ERROR    | keeper.oracle        | Oracle update error: ('execution reverted', 'no data')
2026-07-03 15:23:44,096 | ERROR    | keeper.oracle        | Oracle update error: ('execution reverted', 'no data')
2026-07-03 15:24:45,548 | ERROR    | keeper.oracle        | Oracle update error: ('execution reverted', 'no data')
2026-07-03 15:25:51,541 | ERROR    | keeper.oracle        | Oracle update error: ('execution reverted', 'no data')
2026-07-03 15:26:52,298 | ERROR    | keeper.oracle        | Oracle update error: ('execution reverted', 'no data')
2026-07-03 15:28:01,830 | ERROR    | keeper.oracle        | Oracle update error: ('execution reverted', 'no data')
2026-07-03 15:29:02,582 | ERROR    | keeper.oracle        | Oracle update error: ('execution reverted', 'no data')
2026-07-03 15:30:10,495 | ERROR    | keeper.oracle        | Oracle update error: ('execution reverted', 'no data')
2026-07-03 15:31:11,288 | ERROR    | keeper.oracle        | Oracle update error: ('execution reverted', 'no data')
2026-07-03 15:32:21,480 | ERROR    | keeper.oracle        | Oracle update error: ('execution reverted', 'no data')
2026-07-03 15:33:37,553 | ERROR    | keeper.oracle        | Oracle update error: 429 Client Error: Too Many Requests for url: https://mainnet.base.org/
2026-07-03 15:34:50,824 | ERROR    | keeper.oracle        | Oracle update error: ('execution reverted', 'no data')
2026-07-03 15:36:03,447 | ERROR    | keeper.oracle        | Oracle update error: ('execution reverted', 'no data')
2026-07-03 15:37:04,179 | ERROR    | keeper.oracle        | Oracle update error: ('execution reverted', 'no data')
2026-07-03 15:38:04,941 | ERROR    | keeper.oracle        | Oracle update error: ('execution reverted', 'no data')
2026-07-03 15:39:05,662 | ERROR    | keeper.oracle        | Oracle update error: ('execution reverted', 'no data')
2026-07-03 15:40:17,353 | ERROR    | keeper.oracle        | Oracle update error: 429 Client Error: Too Many Requests for url: https://mainnet.base.org/
2026-07-03 15:41:23,485 | ERROR    | keeper.oracle        | Oracle update error: ('execution reverted', 'no data')
2026-07-03 15:42:24,216 | ERROR    | keeper.oracle        | Oracle update error: ('execution reverted', 'no data')
2026-07-03 15:43:26,517 | ERROR    | keeper.oracle        | Oracle update error: ('execution reverted', 'no data')
2026-07-03 15:44:35,610 | ERROR    | keeper.oracle        | Oracle update error: ('execution reverted', 'no data')
2026-07-03 15:45:42,381 | ERROR    | keeper.oracle        | Oracle update error: ('execution reverted', 'no data')
2026-07-03 15:46:43,102 | ERROR    | keeper.oracle        | Oracle update error: ('execution reverted', 'no data')
2026-07-03 15:47:44,371 | ERROR    | keeper.oracle        | Oracle update error: ('execution reverted', 'no data')
2026-07-03 15:48:51,165 | ERROR    | keeper.oracle        | Oracle update error: ('execution reverted', 'no data')
2026-07-03 15:50:02,962 | ERROR    | keeper.oracle        | Oracle update error: ('execution reverted', 'no data')
2026-07-03 15:51:12,954 | ERROR    | keeper.oracle        | Oracle update error: ('execution reverted', 'no data')
2026-07-03 15:52:14,414 | ERROR    | keeper.oracle        | Oracle update error: ('execution reverted', 'no data')
2026-07-03 15:53:17,697 | ERROR    | keeper.oracle        | Oracle update error: ('execution reverted', 'no data')
2026-07-03 15:54:21,477 | ERROR    | keeper.oracle        | Oracle update error: ('execution reverted', 'no data')
2026-07-03 15:55:22,277 | ERROR    | keeper.oracle        | Oracle update error: ('execution reverted', 'no data')
2026-07-03 15:56:23,257 | ERROR    | keeper.oracle        | Oracle update error: ('execution reverted', 'no data')
2026-07-03 15:57:31,789 | ERROR    | keeper.oracle        | Oracle update error: ('execution reverted', 'no data')
2026-07-03 15:58:33,941 | ERROR    | keeper.oracle        | Oracle update error: ('execution reverted', 'no data')
2026-07-03 15:59:34,711 | ERROR    | keeper.oracle        | Oracle update error: ('execution reverted', 'no data')
2026-07-03 16:00:54,401 | ERROR    | keeper.oracle        | Oracle update error: ('execution reverted', 'no data')
2026-07-03 16:01:55,162 | ERROR    | keeper.oracle        | Oracle update error: ('execution reverted', 'no data')
2026-07-03 16:03:02,341 | ERROR    | keeper.oracle        | Oracle update error: ('execution reverted', 'no data')
2026-07-03 16:04:03,220 | ERROR    | keeper.oracle        | Oracle update error: ('execution reverted', 'no data')
2026-07-03 16:05:04,004 | ERROR    | keeper.oracle        | Oracle update error: ('execution reverted', 'no data')
2026-07-03 16:06:10,599 | ERROR    | keeper.oracle        | Oracle update error: ('execution reverted', 'no data')
2026-07-03 16:07:22,814 | ERROR    | keeper.oracle        | Oracle update error: ('execution reverted', 'no data')
2026-07-03 16:08:23,586 | ERROR    | keeper.oracle        | Oracle update error: ('execution reverted', 'no data')
2026-07-03 16:09:31,646 | ERROR    | keeper.oracle        | Oracle update error: ('execution reverted', 'no data')
2026-07-03 16:10:32,397 | ERROR    | keeper.oracle        | Oracle update error: ('execution reverted', 'no data')
2026-07-03 16:11:41,368 | ERROR    | keeper.oracle        | Oracle update error: ('execution reverted', 'no data')
2026-07-03 16:12:52,747 | ERROR    | keeper.oracle        | Oracle update error: ('execution reverted', 'no data')
2026-07-03 16:13:53,629 | ERROR    | keeper.oracle        | Oracle update error: ('execution reverted', 'no data')
2026-07-03 16:14:59,190 | ERROR    | keeper.oracle        | Oracle update error: ('execution reverted', 'no data')
2026-07-03 16:16:11,920 | ERROR    | keeper.oracle        | Oracle update error: ('execution reverted', 'no data')
2026-07-03 16:17:12,701 | ERROR    | keeper.oracle        | Oracle update error: ('execution reverted', 'no data')
2026-07-03 16:18:17,420 | ERROR    | keeper.oracle        | Oracle update error: 429 Client Error: Too Many Requests for url: https://mainnet.base.org/
2026-07-03 16:19:27,109 | ERROR    | keeper.oracle        | Oracle update error: 429 Client Error: Too Many Requests for url: https://mainnet.base.org/
2026-07-03 16:20:27,855 | ERROR    | keeper.oracle        | Oracle update error: ('execution reverted', 'no data')
2026-07-03 16:21:42,352 | ERROR    | keeper.oracle        | Oracle update error: ('execution reverted', 'no data')
2026-07-03 16:22:44,218 | ERROR    | keeper.oracle        | Oracle update error: ('execution reverted', 'no data')
2026-07-03 16:23:51,896 | ERROR    | keeper.oracle        | Oracle update error: ('execution reverted', 'no data')
2026-07-03 16:24:54,122 | ERROR    | keeper.oracle        | Oracle update error: ('execution reverted', 'no data')
2026-07-03 16:25:55,308 | ERROR    | keeper.oracle        | Oracle update error: ('execution reverted', 'no data')
2026-07-03 16:27:00,551 | ERROR    | keeper.oracle        | Oracle update error: ('execution reverted', 'no data')
2026-07-03 16:28:11,538 | ERROR    | keeper.oracle        | Oracle update error: ('execution reverted', 'no data')
2026-07-03 16:29:12,403 | ERROR    | keeper.oracle        | Oracle update error: ('execution reverted', 'no data')
2026-07-03 16:30:21,635 | ERROR    | keeper.oracle        | Oracle update error: ('execution reverted', 'no data')
2026-07-03 16:31:22,402 | ERROR    | keeper.oracle        | Oracle update error: ('execution reverted', 'no data')
2026-07-03 16:32:30,556 | ERROR    | keeper.oracle        | Oracle update error: ('execution reverted', 'no data')
2026-07-03 16:33:42,962 | ERROR    | keeper.oracle        | Oracle update error: ('execution reverted', 'no data')
2026-07-03 16:34:54,853 | ERROR    | keeper.oracle        | Oracle update error: ('execution reverted', 'no data')
2026-07-03 16:35:55,558 | ERROR    | keeper.oracle        | Oracle update error: ('execution reverted', 'no data')
2026-07-03 16:36:56,287 | ERROR    | keeper.oracle        | Oracle update error: ('execution reverted', 'no data')
2026-07-03 16:38:03,498 | ERROR    | keeper.oracle        | Oracle update error: ('execution reverted', 'no data')
2026-07-03 16:39:04,218 | ERROR    | keeper.oracle        | Oracle update error: ('execution reverted', 'no data')
2026-07-03 16:40:08,058 | ERROR    | keeper.oracle        | Oracle update error: 429 Client Error: Too Many Requests for url: https://mainnet.base.org/
2026-07-03 16:41:08,780 | ERROR    | keeper.oracle        | Oracle update error: ('execution reverted', 'no data')
2026-07-03 16:42:17,471 | ERROR    | keeper.oracle        | Oracle update error: 429 Client Error: Too Many Requests for url: https://mainnet.base.org/
2026-07-03 16:43:27,683 | ERROR    | keeper.oracle        | Oracle update error: 429 Client Error: Too Many Requests for url: https://mainnet.base.org/
2026-07-03 16:44:28,794 | ERROR    | keeper.oracle        | Oracle update error: ('execution reverted', 'no data')
2026-07-03 16:45:41,525 | ERROR    | keeper.oracle        | Oracle update error: ('execution reverted', 'no data')
2026-07-03 16:46:50,353 | ERROR    | keeper.oracle        | Oracle update error: ('execution reverted', 'no data')
2026-07-03 16:47:51,075 | ERROR    | keeper.oracle        | Oracle update error: ('execution reverted', 'no data')
2026-07-03 16:49:01,219 | ERROR    | keeper.oracle        | Oracle update error: ('execution reverted', 'no data')
2026-07-03 16:50:01,960 | ERROR    | keeper.oracle        | Oracle update error: ('execution reverted', 'no data')
2026-07-03 16:51:12,472 | ERROR    | keeper.oracle        | Oracle update error: ('execution reverted', 'no data')
2026-07-03 16:52:13,402 | ERROR    | keeper.oracle        | Oracle update error: ('execution reverted', 'no data')
2026-07-03 16:53:14,244 | ERROR    | keeper.oracle        | Oracle update error: ('execution reverted', 'no data')
2026-07-03 16:54:22,206 | ERROR    | keeper.oracle        | Oracle update error: ('execution reverted', 'no data')
2026-07-03 16:55:22,975 | ERROR    | keeper.oracle        | Oracle update error: ('execution reverted', 'no data')
2026-07-03 16:56:27,426 | ERROR    | keeper.oracle        | Oracle update error: 429 Client Error: Too Many Requests for url: https://mainnet.base.org/
2026-07-03 16:57:33,417 | ERROR    | keeper.oracle        | Oracle update error: ('execution reverted', 'no data')
2026-07-03 16:58:34,228 | ERROR    | keeper.oracle        | Oracle update error: ('execution reverted', 'no data')
2026-07-03 16:59:47,639 | ERROR    | keeper.oracle        | Oracle update error: 429 Client Error: Too Many Requests for url: https://mainnet.base.org/
2026-07-03 17:00:48,449 | ERROR    | keeper.oracle        | Oracle update error: ('execution reverted', 'no data')
2026-07-03 17:01:55,322 | ERROR    | keeper.oracle        | Oracle update error: ('execution reverted', 'no data')
2026-07-03 17:02:56,045 | ERROR    | keeper.oracle        | Oracle update error: ('execution reverted', 'no data')
2026-07-03 17:04:02,512 | ERROR    | keeper.oracle        | Oracle update error: ('execution reverted', 'no data')
2026-07-03 17:05:03,712 | ERROR    | keeper.oracle        | Oracle update error: ('execution reverted', 'no data')
2026-07-03 17:06:05,024 | ERROR    | keeper.oracle        | Oracle update error: ('execution reverted', 'no data')
2026-07-03 17:07:12,206 | ERROR    | keeper.oracle        | Oracle update error: ('execution reverted', 'no data')
2026-07-03 17:08:24,037 | ERROR    | keeper.oracle        | Oracle update error: ('execution reverted', 'no data')
2026-07-03 17:09:24,787 | ERROR    | keeper.oracle        | Oracle update error: ('execution reverted', 'no data')
2026-07-03 17:10:31,979 | ERROR    | keeper.oracle        | Oracle update error: ('execution reverted', 'no data')
2026-07-03 17:11:33,277 | ERROR    | keeper.oracle        | Oracle update error: ('execution reverted', 'no data')
2026-07-03 17:12:42,287 | ERROR    | keeper.oracle        | Oracle update error: ('execution reverted', 'no data')
2026-07-03 17:13:43,547 | ERROR    | keeper.oracle        | Oracle update error: ('execution reverted', 'no data')
2026-07-03 17:14:44,277 | ERROR    | keeper.oracle        | Oracle update error: ('execution reverted', 'no data')
2026-07-03 17:15:51,397 | ERROR    | keeper.oracle        | Oracle update error: ('execution reverted', 'no data')
2026-07-03 17:16:52,157 | ERROR    | keeper.oracle        | Oracle update error: ('execution reverted', 'no data')
2026-07-03 17:17:54,369 | ERROR    | keeper.oracle        | Oracle update error: ('execution reverted', 'no data')
2026-07-03 17:18:55,458 | ERROR    | keeper.oracle        | Oracle update error: ('execution reverted', 'no data')
2026-07-03 17:20:01,309 | ERROR    | keeper.oracle        | Oracle update error: ('execution reverted', 'no data')
2026-07-03 17:21:02,029 | ERROR    | keeper.oracle        | Oracle update error: ('execution reverted', 'no data')
2026-07-03 17:22:02,799 | ERROR    | keeper.oracle        | Oracle update error: ('execution reverted', 'no data')
2026-07-03 17:23:03,719 | ERROR    | keeper.oracle        | Oracle update error: ('execution reverted', 'no data')
2026-07-03 17:24:05,231 | ERROR    | keeper.oracle        | Oracle update error: ('execution reverted', 'no data')
2026-07-03 17:25:12,359 | ERROR    | keeper.oracle        | Oracle update error: ('execution reverted', 'no data')
2026-07-03 17:26:26,970 | ERROR    | keeper.oracle        | Oracle update error: 429 Client Error: Too Many Requests for url: https://mainnet.base.org/
2026-07-03 17:27:27,812 | ERROR    | keeper.oracle        | Oracle update error: ('execution reverted', 'no data')
2026-07-03 17:28:33,202 | ERROR    | keeper.oracle        | Oracle update error: ('execution reverted', 'no data')
2026-07-03 17:29:33,963 | ERROR    | keeper.oracle        | Oracle update error: ('execution reverted', 'no data')
2026-07-03 17:30:40,984 | ERROR    | keeper.oracle        | Oracle update error: ('execution reverted', 'no data')
2026-07-03 17:31:53,673 | ERROR    | keeper.oracle        | Oracle update error: ('execution reverted', 'no data')
2026-07-03 17:32:54,425 | ERROR    | keeper.oracle        | Oracle update error: ('execution reverted', 'no data')
2026-07-03 17:33:55,165 | ERROR    | keeper.oracle        | Oracle update error: ('execution reverted', 'no data')
2026-07-03 17:34:56,595 | ERROR    | keeper.oracle        | Oracle update error: ('execution reverted', 'no data')
2026-07-03 17:36:01,047 | ERROR    | keeper.oracle        | Oracle update error: ('execution reverted', 'no data')
2026-07-03 17:36:23,286 | INFO     | keeper.oracle        | Oracle keeper stopped
2026-07-03 17:37:40,879 | INFO     | keeper.oracle        | Oracle keeper started (address=0xc63B7A10BB926B3b25EcB51887945CaeB6927555)
2026-07-03 17:37:40,884 | ERROR    | keeper.oracle        | Oracle update error: HTTPSConnectionPool(host='mainnet.base.org', port=443): Max retries exceeded with url: / (Caused by NameResolutionError("HTTPSConnection(host='mainnet.base.org', port=443): Failed to resolve 'mainnet.base.org' ([Errno -3] Temporary failure in name resolution)"))
2026-07-03 17:38:41,733 | ERROR    | keeper.oracle        | Oracle update error: ('execution reverted', 'no data')
2026-07-03 17:39:45,946 | ERROR    | keeper.oracle        | Oracle update error: ('execution reverted', 'no data')
2026-07-03 17:40:46,756 | ERROR    | keeper.oracle        | Oracle update error: ('execution reverted', 'no data')
2026-07-03 17:41:50,815 | ERROR    | keeper.oracle        | Oracle update error: ('execution reverted', 'no data')
2026-07-03 17:43:02,582 | ERROR    | keeper.oracle        | Oracle update error: ('execution reverted', 'no data')
2026-07-03 17:44:13,489 | ERROR    | keeper.oracle        | Oracle update error: ('execution reverted', 'no data')
2026-07-03 17:45:14,264 | ERROR    | keeper.oracle        | Oracle update error: ('execution reverted', 'no data')
2026-07-03 17:46:22,925 | ERROR    | keeper.oracle        | Oracle update error: ('execution reverted', 'no data')
2026-07-03 17:47:24,277 | ERROR    | keeper.oracle        | Oracle update error: ('execution reverted', 'no data')
2026-07-03 17:48:31,279 | ERROR    | keeper.oracle        | Oracle update error: ('execution reverted', 'no data')
2026-07-03 17:49:42,879 | ERROR    | keeper.oracle        | Oracle update error: ('execution reverted', 'no data')
2026-07-03 17:50:43,718 | ERROR    | keeper.oracle        | Oracle update error: ('execution reverted', 'no data')
2026-07-03 17:51:50,921 | ERROR    | keeper.oracle        | Oracle update error: ('execution reverted', 'no data')
2026-07-03 17:52:51,782 | ERROR    | keeper.oracle        | Oracle update error: ('execution reverted', 'no data')
2026-07-03 17:54:01,484 | ERROR    | keeper.oracle        | Oracle update error: ('execution reverted', 'no data')
2026-07-03 17:55:03,583 | ERROR    | keeper.oracle        | Oracle update error: ('execution reverted', 'no data')
2026-07-03 17:56:06,852 | ERROR    | keeper.oracle        | Oracle update error: 429 Client Error: Too Many Requests for url: https://mainnet.base.org/
2026-07-03 17:57:07,570 | ERROR    | keeper.oracle        | Oracle update error: ('execution reverted', 'no data')
2026-07-03 17:58:11,397 | ERROR    | keeper.oracle        | Oracle update error: ('execution reverted', 'no data')
2026-07-03 17:59:13,709 | ERROR    | keeper.oracle        | Oracle update error: ('execution reverted', 'no data')
2026-07-03 18:00:14,508 | ERROR    | keeper.oracle        | Oracle update error: ('execution reverted', 'no data')
2026-07-03 18:01:21,869 | ERROR    | keeper.oracle        | Oracle update error: ('execution reverted', 'no data')
2026-07-03 18:02:22,618 | ERROR    | keeper.oracle        | Oracle update error: ('execution reverted', 'no data')
2026-07-03 18:03:32,188 | ERROR    | keeper.oracle        | Oracle update error: ('execution reverted', 'no data')
2026-07-03 18:04:34,024 | ERROR    | keeper.oracle        | Oracle update error: ('execution reverted', 'no data')
2026-07-03 18:05:42,098 | ERROR    | keeper.oracle        | Oracle update error: ('execution reverted', 'no data')
2026-07-03 18:06:44,348 | ERROR    | keeper.oracle        | Oracle update error: ('execution reverted', 'no data')
2026-07-03 18:07:45,070 | ERROR    | keeper.oracle        | Oracle update error: ('execution reverted', 'no data')
2026-07-03 18:08:51,751 | ERROR    | keeper.oracle        | Oracle update error: ('execution reverted', 'no data')
2026-07-03 18:09:53,147 | ERROR    | keeper.oracle        | Oracle update error: ('execution reverted', 'no data')
2026-07-03 18:10:54,047 | ERROR    | keeper.oracle        | Oracle update error: ('execution reverted', 'no data')
2026-07-03 18:12:00,749 | ERROR    | keeper.oracle        | Oracle update error: ('execution reverted', 'no data')
2026-07-03 18:13:01,458 | ERROR    | keeper.oracle        | Oracle update error: ('execution reverted', 'no data')
2026-07-03 18:14:07,152 | ERROR    | keeper.oracle        | Oracle update error: 429 Client Error: Too Many Requests for url: https://mainnet.base.org/
2026-07-03 18:15:22,434 | ERROR    | keeper.oracle        | Oracle update error: ('execution reverted', 'no data')
2026-07-03 18:16:23,128 | ERROR    | keeper.oracle        | Oracle update error: ('execution reverted', 'no data')
2026-07-03 18:17:26,631 | ERROR    | keeper.oracle        | Oracle update error: ('execution reverted', 'no data')
2026-07-03 18:18:27,337 | ERROR    | keeper.oracle        | Oracle update error: ('execution reverted', 'no data')
2026-07-03 18:19:31,595 | ERROR    | keeper.oracle        | Oracle update error: ('execution reverted', 'no data')
2026-07-03 18:20:33,882 | ERROR    | keeper.oracle        | Oracle update error: ('execution reverted', 'no data')
2026-07-03 18:21:35,217 | ERROR    | keeper.oracle        | Oracle update error: ('execution reverted', 'no data')
2026-07-03 18:22:41,105 | ERROR    | keeper.oracle        | Oracle update error: ('execution reverted', 'no data')
2026-07-03 18:23:41,956 | ERROR    | keeper.oracle        | Oracle update error: ('execution reverted', 'no data')
2026-07-03 18:24:44,395 | ERROR    | keeper.oracle        | Oracle update error: ('execution reverted', 'no data')
2026-07-03 18:25:45,696 | ERROR    | keeper.oracle        | Oracle update error: ('execution reverted', 'no data')
2026-07-03 18:26:50,800 | ERROR    | keeper.oracle        | Oracle update error: ('execution reverted', 'no data')
2026-07-03 18:28:09,321 | ERROR    | keeper.oracle        | Oracle update error: 429 Client Error: Too Many Requests for url: https://mainnet.base.org/
2026-07-03 18:29:10,056 | ERROR    | keeper.oracle        | Oracle update error: ('execution reverted', 'no data')
2026-07-03 18:30:20,419 | ERROR    | keeper.oracle        | Oracle update error: ('execution reverted', 'no data')
2026-07-03 18:31:21,690 | ERROR    | keeper.oracle        | Oracle update error: ('execution reverted', 'no data')
2026-07-03 18:32:30,720 | ERROR    | keeper.oracle        | Oracle update error: ('execution reverted', 'no data')
2026-07-03 18:33:44,061 | ERROR    | keeper.oracle        | Oracle update error: ('execution reverted', 'no data')
2026-07-03 18:34:44,802 | ERROR    | keeper.oracle        | Oracle update error: ('execution reverted', 'no data')
2026-07-03 18:35:52,058 | ERROR    | keeper.oracle        | Oracle update error: ('execution reverted', 'no data')
2026-07-03 18:36:54,266 | ERROR    | keeper.oracle        | Oracle update error: ('execution reverted', 'no data')
2026-07-03 18:37:55,023 | ERROR    | keeper.oracle        | Oracle update error: ('execution reverted', 'no data')
2026-07-03 18:39:01,343 | ERROR    | keeper.oracle        | Oracle update error: ('execution reverted', 'no data')
2026-07-03 18:40:02,076 | ERROR    | keeper.oracle        | Oracle update error: ('execution reverted', 'no data')
2026-07-03 18:41:10,819 | ERROR    | keeper.oracle        | Oracle update error: ('execution reverted', 'no data')
2026-07-03 18:42:14,438 | ERROR    | keeper.oracle        | Oracle update error: ('execution reverted', 'no data')
2026-07-03 18:43:15,145 | ERROR    | keeper.oracle        | Oracle update error: ('execution reverted', 'no data')
2026-07-03 18:44:15,947 | ERROR    | keeper.oracle        | Oracle update error: ('execution reverted', 'no data')
2026-07-03 18:45:24,717 | ERROR    | keeper.oracle        | Oracle update error: ('execution reverted', 'no data')
2026-07-03 18:46:26,002 | ERROR    | keeper.oracle        | Oracle update error: ('execution reverted', 'no data')
2026-07-03 18:47:28,065 | ERROR    | keeper.oracle        | Oracle update error: ('execution reverted', 'no data')
2026-07-03 18:48:34,978 | ERROR    | keeper.oracle        | Oracle update error: ('execution reverted', 'no data')
2026-07-03 18:49:35,752 | ERROR    | keeper.oracle        | Oracle update error: ('execution reverted', 'no data')
2026-07-03 18:50:42,886 | ERROR    | keeper.oracle        | Oracle update error: ('execution reverted', 'no data')
2026-07-03 18:51:43,706 | ERROR    | keeper.oracle        | Oracle update error: ('execution reverted', 'no data')
2026-07-03 18:52:58,516 | ERROR    | keeper.oracle        | Oracle update error: 429 Client Error: Too Many Requests for url: https://mainnet.base.org/
2026-07-03 18:54:07,275 | ERROR    | keeper.oracle        | Oracle update error: 429 Client Error: Too Many Requests for url: https://mainnet.base.org/
2026-07-03 18:55:09,210 | ERROR    | keeper.oracle        | Oracle update error: ('execution reverted', 'no data')
2026-07-03 18:56:20,529 | ERROR    | keeper.oracle        | Oracle update error: ('execution reverted', 'no data')
2026-07-03 18:57:33,248 | ERROR    | keeper.oracle        | Oracle update error: ('execution reverted', 'no data')
2026-07-03 18:58:34,006 | ERROR    | keeper.oracle        | Oracle update error: ('execution reverted', 'no data')
2026-07-03 18:59:35,613 | ERROR    | keeper.oracle        | Oracle update error: ('execution reverted', 'no data')
2026-07-03 19:00:36,374 | ERROR    | keeper.oracle        | Oracle update error: ('execution reverted', 'no data')
2026-07-03 19:01:50,697 | ERROR    | keeper.oracle        | Oracle update error: ('execution reverted', 'no data')
2026-07-03 19:02:56,788 | ERROR    | keeper.oracle        | Oracle update error: 429 Client Error: Too Many Requests for url: https://mainnet.base.org/
2026-07-03 19:03:57,510 | ERROR    | keeper.oracle        | Oracle update error: ('execution reverted', 'no data')
2026-07-03 19:05:03,719 | ERROR    | keeper.oracle        | Oracle update error: ('execution reverted', 'no data')
2026-07-03 19:06:04,469 | ERROR    | keeper.oracle        | Oracle update error: ('execution reverted', 'no data')
2026-07-03 19:07:11,230 | ERROR    | keeper.oracle        | Oracle update error: ('execution reverted', 'no data')
2026-07-03 19:08:11,999 | ERROR    | keeper.oracle        | Oracle update error: ('execution reverted', 'no data')
2026-07-03 19:09:22,880 | ERROR    | keeper.oracle        | Oracle update error: ('execution reverted', 'no data')
2026-07-03 19:10:40,133 | ERROR    | keeper.oracle        | Oracle update error: 429 Client Error: Too Many Requests for url: https://mainnet.base.org/
2026-07-03 19:11:54,667 | ERROR    | keeper.oracle        | Oracle update error: ('execution reverted', 'no data')
2026-07-03 19:12:55,409 | ERROR    | keeper.oracle        | Oracle update error: ('execution reverted', 'no data')
2026-07-03 19:14:00,514 | ERROR    | keeper.oracle        | Oracle update error: ('execution reverted', 'no data')
2026-07-03 19:15:01,892 | ERROR    | keeper.oracle        | Oracle update error: ('execution reverted', 'no data')
2026-07-03 19:16:11,753 | ERROR    | keeper.oracle        | Oracle update error: ('execution reverted', 'no data')
2026-07-03 19:17:14,123 | ERROR    | keeper.oracle        | Oracle update error: ('execution reverted', 'no data')
2026-07-03 19:18:14,872 | ERROR    | keeper.oracle        | Oracle update error: ('execution reverted', 'no data')
2026-07-03 19:19:21,884 | ERROR    | keeper.oracle        | Oracle update error: ('execution reverted', 'no data')
2026-07-03 19:20:22,646 | ERROR    | keeper.oracle        | Oracle update error: ('execution reverted', 'no data')
2026-07-03 19:21:29,076 | ERROR    | keeper.oracle        | Oracle update error: ('execution reverted', 'no data')
2026-07-03 19:22:38,265 | ERROR    | keeper.oracle        | Oracle update error: ('execution reverted', 'no data')
2026-07-03 19:23:39,054 | ERROR    | keeper.oracle        | Oracle update error: ('execution reverted', 'no data')
2026-07-03 19:24:51,725 | ERROR    | keeper.oracle        | Oracle update error: ('execution reverted', 'no data')
2026-07-03 19:25:52,536 | ERROR    | keeper.oracle        | Oracle update error: ('execution reverted', 'no data')
2026-07-03 19:27:00,686 | ERROR    | keeper.oracle        | Oracle update error: ('execution reverted', 'no data')
2026-07-03 19:28:06,746 | ERROR    | keeper.oracle        | Oracle update error: ('execution reverted', 'no data')
2026-07-03 19:29:07,469 | ERROR    | keeper.oracle        | Oracle update error: ('execution reverted', 'no data')
2026-07-03 19:30:21,607 | ERROR    | keeper.oracle        | Oracle update error: ('execution reverted', 'no data')
2026-07-03 19:31:22,387 | ERROR    | keeper.oracle        | Oracle update error: ('execution reverted', 'no data')
2026-07-03 19:32:30,648 | ERROR    | keeper.oracle        | Oracle update error: ('execution reverted', 'no data')
2026-07-03 19:33:44,298 | ERROR    | keeper.oracle        | Oracle update error: ('execution reverted', 'no data')
2026-07-03 19:34:45,759 | ERROR    | keeper.oracle        | Oracle update error: ('execution reverted', 'no data')
2026-07-03 19:35:51,969 | ERROR    | keeper.oracle        | Oracle update error: ('execution reverted', 'no data')
2026-07-03 19:36:52,759 | ERROR    | keeper.oracle        | Oracle update error: ('execution reverted', 'no data')
2026-07-03 19:38:00,940 | ERROR    | keeper.oracle        | Oracle update error: ('execution reverted', 'no data')
2026-07-03 19:39:13,485 | ERROR    | keeper.oracle        | Oracle update error: ('execution reverted', 'no data')
2026-07-03 19:40:14,314 | ERROR    | keeper.oracle        | Oracle update error: ('execution reverted', 'no data')
2026-07-03 19:41:23,921 | ERROR    | keeper.oracle        | Oracle update error: ('execution reverted', 'no data')
2026-07-03 19:42:26,713 | ERROR    | keeper.oracle        | Oracle update error: ('execution reverted', 'no data')
2026-07-03 19:43:31,421 | ERROR    | keeper.oracle        | Oracle update error: ('execution reverted', 'no data')
2026-07-03 19:44:32,192 | ERROR    | keeper.oracle        | Oracle update error: ('execution reverted', 'no data')
2026-07-03 19:45:34,067 | ERROR    | keeper.oracle        | Oracle update error: ('execution reverted', 'no data')
2026-07-03 19:46:34,794 | ERROR    | keeper.oracle        | Oracle update error: ('execution reverted', 'no data')
2026-07-03 19:47:50,464 | ERROR    | keeper.oracle        | Oracle update error: ('execution reverted', 'no data')
2026-07-03 19:48:51,182 | ERROR    | keeper.oracle        | Oracle update error: ('execution reverted', 'no data')
2026-07-03 19:50:01,732 | ERROR    | keeper.oracle        | Oracle update error: ('execution reverted', 'no data')
2026-07-03 19:51:14,946 | ERROR    | keeper.oracle        | Oracle update error: ('execution reverted', 'no data')
2026-07-03 19:52:16,344 | ERROR    | keeper.oracle        | Oracle update error: ('execution reverted', 'no data')
2026-07-03 19:53:20,595 | ERROR    | keeper.oracle        | Oracle update error: ('execution reverted', 'no data')
2026-07-03 19:54:21,371 | ERROR    | keeper.oracle        | Oracle update error: ('execution reverted', 'no data')
2026-07-03 19:55:23,564 | ERROR    | keeper.oracle        | Oracle update error: ('execution reverted', 'no data')
2026-07-03 19:56:35,871 | ERROR    | keeper.oracle        | Oracle update error: ('execution reverted', 'no data')
2026-07-03 19:57:37,319 | ERROR    | keeper.oracle        | Oracle update error: ('execution reverted', 'no data')
2026-07-03 19:58:43,709 | ERROR    | keeper.oracle        | Oracle update error: ('execution reverted', 'no data')
2026-07-03 19:59:46,258 | ERROR    | keeper.oracle        | Oracle update error: ('execution reverted', 'no data')
2026-07-03 20:00:47,659 | ERROR    | keeper.oracle        | Oracle update error: ('execution reverted', 'no data')
2026-07-03 20:01:53,167 | ERROR    | keeper.oracle        | Oracle update error: ('execution reverted', 'no data')
2026-07-03 20:02:54,263 | ERROR    | keeper.oracle        | Oracle update error: ('execution reverted', 'no data')
2026-07-03 20:03:55,768 | ERROR    | keeper.oracle        | Oracle update error: ('execution reverted', 'no data')
2026-07-03 20:05:01,675 | ERROR    | keeper.oracle        | Oracle update error: ('execution reverted', 'no data')
2026-07-03 20:06:02,416 | ERROR    | keeper.oracle        | Oracle update error: ('execution reverted', 'no data')
2026-07-03 20:07:11,337 | ERROR    | keeper.oracle        | Oracle update error: ('execution reverted', 'no data')
2026-07-03 20:08:13,119 | ERROR    | keeper.oracle        | Oracle update error: ('execution reverted', 'no data')
2026-07-03 20:09:23,491 | ERROR    | keeper.oracle        | Oracle update error: ('execution reverted', 'no data')
2026-07-03 20:10:24,761 | ERROR    | keeper.oracle        | Oracle update error: ('execution reverted', 'no data')
2026-07-03 20:11:25,530 | ERROR    | keeper.oracle        | Oracle update error: ('execution reverted', 'no data')
2026-07-03 20:12:31,701 | ERROR    | keeper.oracle        | Oracle update error: ('execution reverted', 'no data')
2026-07-03 20:13:32,453 | ERROR    | keeper.oracle        | Oracle update error: ('execution reverted', 'no data')
2026-07-03 20:14:33,179 | ERROR    | keeper.oracle        | Oracle update error: ('execution reverted', 'no data')
2026-07-03 20:15:40,878 | ERROR    | keeper.oracle        | Oracle update error: ('execution reverted', 'no data')
2026-07-03 20:16:41,648 | ERROR    | keeper.oracle        | Oracle update error: ('execution reverted', 'no data')
2026-07-03 20:17:49,931 | ERROR    | keeper.oracle        | Oracle update error: ('execution reverted', 'no data')
2026-07-03 20:18:52,391 | ERROR    | keeper.oracle        | Oracle update error: ('execution reverted', 'no data')
2026-07-03 20:20:01,574 | ERROR    | keeper.oracle        | Oracle update error: ('execution reverted', 'no data')
2026-07-03 20:21:12,906 | ERROR    | keeper.oracle        | Oracle update error: ('execution reverted', 'no data')
2026-07-03 20:22:13,713 | ERROR    | keeper.oracle        | Oracle update error: ('execution reverted', 'no data')
2026-07-03 20:23:14,739 | ERROR    | keeper.oracle        | Oracle update error: ('execution reverted', 'no data')
2026-07-03 20:24:22,063 | ERROR    | keeper.oracle        | Oracle update error: ('execution reverted', 'no data')
2026-07-03 20:25:24,177 | ERROR    | keeper.oracle        | Oracle update error: ('execution reverted', 'no data')
2026-07-03 20:26:24,954 | ERROR    | keeper.oracle        | Oracle update error: ('execution reverted', 'no data')
2026-07-03 20:27:33,435 | ERROR    | keeper.oracle        | Oracle update error: ('execution reverted', 'no data')
2026-07-03 20:28:35,305 | ERROR    | keeper.oracle        | Oracle update error: ('execution reverted', 'no data')
2026-07-03 20:29:41,674 | ERROR    | keeper.oracle        | Oracle update error: ('execution reverted', 'no data')
2026-07-03 20:30:42,433 | ERROR    | keeper.oracle        | Oracle update error: ('execution reverted', 'no data')
2026-07-03 20:31:48,401 | ERROR    | keeper.oracle        | Oracle update error: 429 Client Error: Too Many Requests for url: https://mainnet.base.org/
2026-07-03 20:32:49,152 | ERROR    | keeper.oracle        | Oracle update error: ('execution reverted', 'no data')
2026-07-03 20:33:58,311 | ERROR    | keeper.oracle        | Oracle update error: 429 Client Error: Too Many Requests for url: https://mainnet.base.org/
2026-07-03 20:34:59,130 | ERROR    | keeper.oracle        | Oracle update error: ('execution reverted', 'no data')
2026-07-03 20:36:10,780 | ERROR    | keeper.oracle        | Oracle update error: ('execution reverted', 'no data')
2026-07-03 20:37:11,551 | ERROR    | keeper.oracle        | Oracle update error: ('execution reverted', 'no data')
2026-07-03 20:38:15,290 | ERROR    | keeper.oracle        | Oracle update error: ('execution reverted', 'no data')
2026-07-03 20:39:16,031 | ERROR    | keeper.oracle        | Oracle update error: ('execution reverted', 'no data')
2026-07-03 20:40:31,581 | ERROR    | keeper.oracle        | Oracle update error: ('execution reverted', 'no data')
2026-07-03 20:41:32,361 | ERROR    | keeper.oracle        | Oracle update error: ('execution reverted', 'no data')
2026-07-03 20:42:43,062 | ERROR    | keeper.oracle        | Oracle update error: ('execution reverted', 'no data')
2026-07-03 20:43:52,993 | ERROR    | keeper.oracle        | Oracle update error: ('execution reverted', 'no data')
2026-07-03 20:44:53,724 | ERROR    | keeper.oracle        | Oracle update error: ('execution reverted', 'no data')
2026-07-03 20:46:02,186 | ERROR    | keeper.oracle        | Oracle update error: ('execution reverted', 'no data')
2026-07-03 20:47:02,935 | ERROR    | keeper.oracle        | Oracle update error: ('execution reverted', 'no data')
2026-07-03 20:48:12,036 | ERROR    | keeper.oracle        | Oracle update error: ('execution reverted', 'no data')
2026-07-03 20:49:12,916 | ERROR    | keeper.oracle        | Oracle update error: ('execution reverted', 'no data')
2026-07-03 20:50:21,888 | ERROR    | keeper.oracle        | Oracle update error: ('execution reverted', 'no data')
2026-07-03 20:51:24,639 | ERROR    | keeper.oracle        | Oracle update error: ('execution reverted', 'no data')
2026-07-03 20:52:28,038 | ERROR    | keeper.oracle        | Oracle update error: 429 Client Error: Too Many Requests for url: https://mainnet.base.org/
2026-07-03 20:53:28,831 | ERROR    | keeper.oracle        | Oracle update error: ('execution reverted', 'no data')
2026-07-03 20:54:32,781 | ERROR    | keeper.oracle        | Oracle update error: ('execution reverted', 'no data')
2026-07-03 20:55:33,532 | ERROR    | keeper.oracle        | Oracle update error: ('execution reverted', 'no data')
2026-07-03 20:56:34,365 | ERROR    | keeper.oracle        | Oracle update error: ('execution reverted', 'no data')
2026-07-03 20:57:41,515 | ERROR    | keeper.oracle        | Oracle update error: ('execution reverted', 'no data')
2026-07-03 20:58:43,476 | ERROR    | keeper.oracle        | Oracle update error: ('execution reverted', 'no data')
2026-07-03 20:59:52,541 | ERROR    | keeper.oracle        | Oracle update error: ('execution reverted', 'no data')
2026-07-03 21:00:53,447 | ERROR    | keeper.oracle        | Oracle update error: ('execution reverted', 'no data')
2026-07-03 21:01:54,188 | ERROR    | keeper.oracle        | Oracle update error: ('execution reverted', 'no data')
2026-07-03 21:03:03,698 | ERROR    | keeper.oracle        | Oracle update error: ('execution reverted', 'no data')
2026-07-03 21:04:04,438 | ERROR    | keeper.oracle        | Oracle update error: ('execution reverted', 'no data')
2026-07-03 21:05:12,858 | ERROR    | keeper.oracle        | Oracle update error: ('execution reverted', 'no data')
2026-07-03 21:06:13,991 | ERROR    | keeper.oracle        | Oracle update error: ('execution reverted', 'no data')
2026-07-03 21:07:21,519 | ERROR    | keeper.oracle        | Oracle update error: ('execution reverted', 'no data')
2026-07-03 21:08:22,250 | ERROR    | keeper.oracle        | Oracle update error: ('execution reverted', 'no data')
2026-07-03 21:09:30,730 | ERROR    | keeper.oracle        | Oracle update error: ('execution reverted', 'no data')
2026-07-03 21:10:43,661 | ERROR    | keeper.oracle        | Oracle update error: ('execution reverted', 'no data')
2026-07-03 21:11:44,401 | ERROR    | keeper.oracle        | Oracle update error: ('execution reverted', 'no data')
2026-07-03 21:12:51,672 | ERROR    | keeper.oracle        | Oracle update error: ('execution reverted', 'no data')
2026-07-03 21:13:52,392 | ERROR    | keeper.oracle        | Oracle update error: ('execution reverted', 'no data')
2026-07-03 21:15:01,542 | ERROR    | keeper.oracle        | Oracle update error: ('execution reverted', 'no data')
2026-07-03 21:16:02,273 | ERROR    | keeper.oracle        | Oracle update error: ('execution reverted', 'no data')
2026-07-03 21:17:10,714 | ERROR    | keeper.oracle        | Oracle update error: ('execution reverted', 'no data')
2026-07-03 21:18:11,454 | ERROR    | keeper.oracle        | Oracle update error: ('execution reverted', 'no data')
2026-07-03 21:19:21,855 | ERROR    | keeper.oracle        | Oracle update error: ('execution reverted', 'no data')
2026-07-03 21:20:23,286 | ERROR    | keeper.oracle        | Oracle update error: ('execution reverted', 'no data')
2026-07-03 21:21:30,692 | ERROR    | keeper.oracle        | Oracle update error: ('execution reverted', 'no data')
2026-07-03 21:22:43,187 | ERROR    | keeper.oracle        | Oracle update error: ('execution reverted', 'no data')
2026-07-03 21:23:53,510 | ERROR    | keeper.oracle        | Oracle update error: ('execution reverted', 'no data')
2026-07-03 21:25:02,899 | ERROR    | keeper.oracle        | Oracle update error: ('execution reverted', 'no data')
2026-07-03 21:26:03,651 | ERROR    | keeper.oracle        | Oracle update error: ('execution reverted', 'no data')
2026-07-03 21:27:05,251 | ERROR    | keeper.oracle        | Oracle update error: ('execution reverted', 'no data')
2026-07-03 21:28:11,841 | ERROR    | keeper.oracle        | Oracle update error: ('execution reverted', 'no data')
2026-07-03 21:29:13,357 | ERROR    | keeper.oracle        | Oracle update error: ('execution reverted', 'no data')
2026-07-03 21:30:14,128 | ERROR    | keeper.oracle        | Oracle update error: ('execution reverted', 'no data')
2026-07-03 21:31:21,524 | ERROR    | keeper.oracle        | Oracle update error: ('execution reverted', 'no data')
2026-07-03 21:32:22,396 | ERROR    | keeper.oracle        | Oracle update error: ('execution reverted', 'no data')
2026-07-03 21:33:32,104 | ERROR    | keeper.oracle        | Oracle update error: ('execution reverted', 'no data')
2026-07-03 21:34:34,696 | ERROR    | keeper.oracle        | Oracle update error: ('execution reverted', 'no data')
2026-07-03 21:35:37,260 | ERROR    | keeper.oracle        | Oracle update error: ('execution reverted', 'no data')
2026-07-03 21:36:42,757 | ERROR    | keeper.oracle        | Oracle update error: ('execution reverted', 'no data')
2026-07-03 21:37:44,244 | ERROR    | keeper.oracle        | Oracle update error: ('execution reverted', 'no data')
2026-07-03 21:38:45,571 | ERROR    | keeper.oracle        | Oracle update error: ('execution reverted', 'no data')
2026-07-03 21:39:51,836 | ERROR    | keeper.oracle        | Oracle update error: ('execution reverted', 'no data')
2026-07-03 21:41:02,585 | ERROR    | keeper.oracle        | Oracle update error: ('execution reverted', 'no data')
2026-07-03 21:42:03,370 | ERROR    | keeper.oracle        | Oracle update error: ('execution reverted', 'no data')
2026-07-03 21:43:10,591 | ERROR    | keeper.oracle        | Oracle update error: ('execution reverted', 'no data')
2026-07-03 21:44:23,100 | ERROR    | keeper.oracle        | Oracle update error: ('execution reverted', 'no data')
2026-07-03 21:45:23,838 | ERROR    | keeper.oracle        | Oracle update error: ('execution reverted', 'no data')
2026-07-03 21:46:24,587 | ERROR    | keeper.oracle        | Oracle update error: ('execution reverted', 'no data')
2026-07-03 21:47:31,926 | ERROR    | keeper.oracle        | Oracle update error: ('execution reverted', 'no data')
2026-07-03 21:48:32,807 | ERROR    | keeper.oracle        | Oracle update error: ('execution reverted', 'no data')
2026-07-03 21:49:33,536 | ERROR    | keeper.oracle        | Oracle update error: ('execution reverted', 'no data')
2026-07-03 21:50:34,294 | ERROR    | keeper.oracle        | Oracle update error: ('execution reverted', 'no data')
2026-07-03 21:51:35,034 | ERROR    | keeper.oracle        | Oracle update error: ('execution reverted', 'no data')
2026-07-03 21:52:44,393 | ERROR    | keeper.oracle        | Oracle update error: ('execution reverted', 'no data')
2026-07-03 21:53:45,203 | ERROR    | keeper.oracle        | Oracle update error: ('execution reverted', 'no data')
2026-07-03 21:55:00,422 | ERROR    | keeper.oracle        | Oracle update error: ('execution reverted', 'no data')
2026-07-03 21:56:12,653 | ERROR    | keeper.oracle        | Oracle update error: ('execution reverted', 'no data')
2026-07-03 21:57:13,543 | ERROR    | keeper.oracle        | Oracle update error: ('execution reverted', 'no data')
2026-07-03 21:58:25,612 | ERROR    | keeper.oracle        | Oracle update error: ('execution reverted', 'no data')
2026-07-03 21:59:27,645 | ERROR    | keeper.oracle        | Oracle update error: ('execution reverted', 'no data')
2026-07-03 22:00:38,922 | ERROR    | keeper.oracle        | Oracle update error: 429 Client Error: Too Many Requests for url: https://mainnet.base.org/
2026-07-03 22:01:42,052 | ERROR    | keeper.oracle        | Oracle update error: ('execution reverted', 'no data')
2026-07-03 22:02:52,142 | ERROR    | keeper.oracle        | Oracle update error: ('execution reverted', 'no data')
2026-07-03 22:03:52,882 | ERROR    | keeper.oracle        | Oracle update error: ('execution reverted', 'no data')
2026-07-03 22:05:02,613 | ERROR    | keeper.oracle        | Oracle update error: ('execution reverted', 'no data')
2026-07-03 22:06:03,412 | ERROR    | keeper.oracle        | Oracle update error: ('execution reverted', 'no data')
2026-07-03 22:07:04,324 | ERROR    | keeper.oracle        | Oracle update error: ('execution reverted', 'no data')
2026-07-03 22:08:14,526 | ERROR    | keeper.oracle        | Oracle update error: ('execution reverted', 'no data')
2026-07-03 22:09:15,315 | ERROR    | keeper.oracle        | Oracle update error: ('execution reverted', 'no data')
2026-07-03 22:10:30,694 | ERROR    | keeper.oracle        | Oracle update error: ('execution reverted', 'no data')
2026-07-03 22:11:37,669 | ERROR    | keeper.oracle        | Oracle update error: 429 Client Error: Too Many Requests for url: https://mainnet.base.org/
2026-07-03 22:12:38,625 | ERROR    | keeper.oracle        | Oracle update error: ('execution reverted', 'no data')
2026-07-03 22:13:44,210 | ERROR    | keeper.oracle        | Oracle update error: ('execution reverted', 'no data')
2026-07-03 22:14:44,965 | ERROR    | keeper.oracle        | Oracle update error: ('execution reverted', 'no data')
2026-07-03 22:15:45,729 | ERROR    | keeper.oracle        | Oracle update error: ('execution reverted', 'no data')
2026-07-03 22:16:46,543 | ERROR    | keeper.oracle        | Oracle update error: ('execution reverted', 'no data')
2026-07-03 22:17:51,187 | ERROR    | keeper.oracle        | Oracle update error: ('execution reverted', 'no data')
2026-07-03 22:18:51,960 | ERROR    | keeper.oracle        | Oracle update error: ('execution reverted', 'no data')
2026-07-03 22:20:02,514 | ERROR    | keeper.oracle        | Oracle update error: ('execution reverted', 'no data')
2026-07-03 22:21:03,246 | ERROR    | keeper.oracle        | Oracle update error: ('execution reverted', 'no data')
2026-07-03 22:22:08,199 | ERROR    | keeper.oracle        | Oracle update error: ('execution reverted', 'no data')
2026-07-03 22:23:13,751 | ERROR    | keeper.oracle        | Oracle update error: ('execution reverted', 'no data')
2026-07-03 22:24:14,846 | ERROR    | keeper.oracle        | Oracle update error: ('execution reverted', 'no data')
2026-07-03 22:25:18,426 | ERROR    | keeper.oracle        | Oracle update error: ('execution reverted', 'no data')
2026-07-03 22:26:22,737 | ERROR    | keeper.oracle        | Oracle update error: ('execution reverted', 'no data')
2026-07-03 22:27:23,880 | ERROR    | keeper.oracle        | Oracle update error: ('execution reverted', 'no data')
2026-07-03 22:28:24,831 | ERROR    | keeper.oracle        | Oracle update error: ('execution reverted', 'no data')
2026-07-03 22:29:32,113 | ERROR    | keeper.oracle        | Oracle update error: ('execution reverted', 'no data')
2026-07-03 22:30:33,254 | ERROR    | keeper.oracle        | Oracle update error: ('execution reverted', 'no data')
2026-07-03 22:31:34,966 | ERROR    | keeper.oracle        | Oracle update error: ('execution reverted', 'no data')
2026-07-03 22:32:41,707 | ERROR    | keeper.oracle        | Oracle update error: ('execution reverted', 'no data')
2026-07-03 22:33:44,819 | ERROR    | keeper.oracle        | Oracle update error: ('execution reverted', 'no data')
2026-07-03 22:34:46,530 | ERROR    | keeper.oracle        | Oracle update error: ('execution reverted', 'no data')
2026-07-03 22:35:53,137 | ERROR    | keeper.oracle        | Oracle update error: ('execution reverted', 'no data')
2026-07-03 22:37:03,303 | ERROR    | keeper.oracle        | Oracle update error: ('execution reverted', 'no data')
2026-07-03 22:38:04,045 | ERROR    | keeper.oracle        | Oracle update error: ('execution reverted', 'no data')
2026-07-03 22:39:05,286 | ERROR    | keeper.oracle        | Oracle update error: ('execution reverted', 'no data')
2026-07-03 22:40:13,937 | ERROR    | keeper.oracle        | Oracle update error: ('execution reverted', 'no data')
2026-07-03 22:41:19,548 | ERROR    | keeper.oracle        | Oracle update error: 429 Client Error: Too Many Requests for url: https://mainnet.base.org/
2026-07-03 22:42:22,109 | ERROR    | keeper.oracle        | Oracle update error: ('execution reverted', 'no data')
2026-07-03 22:43:23,781 | ERROR    | keeper.oracle        | Oracle update error: ('execution reverted', 'no data')
2026-07-03 22:44:33,181 | ERROR    | keeper.oracle        | Oracle update error: ('execution reverted', 'no data')
2026-07-03 22:45:33,921 | ERROR    | keeper.oracle        | Oracle update error: ('execution reverted', 'no data')
2026-07-03 22:46:47,831 | ERROR    | keeper.oracle        | Oracle update error: 429 Client Error: Too Many Requests for url: https://mainnet.base.org/
2026-07-03 22:47:57,321 | ERROR    | keeper.oracle        | Oracle update error: 429 Client Error: Too Many Requests for url: https://mainnet.base.org/
2026-07-03 22:48:58,110 | ERROR    | keeper.oracle        | Oracle update error: ('execution reverted', 'no data')
2026-07-03 22:50:11,652 | ERROR    | keeper.oracle        | Oracle update error: ('execution reverted', 'no data')
2026-07-03 22:51:12,511 | ERROR    | keeper.oracle        | Oracle update error: ('execution reverted', 'no data')
2026-07-03 22:52:13,443 | ERROR    | keeper.oracle        | Oracle update error: ('execution reverted', 'no data')
2026-07-03 22:53:23,361 | ERROR    | keeper.oracle        | Oracle update error: ('execution reverted', 'no data')
2026-07-03 22:54:24,932 | ERROR    | keeper.oracle        | Oracle update error: ('execution reverted', 'no data')
2026-07-03 22:55:31,491 | ERROR    | keeper.oracle        | Oracle update error: ('execution reverted', 'no data')
2026-07-03 22:56:33,238 | ERROR    | keeper.oracle        | Oracle update error: ('execution reverted', 'no data')
2026-07-03 22:57:34,702 | ERROR    | keeper.oracle        | Oracle update error: ('execution reverted', 'no data')
2026-07-03 22:58:41,943 | ERROR    | keeper.oracle        | Oracle update error: ('execution reverted', 'no data')
2026-07-03 22:59:42,943 | ERROR    | keeper.oracle        | Oracle update error: ('execution reverted', 'no data')
2026-07-03 23:00:53,124 | ERROR    | keeper.oracle        | Oracle update error: ('execution reverted', 'no data')
2026-07-03 23:01:54,494 | ERROR    | keeper.oracle        | Oracle update error: ('execution reverted', 'no data')
2026-07-03 23:02:55,295 | ERROR    | keeper.oracle        | Oracle update error: ('execution reverted', 'no data')
2026-07-03 23:04:01,676 | ERROR    | keeper.oracle        | Oracle update error: ('execution reverted', 'no data')
2026-07-03 23:05:02,707 | ERROR    | keeper.oracle        | Oracle update error: ('execution reverted', 'no data')
2026-07-03 23:06:11,366 | ERROR    | keeper.oracle        | Oracle update error: ('execution reverted', 'no data')
2026-07-03 23:07:13,929 | ERROR    | keeper.oracle        | Oracle update error: ('execution reverted', 'no data')
2026-07-03 23:08:14,895 | ERROR    | keeper.oracle        | Oracle update error: ('execution reverted', 'no data')
2026-07-03 23:09:22,348 | ERROR    | keeper.oracle        | Oracle update error: ('execution reverted', 'no data')
2026-07-03 23:10:25,701 | ERROR    | keeper.oracle        | Oracle update error: ('execution reverted', 'no data')
2026-07-03 23:11:31,940 | ERROR    | keeper.oracle        | Oracle update error: ('execution reverted', 'no data')
2026-07-03 23:12:44,221 | ERROR    | keeper.oracle        | Oracle update error: ('execution reverted', 'no data')
2026-07-03 23:13:44,994 | ERROR    | keeper.oracle        | Oracle update error: ('execution reverted', 'no data')
2026-07-03 23:14:52,725 | ERROR    | keeper.oracle        | Oracle update error: ('execution reverted', 'no data')
2026-07-03 23:15:54,833 | ERROR    | keeper.oracle        | Oracle update error: ('execution reverted', 'no data')
2026-07-03 23:16:55,963 | ERROR    | keeper.oracle        | Oracle update error: ('execution reverted', 'no data')
2026-07-03 23:18:00,454 | ERROR    | keeper.oracle        | Oracle update error: ('execution reverted', 'no data')
2026-07-03 23:19:01,245 | ERROR    | keeper.oracle        | Oracle update error: ('execution reverted', 'no data')
2026-07-03 23:20:13,127 | ERROR    | keeper.oracle        | Oracle update error: ('execution reverted', 'no data')
2026-07-03 23:21:13,938 | ERROR    | keeper.oracle        | Oracle update error: ('execution reverted', 'no data')
2026-07-03 23:22:16,200 | ERROR    | keeper.oracle        | Oracle update error: ('execution reverted', 'no data')
2026-07-03 23:23:24,011 | ERROR    | keeper.oracle        | Oracle update error: ('execution reverted', 'no data')
2026-07-03 23:24:25,203 | ERROR    | keeper.oracle        | Oracle update error: ('execution reverted', 'no data')
2026-07-03 23:25:38,284 | ERROR    | keeper.oracle        | Oracle update error: 429 Client Error: Too Many Requests for url: https://mainnet.base.org/
2026-07-03 23:26:51,095 | ERROR    | keeper.oracle        | Oracle update error: ('execution reverted', 'no data')
2026-07-03 23:27:51,906 | ERROR    | keeper.oracle        | Oracle update error: ('execution reverted', 'no data')
2026-07-03 23:29:00,766 | ERROR    | keeper.oracle        | Oracle update error: ('execution reverted', 'no data')
2026-07-03 23:30:03,508 | ERROR    | keeper.oracle        | Oracle update error: ('execution reverted', 'no data')
2026-07-03 23:31:04,318 | ERROR    | keeper.oracle        | Oracle update error: ('execution reverted', 'no data')
2026-07-03 23:32:10,371 | ERROR    | keeper.oracle        | Oracle update error: ('execution reverted', 'no data')
2026-07-03 23:33:11,437 | ERROR    | keeper.oracle        | Oracle update error: ('execution reverted', 'no data')
2026-07-03 23:34:18,141 | ERROR    | keeper.oracle        | Oracle update error: 429 Client Error: Too Many Requests for url: https://mainnet.base.org/
2026-07-03 23:35:23,770 | ERROR    | keeper.oracle        | Oracle update error: ('execution reverted', 'no data')
2026-07-03 23:36:24,543 | ERROR    | keeper.oracle        | Oracle update error: ('execution reverted', 'no data')
2026-07-03 23:37:42,564 | ERROR    | keeper.oracle        | Oracle update error: ('execution reverted', 'no data')
2026-07-03 23:38:43,366 | ERROR    | keeper.oracle        | Oracle update error: ('execution reverted', 'no data')
2026-07-03 23:39:53,096 | ERROR    | keeper.oracle        | Oracle update error: ('execution reverted', 'no data')
2026-07-03 23:40:53,936 | ERROR    | keeper.oracle        | Oracle update error: ('execution reverted', 'no data')
2026-07-03 23:42:04,188 | ERROR    | keeper.oracle        | Oracle update error: ('execution reverted', 'no data')
2026-07-03 23:43:05,728 | ERROR    | keeper.oracle        | Oracle update error: ('execution reverted', 'no data')
2026-07-03 23:44:21,605 | ERROR    | keeper.oracle        | Oracle update error: ('execution reverted', 'no data')
2026-07-03 23:45:35,511 | ERROR    | keeper.oracle        | Oracle update error: ('execution reverted', 'no data')
2026-07-03 23:46:36,645 | ERROR    | keeper.oracle        | Oracle update error: ('execution reverted', 'no data')
2026-07-03 23:47:41,942 | ERROR    | keeper.oracle        | Oracle update error: ('execution reverted', 'no data')
2026-07-03 23:48:42,763 | ERROR    | keeper.oracle        | Oracle update error: ('execution reverted', 'no data')
2026-07-03 23:49:52,274 | ERROR    | keeper.oracle        | Oracle update error: ('execution reverted', 'no data')
2026-07-03 23:50:54,135 | ERROR    | keeper.oracle        | Oracle update error: ('execution reverted', 'no data')
2026-07-03 23:51:56,525 | ERROR    | keeper.oracle        | Oracle update error: ('execution reverted', 'no data')
2026-07-03 23:53:02,147 | ERROR    | keeper.oracle        | Oracle update error: ('execution reverted', 'no data')
2026-07-03 23:54:02,906 | ERROR    | keeper.oracle        | Oracle update error: ('execution reverted', 'no data')
2026-07-03 23:55:13,740 | ERROR    | keeper.oracle        | Oracle update error: ('execution reverted', 'no data')
2026-07-03 23:56:14,508 | ERROR    | keeper.oracle        | Oracle update error: ('execution reverted', 'no data')
2026-07-03 23:57:15,999 | ERROR    | keeper.oracle        | Oracle update error: ('execution reverted', 'no data')
2026-07-03 23:58:23,829 | ERROR    | keeper.oracle        | Oracle update error: ('execution reverted', 'no data')
2026-07-03 23:59:26,519 | ERROR    | keeper.oracle        | Oracle update error: ('execution reverted', 'no data')
2026-07-04 00:00:32,939 | ERROR    | keeper.oracle        | Oracle update error: ('execution reverted', 'no data')
2026-07-04 00:01:33,670 | ERROR    | keeper.oracle        | Oracle update error: ('execution reverted', 'no data')
2026-07-04 00:02:48,389 | ERROR    | keeper.oracle        | Oracle update error: 429 Client Error: Too Many Requests for url: https://mainnet.base.org/
2026-07-04 00:03:57,091 | ERROR    | keeper.oracle        | Oracle update error: 429 Client Error: Too Many Requests for url: https://mainnet.base.org/
2026-07-04 00:04:57,944 | ERROR    | keeper.oracle        | Oracle update error: ('execution reverted', 'no data')
2026-07-04 00:06:11,409 | ERROR    | keeper.oracle        | Oracle update error: ('execution reverted', 'no data')
2026-07-04 00:07:24,662 | ERROR    | keeper.oracle        | Oracle update error: ('execution reverted', 'no data')
2026-07-04 00:08:25,744 | ERROR    | keeper.oracle        | Oracle update error: ('execution reverted', 'no data')
2026-07-04 00:09:32,505 | ERROR    | keeper.oracle        | Oracle update error: ('execution reverted', 'no data')
2026-07-04 00:10:33,236 | ERROR    | keeper.oracle        | Oracle update error: ('execution reverted', 'no data')
2026-07-04 00:11:41,116 | ERROR    | keeper.oracle        | Oracle update error: ('execution reverted', 'no data')
2026-07-04 00:12:41,866 | ERROR    | keeper.oracle        | Oracle update error: ('execution reverted', 'no data')
2026-07-04 00:13:52,170 | ERROR    | keeper.oracle        | Oracle update error: ('execution reverted', 'no data')
2026-07-04 00:14:52,969 | ERROR    | keeper.oracle        | Oracle update error: ('execution reverted', 'no data')
2026-07-04 00:16:00,728 | ERROR    | keeper.oracle        | Oracle update error: ('execution reverted', 'no data')
2026-07-04 00:17:01,589 | ERROR    | keeper.oracle        | Oracle update error: ('execution reverted', 'no data')
2026-07-04 00:18:11,350 | ERROR    | keeper.oracle        | Oracle update error: ('execution reverted', 'no data')
2026-07-04 00:19:22,981 | ERROR    | keeper.oracle        | Oracle update error: ('execution reverted', 'no data')
2026-07-04 00:20:24,062 | ERROR    | keeper.oracle        | Oracle update error: ('execution reverted', 'no data')
2026-07-04 00:21:30,952 | ERROR    | keeper.oracle        | Oracle update error: ('execution reverted', 'no data')
2026-07-04 00:22:42,073 | ERROR    | keeper.oracle        | Oracle update error: ('execution reverted', 'no data')
2026-07-04 00:23:51,174 | ERROR    | keeper.oracle        | Oracle update error: ('execution reverted', 'no data')
2026-07-04 00:24:51,915 | ERROR    | keeper.oracle        | Oracle update error: ('execution reverted', 'no data')
2026-07-04 00:26:04,466 | ERROR    | keeper.oracle        | Oracle update error: ('execution reverted', 'no data')
2026-07-04 00:27:05,217 | ERROR    | keeper.oracle        | Oracle update error: ('execution reverted', 'no data')
2026-07-04 00:28:12,796 | ERROR    | keeper.oracle        | Oracle update error: ('execution reverted', 'no data')
2026-07-04 00:29:13,625 | ERROR    | keeper.oracle        | Oracle update error: ('execution reverted', 'no data')
2026-07-04 00:30:21,554 | ERROR    | keeper.oracle        | Oracle update error: ('execution reverted', 'no data')
2026-07-04 00:31:22,324 | ERROR    | keeper.oracle        | Oracle update error: ('execution reverted', 'no data')
2026-07-04 00:32:28,472 | ERROR    | keeper.oracle        | Oracle update error: 429 Client Error: Too Many Requests for url: https://mainnet.base.org/
2026-07-04 00:33:29,234 | ERROR    | keeper.oracle        | Oracle update error: ('execution reverted', 'no data')
2026-07-04 00:34:45,883 | ERROR    | keeper.oracle        | Oracle update error: ('execution reverted', 'no data')
2026-07-04 00:35:46,652 | ERROR    | keeper.oracle        | Oracle update error: ('execution reverted', 'no data')
2026-07-04 00:36:52,342 | ERROR    | keeper.oracle        | Oracle update error: ('execution reverted', 'no data')
2026-07-04 00:37:53,082 | ERROR    | keeper.oracle        | Oracle update error: ('execution reverted', 'no data')
2026-07-04 00:39:02,041 | ERROR    | keeper.oracle        | Oracle update error: ('execution reverted', 'no data')
2026-07-04 00:40:02,792 | ERROR    | keeper.oracle        | Oracle update error: ('execution reverted', 'no data')
2026-07-04 00:41:10,993 | ERROR    | keeper.oracle        | Oracle update error: ('execution reverted', 'no data')
2026-07-04 00:42:23,495 | ERROR    | keeper.oracle        | Oracle update error: ('execution reverted', 'no data')
2026-07-04 00:43:24,423 | ERROR    | keeper.oracle        | Oracle update error: ('execution reverted', 'no data')
2026-07-04 00:44:33,184 | ERROR    | keeper.oracle        | Oracle update error: ('execution reverted', 'no data')
2026-07-04 00:45:34,085 | ERROR    | keeper.oracle        | Oracle update error: ('execution reverted', 'no data')
2026-07-04 00:46:43,565 | ERROR    | keeper.oracle        | Oracle update error: ('execution reverted', 'no data')
2026-07-04 00:47:44,845 | ERROR    | keeper.oracle        | Oracle update error: ('execution reverted', 'no data')
2026-07-04 00:48:48,585 | ERROR    | keeper.oracle        | Oracle update error: 429 Client Error: Too Many Requests for url: https://mainnet.base.org/
2026-07-04 00:50:00,606 | ERROR    | keeper.oracle        | Oracle update error: ('execution reverted', 'no data')
2026-07-04 00:51:02,997 | ERROR    | keeper.oracle        | Oracle update error: ('execution reverted', 'no data')
2026-07-04 00:52:04,048 | ERROR    | keeper.oracle        | Oracle update error: ('execution reverted', 'no data')
2026-07-04 00:53:12,148 | ERROR    | keeper.oracle        | Oracle update error: ('execution reverted', 'no data')
2026-07-04 00:54:14,829 | ERROR    | keeper.oracle        | Oracle update error: ('execution reverted', 'no data')
2026-07-04 00:55:15,980 | ERROR    | keeper.oracle        | Oracle update error: ('execution reverted', 'no data')
2026-07-04 00:56:23,081 | ERROR    | keeper.oracle        | Oracle update error: ('execution reverted', 'no data')
2026-07-04 00:57:23,930 | ERROR    | keeper.oracle        | Oracle update error: ('execution reverted', 'no data')
2026-07-04 00:58:32,381 | ERROR    | keeper.oracle        | Oracle update error: ('execution reverted', 'no data')
2026-07-04 00:59:34,072 | ERROR    | keeper.oracle        | Oracle update error: ('execution reverted', 'no data')
2026-07-04 01:00:34,853 | ERROR    | keeper.oracle        | Oracle update error: ('execution reverted', 'no data')
2026-07-04 01:01:42,255 | ERROR    | keeper.oracle        | Oracle update error: ('execution reverted', 'no data')
2026-07-04 01:02:43,016 | ERROR    | keeper.oracle        | Oracle update error: ('execution reverted', 'no data')
2026-07-04 01:03:52,340 | ERROR    | keeper.oracle        | Oracle update error: ('execution reverted', 'no data')
2026-07-04 01:04:53,720 | ERROR    | keeper.oracle        | Oracle update error: ('execution reverted', 'no data')
2026-07-04 01:05:54,485 | ERROR    | keeper.oracle        | Oracle update error: ('execution reverted', 'no data')
2026-07-04 01:07:01,986 | ERROR    | keeper.oracle        | Oracle update error: ('execution reverted', 'no data')
2026-07-04 01:08:02,769 | ERROR    | keeper.oracle        | Oracle update error: ('execution reverted', 'no data')
2026-07-04 01:09:04,480 | ERROR    | keeper.oracle        | Oracle update error: ('execution reverted', 'no data')
2026-07-04 01:10:11,002 | ERROR    | keeper.oracle        | Oracle update error: ('execution reverted', 'no data')
2026-07-04 01:11:11,783 | ERROR    | keeper.oracle        | Oracle update error: ('execution reverted', 'no data')
2026-07-04 01:12:22,535 | ERROR    | keeper.oracle        | Oracle update error: ('execution reverted', 'no data')
2026-07-04 01:13:23,306 | ERROR    | keeper.oracle        | Oracle update error: ('execution reverted', 'no data')
2026-07-04 01:14:32,528 | ERROR    | keeper.oracle        | Oracle update error: ('execution reverted', 'no data')
2026-07-04 01:15:33,249 | ERROR    | keeper.oracle        | Oracle update error: ('execution reverted', 'no data')
2026-07-04 01:16:34,070 | ERROR    | keeper.oracle        | Oracle update error: ('execution reverted', 'no data')
2026-07-04 01:17:42,852 | ERROR    | keeper.oracle        | Oracle update error: ('execution reverted', 'no data')
2026-07-04 01:18:45,534 | ERROR    | keeper.oracle        | Oracle update error: ('execution reverted', 'no data')
2026-07-04 01:19:46,285 | ERROR    | keeper.oracle        | Oracle update error: ('execution reverted', 'no data')
2026-07-04 01:20:58,175 | ERROR    | keeper.oracle        | Oracle update error: 429 Client Error: Too Many Requests for url: https://mainnet.base.org/
2026-07-04 01:21:58,917 | ERROR    | keeper.oracle        | Oracle update error: ('execution reverted', 'no data')
2026-07-04 01:23:01,489 | ERROR    | keeper.oracle        | Oracle update error: ('execution reverted', 'no data')
2026-07-04 01:24:17,880 | ERROR    | keeper.oracle        | Oracle update error: 429 Client Error: Too Many Requests for url: https://mainnet.base.org/
2026-07-04 01:25:23,731 | ERROR    | keeper.oracle        | Oracle update error: ('execution reverted', 'no data')
2026-07-04 01:26:24,493 | ERROR    | keeper.oracle        | Oracle update error: ('execution reverted', 'no data')
2026-07-04 01:27:40,535 | ERROR    | keeper.oracle        | Oracle update error: ('execution reverted', 'no data')
2026-07-04 01:28:53,526 | ERROR    | keeper.oracle        | Oracle update error: ('execution reverted', 'no data')
2026-07-04 01:29:54,266 | ERROR    | keeper.oracle        | Oracle update error: ('execution reverted', 'no data')
2026-07-04 01:31:07,987 | ERROR    | keeper.oracle        | Oracle update error: 429 Client Error: Too Many Requests for url: https://mainnet.base.org/
2026-07-04 01:32:08,778 | ERROR    | keeper.oracle        | Oracle update error: ('execution reverted', 'no data')
2026-07-04 01:33:13,480 | ERROR    | keeper.oracle        | Oracle update error: ('execution reverted', 'no data')
2026-07-04 01:34:14,841 | ERROR    | keeper.oracle        | Oracle update error: ('execution reverted', 'no data')
2026-07-04 01:35:21,772 | ERROR    | keeper.oracle        | Oracle update error: ('execution reverted', 'no data')
2026-07-04 01:36:25,233 | ERROR    | keeper.oracle        | Oracle update error: ('execution reverted', 'no data')
2026-07-04 01:37:25,966 | ERROR    | keeper.oracle        | Oracle update error: ('execution reverted', 'no data')
2026-07-04 01:38:26,725 | ERROR    | keeper.oracle        | Oracle update error: ('execution reverted', 'no data')
2026-07-04 01:39:33,166 | ERROR    | keeper.oracle        | Oracle update error: ('execution reverted', 'no data')
2026-07-04 01:40:33,890 | ERROR    | keeper.oracle        | Oracle update error: ('execution reverted', 'no data')
2026-07-04 01:41:34,898 | ERROR    | keeper.oracle        | Oracle update error: ('execution reverted', 'no data')
2026-07-04 01:42:41,318 | ERROR    | keeper.oracle        | Oracle update error: ('execution reverted', 'no data')
2026-07-04 01:43:52,120 | ERROR    | keeper.oracle        | Oracle update error: ('execution reverted', 'no data')
2026-07-04 01:44:52,853 | ERROR    | keeper.oracle        | Oracle update error: ('execution reverted', 'no data')
2026-07-04 01:45:53,902 | ERROR    | keeper.oracle        | Oracle update error: ('execution reverted', 'no data')
2026-07-04 01:46:55,143 | ERROR    | keeper.oracle        | Oracle update error: ('execution reverted', 'no data')
2026-07-04 01:47:55,894 | ERROR    | keeper.oracle        | Oracle update error: ('execution reverted', 'no data')
2026-07-04 01:49:01,705 | ERROR    | keeper.oracle        | Oracle update error: ('execution reverted', 'no data')
2026-07-04 01:50:13,067 | ERROR    | keeper.oracle        | Oracle update error: ('execution reverted', 'no data')
2026-07-04 01:51:23,056 | ERROR    | keeper.oracle        | Oracle update error: ('execution reverted', 'no data')
2026-07-04 01:52:24,708 | ERROR    | keeper.oracle        | Oracle update error: ('execution reverted', 'no data')
2026-07-04 01:53:31,049 | ERROR    | keeper.oracle        | Oracle update error: ('execution reverted', 'no data')
2026-07-04 01:54:42,600 | ERROR    | keeper.oracle        | Oracle update error: ('execution reverted', 'no data')
2026-07-04 01:55:43,342 | ERROR    | keeper.oracle        | Oracle update error: ('execution reverted', 'no data')
2026-07-04 01:56:44,063 | ERROR    | keeper.oracle        | Oracle update error: ('execution reverted', 'no data')
2026-07-04 01:57:44,894 | ERROR    | keeper.oracle        | Oracle update error: ('execution reverted', 'no data')
2026-07-04 01:58:47,706 | ERROR    | keeper.oracle        | Oracle update error: ('execution reverted', 'no data')
2026-07-04 01:59:51,175 | ERROR    | keeper.oracle        | Oracle update error: ('execution reverted', 'no data')
2026-07-04 02:01:03,987 | ERROR    | keeper.oracle        | Oracle update error: ('execution reverted', 'no data')
2026-07-04 02:02:05,237 | ERROR    | keeper.oracle        | Oracle update error: ('execution reverted', 'no data')
2026-07-04 02:03:11,758 | ERROR    | keeper.oracle        | Oracle update error: ('execution reverted', 'no data')
2026-07-04 02:04:14,440 | ERROR    | keeper.oracle        | Oracle update error: ('execution reverted', 'no data')
2026-07-04 02:05:21,580 | ERROR    | keeper.oracle        | Oracle update error: ('execution reverted', 'no data')
2026-07-04 02:06:24,201 | ERROR    | keeper.oracle        | Oracle update error: ('execution reverted', 'no data')
2026-07-04 02:07:25,372 | ERROR    | keeper.oracle        | Oracle update error: ('execution reverted', 'no data')
2026-07-04 02:08:31,703 | ERROR    | keeper.oracle        | Oracle update error: ('execution reverted', 'no data')
2026-07-04 02:09:32,444 | ERROR    | keeper.oracle        | Oracle update error: ('execution reverted', 'no data')
2026-07-04 02:10:40,583 | ERROR    | keeper.oracle        | Oracle update error: ('execution reverted', 'no data')
2026-07-04 02:11:51,633 | ERROR    | keeper.oracle        | Oracle update error: ('execution reverted', 'no data')
2026-07-04 02:12:52,392 | ERROR    | keeper.oracle        | Oracle update error: ('execution reverted', 'no data')
2026-07-04 02:13:59,262 | ERROR    | keeper.oracle        | Oracle update error: 429 Client Error: Too Many Requests for url: https://mainnet.base.org/
2026-07-04 02:14:59,982 | ERROR    | keeper.oracle        | Oracle update error: ('execution reverted', 'no data')
2026-07-04 02:16:00,834 | ERROR    | keeper.oracle        | Oracle update error: ('execution reverted', 'no data')
2026-07-04 02:17:11,441 | ERROR    | keeper.oracle        | Oracle update error: ('execution reverted', 'no data')
2026-07-04 02:18:23,016 | ERROR    | keeper.oracle        | Oracle update error: ('execution reverted', 'no data')
2026-07-04 02:19:23,742 | ERROR    | keeper.oracle        | Oracle update error: ('execution reverted', 'no data')
2026-07-04 02:20:38,312 | ERROR    | keeper.oracle        | Oracle update error: ('execution reverted', 'no data')
2026-07-04 02:21:39,044 | ERROR    | keeper.oracle        | Oracle update error: ('execution reverted', 'no data')
2026-07-04 02:22:42,703 | ERROR    | keeper.oracle        | Oracle update error: ('execution reverted', 'no data')
2026-07-04 02:23:43,494 | ERROR    | keeper.oracle        | Oracle update error: ('execution reverted', 'no data')
2026-07-04 02:24:51,103 | ERROR    | keeper.oracle        | Oracle update error: ('execution reverted', 'no data')
2026-07-04 02:25:53,645 | ERROR    | keeper.oracle        | Oracle update error: ('execution reverted', 'no data')
2026-07-04 02:26:54,384 | ERROR    | keeper.oracle        | Oracle update error: ('execution reverted', 'no data')
2026-07-04 02:28:01,707 | ERROR    | keeper.oracle        | Oracle update error: ('execution reverted', 'no data')
2026-07-04 02:29:03,796 | ERROR    | keeper.oracle        | Oracle update error: ('execution reverted', 'no data')
2026-07-04 02:30:10,729 | ERROR    | keeper.oracle        | Oracle update error: ('execution reverted', 'no data')
2026-07-04 02:31:12,307 | ERROR    | keeper.oracle        | Oracle update error: ('execution reverted', 'no data')
2026-07-04 02:32:20,258 | ERROR    | keeper.oracle        | Oracle update error: ('execution reverted', 'no data')
2026-07-04 02:33:20,988 | ERROR    | keeper.oracle        | Oracle update error: ('execution reverted', 'no data')
2026-07-04 02:34:30,709 | ERROR    | keeper.oracle        | Oracle update error: ('execution reverted', 'no data')
2026-07-04 02:35:31,550 | ERROR    | keeper.oracle        | Oracle update error: ('execution reverted', 'no data')
2026-07-04 02:36:34,690 | ERROR    | keeper.oracle        | Oracle update error: ('execution reverted', 'no data')
2026-07-04 02:37:35,781 | ERROR    | keeper.oracle        | Oracle update error: ('execution reverted', 'no data')
2026-07-04 02:38:50,422 | ERROR    | keeper.oracle        | Oracle update error: ('execution reverted', 'no data')
2026-07-04 02:40:03,193 | ERROR    | keeper.oracle        | Oracle update error: ('execution reverted', 'no data')
2026-07-04 02:41:05,103 | ERROR    | keeper.oracle        | Oracle update error: ('execution reverted', 'no data')
2026-07-04 02:42:14,294 | ERROR    | keeper.oracle        | Oracle update error: ('execution reverted', 'no data')
2026-07-04 02:43:15,455 | ERROR    | keeper.oracle        | Oracle update error: ('execution reverted', 'no data')
2026-07-04 02:44:16,196 | ERROR    | keeper.oracle        | Oracle update error: ('execution reverted', 'no data')
2026-07-04 02:45:25,107 | ERROR    | keeper.oracle        | Oracle update error: ('execution reverted', 'no data')
2026-07-04 02:46:25,886 | ERROR    | keeper.oracle        | Oracle update error: ('execution reverted', 'no data')
2026-07-04 02:47:33,397 | ERROR    | keeper.oracle        | Oracle update error: ('execution reverted', 'no data')
2026-07-04 02:48:34,988 | ERROR    | keeper.oracle        | Oracle update error: ('execution reverted', 'no data')
2026-07-04 02:49:35,749 | ERROR    | keeper.oracle        | Oracle update error: ('execution reverted', 'no data')
2026-07-04 02:50:42,140 | ERROR    | keeper.oracle        | Oracle update error: ('execution reverted', 'no data')
2026-07-04 02:51:51,760 | ERROR    | keeper.oracle        | Oracle update error: ('execution reverted', 'no data')
2026-07-04 02:52:52,571 | ERROR    | keeper.oracle        | Oracle update error: ('execution reverted', 'no data')
2026-07-04 02:54:01,562 | ERROR    | keeper.oracle        | Oracle update error: ('execution reverted', 'no data')
2026-07-04 02:55:03,482 | ERROR    | keeper.oracle        | Oracle update error: ('execution reverted', 'no data')
2026-07-04 02:56:06,103 | ERROR    | keeper.oracle        | Oracle update error: ('execution reverted', 'no data')
2026-07-04 02:57:06,846 | ERROR    | keeper.oracle        | Oracle update error: ('execution reverted', 'no data')
2026-07-04 02:58:13,725 | ERROR    | keeper.oracle        | Oracle update error: ('execution reverted', 'no data')
2026-07-04 02:59:14,486 | ERROR    | keeper.oracle        | Oracle update error: ('execution reverted', 'no data')
2026-07-04 03:00:21,906 | ERROR    | keeper.oracle        | Oracle update error: ('execution reverted', 'no data')
2026-07-04 03:01:31,908 | ERROR    | keeper.oracle        | Oracle update error: ('execution reverted', 'no data')
2026-07-04 03:02:33,358 | ERROR    | keeper.oracle        | Oracle update error: ('execution reverted', 'no data')
2026-07-04 03:03:34,208 | ERROR    | keeper.oracle        | Oracle update error: ('execution reverted', 'no data')
2026-07-04 03:04:41,560 | ERROR    | keeper.oracle        | Oracle update error: ('execution reverted', 'no data')
2026-07-04 03:05:44,010 | ERROR    | keeper.oracle        | Oracle update error: ('execution reverted', 'no data')
2026-07-04 03:06:45,891 | ERROR    | keeper.oracle        | Oracle update error: ('execution reverted', 'no data')
2026-07-04 03:07:52,098 | ERROR    | keeper.oracle        | Oracle update error: ('execution reverted', 'no data')
2026-07-04 03:08:52,814 | ERROR    | keeper.oracle        | Oracle update error: ('execution reverted', 'no data')
2026-07-04 03:09:53,572 | ERROR    | keeper.oracle        | Oracle update error: ('execution reverted', 'no data')
2026-07-04 03:11:02,103 | ERROR    | keeper.oracle        | Oracle update error: ('execution reverted', 'no data')
2026-07-04 03:12:17,403 | ERROR    | keeper.oracle        | Oracle update error: 429 Client Error: Too Many Requests for url: https://mainnet.base.org/
2026-07-04 03:13:18,165 | ERROR    | keeper.oracle        | Oracle update error: ('execution reverted', 'no data')
2026-07-04 03:14:23,965 | ERROR    | keeper.oracle        | Oracle update error: ('execution reverted', 'no data')
2026-07-04 03:15:24,692 | ERROR    | keeper.oracle        | Oracle update error: ('execution reverted', 'no data')
2026-07-04 03:16:32,368 | ERROR    | keeper.oracle        | Oracle update error: ('execution reverted', 'no data')
2026-07-04 03:17:34,198 | ERROR    | keeper.oracle        | Oracle update error: ('execution reverted', 'no data')
2026-07-04 03:18:36,218 | ERROR    | keeper.oracle        | Oracle update error: ('execution reverted', 'no data')
2026-07-04 03:19:41,411 | ERROR    | keeper.oracle        | Oracle update error: ('execution reverted', 'no data')
2026-07-04 03:20:42,141 | ERROR    | keeper.oracle        | Oracle update error: ('execution reverted', 'no data')
2026-07-04 03:21:42,892 | ERROR    | keeper.oracle        | Oracle update error: ('execution reverted', 'no data')
2026-07-04 03:22:51,074 | ERROR    | keeper.oracle        | Oracle update error: ('execution reverted', 'no data')
2026-07-04 03:23:56,883 | ERROR    | keeper.oracle        | Oracle update error: ('execution reverted', 'no data')
2026-07-04 03:25:01,444 | ERROR    | keeper.oracle        | Oracle update error: ('execution reverted', 'no data')
2026-07-04 03:26:03,386 | ERROR    | keeper.oracle        | Oracle update error: ('execution reverted', 'no data')
2026-07-04 03:27:04,106 | ERROR    | keeper.oracle        | Oracle update error: ('execution reverted', 'no data')
2026-07-04 03:28:04,817 | ERROR    | keeper.oracle        | Oracle update error: ('execution reverted', 'no data')
2026-07-04 03:29:05,609 | ERROR    | keeper.oracle        | Oracle update error: ('execution reverted', 'no data')
2026-07-04 03:30:06,339 | ERROR    | keeper.oracle        | Oracle update error: ('execution reverted', 'no data')
2026-07-04 03:31:07,320 | ERROR    | keeper.oracle        | Oracle update error: ('execution reverted', 'no data')
2026-07-04 03:32:08,051 | ERROR    | keeper.oracle        | Oracle update error: ('execution reverted', 'no data')
2026-07-04 03:33:08,870 | ERROR    | keeper.oracle        | Oracle update error: ('execution reverted', 'no data')
2026-07-04 03:34:17,301 | ERROR    | keeper.oracle        | Oracle update error: 429 Client Error: Too Many Requests for url: https://mainnet.base.org/
2026-07-04 03:35:24,043 | ERROR    | keeper.oracle        | Oracle update error: ('execution reverted', 'no data')
2026-07-04 03:36:24,752 | ERROR    | keeper.oracle        | Oracle update error: ('execution reverted', 'no data')
2026-07-04 03:37:41,345 | ERROR    | keeper.oracle        | Oracle update error: ('execution reverted', 'no data')
2026-07-04 03:38:53,275 | ERROR    | keeper.oracle        | Oracle update error: ('execution reverted', 'no data')
2026-07-04 03:39:53,986 | ERROR    | keeper.oracle        | Oracle update error: ('execution reverted', 'no data')
2026-07-04 03:40:56,107 | ERROR    | keeper.oracle        | Oracle update error: ('execution reverted', 'no data')
2026-07-04 03:42:01,418 | ERROR    | keeper.oracle        | Oracle update error: ('execution reverted', 'no data')
2026-07-04 03:43:03,062 | ERROR    | keeper.oracle        | Oracle update error: ('execution reverted', 'no data')
2026-07-04 03:44:04,069 | ERROR    | keeper.oracle        | Oracle update error: ('execution reverted', 'no data')
2026-07-04 03:45:11,640 | ERROR    | keeper.oracle        | Oracle update error: ('execution reverted', 'no data')
2026-07-04 03:46:12,381 | ERROR    | keeper.oracle        | Oracle update error: ('execution reverted', 'no data')
2026-07-04 03:47:13,402 | ERROR    | keeper.oracle        | Oracle update error: ('execution reverted', 'no data')
2026-07-04 03:48:21,143 | ERROR    | keeper.oracle        | Oracle update error: ('execution reverted', 'no data')
2026-07-04 03:49:23,543 | ERROR    | keeper.oracle        | Oracle update error: ('execution reverted', 'no data')
2026-07-04 03:50:24,244 | ERROR    | keeper.oracle        | Oracle update error: ('execution reverted', 'no data')
2026-07-04 03:51:32,158 | ERROR    | keeper.oracle        | Oracle update error: ('execution reverted', 'no data')
2026-07-04 03:52:32,957 | ERROR    | keeper.oracle        | Oracle update error: ('execution reverted', 'no data')
2026-07-04 03:53:42,226 | ERROR    | keeper.oracle        | Oracle update error: ('execution reverted', 'no data')
2026-07-04 03:54:42,968 | ERROR    | keeper.oracle        | Oracle update error: ('execution reverted', 'no data')
2026-07-04 03:55:51,431 | ERROR    | keeper.oracle        | Oracle update error: ('execution reverted', 'no data')
2026-07-04 03:56:52,241 | ERROR    | keeper.oracle        | Oracle update error: ('execution reverted', 'no data')
2026-07-04 03:58:00,740 | ERROR    | keeper.oracle        | Oracle update error: ('execution reverted', 'no data')
2026-07-04 03:59:01,461 | ERROR    | keeper.oracle        | Oracle update error: ('execution reverted', 'no data')
2026-07-04 04:00:13,381 | ERROR    | keeper.oracle        | Oracle update error: ('execution reverted', 'no data')
2026-07-04 04:01:14,143 | ERROR    | keeper.oracle        | Oracle update error: ('execution reverted', 'no data')
2026-07-04 04:02:28,032 | ERROR    | keeper.oracle        | Oracle update error: 429 Client Error: Too Many Requests for url: https://mainnet.base.org/
2026-07-04 04:03:40,454 | ERROR    | keeper.oracle        | Oracle update error: ('execution reverted', 'no data')
2026-07-04 04:04:52,565 | ERROR    | keeper.oracle        | Oracle update error: ('execution reverted', 'no data')
2026-07-04 04:05:53,907 | ERROR    | keeper.oracle        | Oracle update error: ('execution reverted', 'no data')
2026-07-04 04:06:54,666 | ERROR    | keeper.oracle        | Oracle update error: ('execution reverted', 'no data')
2026-07-04 04:07:57,997 | ERROR    | keeper.oracle        | Oracle update error: 429 Client Error: Too Many Requests for url: https://mainnet.base.org/
2026-07-04 04:09:04,338 | ERROR    | keeper.oracle        | Oracle update error: ('execution reverted', 'no data')
2026-07-04 04:10:05,060 | ERROR    | keeper.oracle        | Oracle update error: ('execution reverted', 'no data')
2026-07-04 04:11:05,810 | ERROR    | keeper.oracle        | Oracle update error: ('execution reverted', 'no data')
2026-07-04 04:12:12,320 | ERROR    | keeper.oracle        | Oracle update error: ('execution reverted', 'no data')
2026-07-04 04:13:13,691 | ERROR    | keeper.oracle        | Oracle update error: ('execution reverted', 'no data')
2026-07-04 04:14:21,112 | ERROR    | keeper.oracle        | Oracle update error: ('execution reverted', 'no data')
2026-07-04 04:15:35,953 | ERROR    | keeper.oracle        | Oracle update error: ('execution reverted', 'no data')
2026-07-04 04:16:36,733 | ERROR    | keeper.oracle        | Oracle update error: ('execution reverted', 'no data')
2026-07-04 04:17:41,105 | ERROR    | keeper.oracle        | Oracle update error: ('execution reverted', 'no data')
2026-07-04 04:18:41,865 | ERROR    | keeper.oracle        | Oracle update error: ('execution reverted', 'no data')
2026-07-04 04:19:52,027 | ERROR    | keeper.oracle        | Oracle update error: ('execution reverted', 'no data')
2026-07-04 04:20:52,797 | ERROR    | keeper.oracle        | Oracle update error: ('execution reverted', 'no data')
2026-07-04 04:21:53,527 | ERROR    | keeper.oracle        | Oracle update error: ('execution reverted', 'no data')
2026-07-04 04:23:03,948 | ERROR    | keeper.oracle        | Oracle update error: ('execution reverted', 'no data')
2026-07-04 04:24:04,679 | ERROR    | keeper.oracle        | Oracle update error: ('execution reverted', 'no data')
2026-07-04 04:25:06,489 | ERROR    | keeper.oracle        | Oracle update error: ('execution reverted', 'no data')
2026-07-04 04:26:11,842 | ERROR    | keeper.oracle        | Oracle update error: ('execution reverted', 'no data')
2026-07-04 04:27:12,613 | ERROR    | keeper.oracle        | Oracle update error: ('execution reverted', 'no data')
2026-07-04 04:28:15,574 | ERROR    | keeper.oracle        | Oracle update error: ('execution reverted', 'no data')
2026-07-04 04:29:16,660 | ERROR    | keeper.oracle        | Oracle update error: ('execution reverted', 'no data')
2026-07-04 04:30:21,935 | ERROR    | keeper.oracle        | Oracle update error: ('execution reverted', 'no data')
2026-07-04 04:31:32,216 | ERROR    | keeper.oracle        | Oracle update error: ('execution reverted', 'no data')
2026-07-04 04:32:33,340 | ERROR    | keeper.oracle        | Oracle update error: ('execution reverted', 'no data')
2026-07-04 04:33:35,481 | ERROR    | keeper.oracle        | Oracle update error: ('execution reverted', 'no data')
2026-07-04 04:34:36,212 | ERROR    | keeper.oracle        | Oracle update error: ('execution reverted', 'no data')
2026-07-04 04:35:51,554 | ERROR    | keeper.oracle        | Oracle update error: ('execution reverted', 'no data')
2026-07-04 04:36:52,336 | ERROR    | keeper.oracle        | Oracle update error: ('execution reverted', 'no data')
2026-07-04 04:37:56,680 | ERROR    | keeper.oracle        | Oracle update error: 429 Client Error: Too Many Requests for url: https://mainnet.base.org/
2026-07-04 04:39:03,658 | ERROR    | keeper.oracle        | Oracle update error: ('execution reverted', 'no data')
2026-07-04 04:40:04,368 | ERROR    | keeper.oracle        | Oracle update error: ('execution reverted', 'no data')
2026-07-04 04:41:12,760 | ERROR    | keeper.oracle        | Oracle update error: ('execution reverted', 'no data')
2026-07-04 04:42:13,521 | ERROR    | keeper.oracle        | Oracle update error: ('execution reverted', 'no data')
2026-07-04 04:43:23,852 | ERROR    | keeper.oracle        | Oracle update error: ('execution reverted', 'no data')
2026-07-04 04:44:25,143 | ERROR    | keeper.oracle        | Oracle update error: ('execution reverted', 'no data')
2026-07-04 04:45:31,284 | ERROR    | keeper.oracle        | Oracle update error: ('execution reverted', 'no data')
2026-07-04 04:46:33,925 | ERROR    | keeper.oracle        | Oracle update error: ('execution reverted', 'no data')
2026-07-04 04:47:41,587 | ERROR    | keeper.oracle        | Oracle update error: ('execution reverted', 'no data')
2026-07-04 04:48:43,948 | ERROR    | keeper.oracle        | Oracle update error: ('execution reverted', 'no data')
2026-07-04 04:49:55,438 | ERROR    | keeper.oracle        | Oracle update error: ('execution reverted', 'no data')
2026-07-04 04:50:56,169 | ERROR    | keeper.oracle        | Oracle update error: ('execution reverted', 'no data')
2026-07-04 04:52:12,781 | ERROR    | keeper.oracle        | Oracle update error: ('execution reverted', 'no data')
2026-07-04 04:53:13,591 | ERROR    | keeper.oracle        | Oracle update error: ('execution reverted', 'no data')
2026-07-04 04:54:21,412 | ERROR    | keeper.oracle        | Oracle update error: ('execution reverted', 'no data')
2026-07-04 04:55:23,863 | ERROR    | keeper.oracle        | Oracle update error: ('execution reverted', 'no data')
2026-07-04 04:56:31,904 | ERROR    | keeper.oracle        | Oracle update error: ('execution reverted', 'no data')
2026-07-04 04:57:32,775 | ERROR    | keeper.oracle        | Oracle update error: ('execution reverted', 'no data')
2026-07-04 04:58:34,686 | ERROR    | keeper.oracle        | Oracle update error: ('execution reverted', 'no data')
2026-07-04 04:59:35,427 | ERROR    | keeper.oracle        | Oracle update error: ('execution reverted', 'no data')
2026-07-04 05:00:43,276 | ERROR    | keeper.oracle        | Oracle update error: ('execution reverted', 'no data')
2026-07-04 05:01:43,996 | ERROR    | keeper.oracle        | Oracle update error: ('execution reverted', 'no data')
2026-07-04 05:02:46,277 | ERROR    | keeper.oracle        | Oracle update error: ('execution reverted', 'no data')
2026-07-04 05:03:47,125 | ERROR    | keeper.oracle        | Oracle update error: ('execution reverted', 'no data')
2026-07-04 05:04:52,594 | ERROR    | keeper.oracle        | Oracle update error: ('execution reverted', 'no data')
2026-07-04 05:05:53,324 | ERROR    | keeper.oracle        | Oracle update error: ('execution reverted', 'no data')
2026-07-04 05:07:07,714 | ERROR    | keeper.oracle        | Oracle update error: ('execution reverted', 'no data')
2026-07-04 05:08:11,254 | ERROR    | keeper.oracle        | Oracle update error: ('execution reverted', 'no data')
2026-07-04 05:09:11,974 | ERROR    | keeper.oracle        | Oracle update error: ('execution reverted', 'no data')
2026-07-04 05:10:20,834 | ERROR    | keeper.oracle        | Oracle update error: ('execution reverted', 'no data')
2026-07-04 05:11:21,574 | ERROR    | keeper.oracle        | Oracle update error: ('execution reverted', 'no data')
2026-07-04 05:12:30,664 | ERROR    | keeper.oracle        | Oracle update error: ('execution reverted', 'no data')
2026-07-04 05:13:42,544 | ERROR    | keeper.oracle        | Oracle update error: ('execution reverted', 'no data')
2026-07-04 05:14:43,265 | ERROR    | keeper.oracle        | Oracle update error: ('execution reverted', 'no data')
2026-07-04 05:15:51,095 | ERROR    | keeper.oracle        | Oracle update error: ('execution reverted', 'no data')
2026-07-04 05:17:02,675 | ERROR    | keeper.oracle        | Oracle update error: ('execution reverted', 'no data')
2026-07-04 05:18:03,475 | ERROR    | keeper.oracle        | Oracle update error: ('execution reverted', 'no data')
2026-07-04 05:19:12,497 | ERROR    | keeper.oracle        | Oracle update error: ('execution reverted', 'no data')
2026-07-04 05:20:13,506 | ERROR    | keeper.oracle        | Oracle update error: ('execution reverted', 'no data')
2026-07-04 05:21:14,266 | ERROR    | keeper.oracle        | Oracle update error: ('execution reverted', 'no data')
2026-07-04 05:22:22,297 | ERROR    | keeper.oracle        | Oracle update error: ('execution reverted', 'no data')
2026-07-04 05:23:25,938 | ERROR    | keeper.oracle        | Oracle update error: ('execution reverted', 'no data')
2026-07-04 05:24:33,709 | ERROR    | keeper.oracle        | Oracle update error: ('execution reverted', 'no data')
2026-07-04 05:25:34,559 | ERROR    | keeper.oracle        | Oracle update error: ('execution reverted', 'no data')
2026-07-04 05:26:35,289 | ERROR    | keeper.oracle        | Oracle update error: ('execution reverted', 'no data')
2026-07-04 05:27:43,330 | ERROR    | keeper.oracle        | Oracle update error: ('execution reverted', 'no data')
2026-07-04 05:28:45,841 | ERROR    | keeper.oracle        | Oracle update error: ('execution reverted', 'no data')
2026-07-04 05:29:52,711 | ERROR    | keeper.oracle        | Oracle update error: ('execution reverted', 'no data')
2026-07-04 05:30:53,451 | ERROR    | keeper.oracle        | Oracle update error: ('execution reverted', 'no data')
2026-07-04 05:31:54,302 | ERROR    | keeper.oracle        | Oracle update error: ('execution reverted', 'no data')
2026-07-04 05:32:55,035 | ERROR    | keeper.oracle        | Oracle update error: ('execution reverted', 'no data')
2026-07-04 05:34:01,843 | ERROR    | keeper.oracle        | Oracle update error: ('execution reverted', 'no data')
2026-07-04 05:35:02,584 | ERROR    | keeper.oracle        | Oracle update error: ('execution reverted', 'no data')
2026-07-04 05:36:10,733 | ERROR    | keeper.oracle        | Oracle update error: ('execution reverted', 'no data')
2026-07-04 05:37:11,928 | ERROR    | keeper.oracle        | Oracle update error: ('execution reverted', 'no data')
2026-07-04 05:38:14,978 | ERROR    | keeper.oracle        | Oracle update error: ('execution reverted', 'no data')
2026-07-04 05:39:15,790 | ERROR    | keeper.oracle        | Oracle update error: ('execution reverted', 'no data')
2026-07-04 05:40:22,191 | ERROR    | keeper.oracle        | Oracle update error: ('execution reverted', 'no data')
2026-07-04 05:41:22,925 | ERROR    | keeper.oracle        | Oracle update error: ('execution reverted', 'no data')
2026-07-04 05:42:27,183 | ERROR    | keeper.oracle        | Oracle update error: 429 Client Error: Too Many Requests for url: https://mainnet.base.org/
2026-07-04 05:43:41,188 | ERROR    | keeper.oracle        | Oracle update error: ('execution reverted', 'no data')
2026-07-04 05:44:42,786 | ERROR    | keeper.oracle        | Oracle update error: ('execution reverted', 'no data')
2026-07-04 05:45:51,607 | ERROR    | keeper.oracle        | Oracle update error: ('execution reverted', 'no data')
2026-07-04 05:46:52,367 | ERROR    | keeper.oracle        | Oracle update error: ('execution reverted', 'no data')
2026-07-04 05:48:02,039 | ERROR    | keeper.oracle        | Oracle update error: ('execution reverted', 'no data')
2026-07-04 05:49:04,751 | ERROR    | keeper.oracle        | Oracle update error: ('execution reverted', 'no data')
2026-07-04 05:50:11,270 | ERROR    | keeper.oracle        | Oracle update error: ('execution reverted', 'no data')
2026-07-04 05:51:22,541 | ERROR    | keeper.oracle        | Oracle update error: ('execution reverted', 'no data')
2026-07-04 05:52:23,962 | ERROR    | keeper.oracle        | Oracle update error: ('execution reverted', 'no data')
2026-07-04 05:53:31,274 | ERROR    | keeper.oracle        | Oracle update error: ('execution reverted', 'no data')
2026-07-04 05:54:44,675 | ERROR    | keeper.oracle        | Oracle update error: ('execution reverted', 'no data')
2026-07-04 05:55:53,516 | ERROR    | keeper.oracle        | Oracle update error: ('execution reverted', 'no data')
2026-07-04 05:56:54,286 | ERROR    | keeper.oracle        | Oracle update error: ('execution reverted', 'no data')
2026-07-04 05:57:58,117 | ERROR    | keeper.oracle        | Oracle update error: ('execution reverted', 'no data')
2026-07-04 05:59:03,957 | ERROR    | keeper.oracle        | Oracle update error: ('execution reverted', 'no data')
2026-07-04 06:00:04,728 | ERROR    | keeper.oracle        | Oracle update error: ('execution reverted', 'no data')
2026-07-04 06:01:19,179 | ERROR    | keeper.oracle        | Oracle update error: 429 Client Error: Too Many Requests for url: https://mainnet.base.org/
2026-07-04 06:02:34,789 | ERROR    | keeper.oracle        | Oracle update error: ('execution reverted', 'no data')
2026-07-04 06:03:36,731 | ERROR    | keeper.oracle        | Oracle update error: ('execution reverted', 'no data')
2026-07-04 06:04:37,511 | ERROR    | keeper.oracle        | Oracle update error: ('execution reverted', 'no data')
2026-07-04 06:05:50,732 | ERROR    | keeper.oracle        | Oracle update error: ('execution reverted', 'no data')
2026-07-04 06:06:51,513 | ERROR    | keeper.oracle        | Oracle update error: ('execution reverted', 'no data')
2026-07-04 06:08:04,524 | ERROR    | keeper.oracle        | Oracle update error: ('execution reverted', 'no data')
2026-07-04 06:09:05,354 | ERROR    | keeper.oracle        | Oracle update error: ('execution reverted', 'no data')
2026-07-04 06:10:15,396 | ERROR    | keeper.oracle        | Oracle update error: ('execution reverted', 'no data')
2026-07-04 06:11:16,128 | ERROR    | keeper.oracle        | Oracle update error: ('execution reverted', 'no data')
2026-07-04 06:12:31,449 | ERROR    | keeper.oracle        | Oracle update error: ('execution reverted', 'no data')
2026-07-04 06:13:42,711 | ERROR    | keeper.oracle        | Oracle update error: ('execution reverted', 'no data')
2026-07-04 06:14:43,432 | ERROR    | keeper.oracle        | Oracle update error: ('execution reverted', 'no data')
2026-07-04 06:15:51,183 | ERROR    | keeper.oracle        | Oracle update error: ('execution reverted', 'no data')
2026-07-04 06:16:52,534 | ERROR    | keeper.oracle        | Oracle update error: ('execution reverted', 'no data')
2026-07-04 06:18:01,676 | ERROR    | keeper.oracle        | Oracle update error: ('execution reverted', 'no data')
2026-07-04 06:19:13,507 | ERROR    | keeper.oracle        | Oracle update error: ('execution reverted', 'no data')
2026-07-04 06:20:14,239 | ERROR    | keeper.oracle        | Oracle update error: ('execution reverted', 'no data')
2026-07-04 06:21:21,899 | ERROR    | keeper.oracle        | Oracle update error: ('execution reverted', 'no data')
2026-07-04 06:22:41,031 | ERROR    | keeper.oracle        | Oracle update error: ('execution reverted', 'no data')
2026-07-04 06:23:41,741 | ERROR    | keeper.oracle        | Oracle update error: ('execution reverted', 'no data')
2026-07-04 06:24:51,692 | ERROR    | keeper.oracle        | Oracle update error: ('execution reverted', 'no data')
2026-07-04 06:25:54,083 | ERROR    | keeper.oracle        | Oracle update error: ('execution reverted', 'no data')
2026-07-04 06:26:54,874 | ERROR    | keeper.oracle        | Oracle update error: ('execution reverted', 'no data')
2026-07-04 06:28:00,565 | ERROR    | keeper.oracle        | Oracle update error: ('execution reverted', 'no data')
2026-07-04 06:29:01,735 | ERROR    | keeper.oracle        | Oracle update error: ('execution reverted', 'no data')
2026-07-04 06:30:11,587 | ERROR    | keeper.oracle        | Oracle update error: ('execution reverted', 'no data')
2026-07-04 06:31:20,888 | ERROR    | keeper.oracle        | Oracle update error: ('execution reverted', 'no data')
2026-07-04 06:32:21,608 | ERROR    | keeper.oracle        | Oracle update error: ('execution reverted', 'no data')
2026-07-04 06:33:27,789 | ERROR    | keeper.oracle        | Oracle update error: 429 Client Error: Too Many Requests for url: https://mainnet.base.org/
2026-07-04 06:34:28,501 | ERROR    | keeper.oracle        | Oracle update error: ('execution reverted', 'no data')
2026-07-04 06:35:32,051 | ERROR    | keeper.oracle        | Oracle update error: ('execution reverted', 'no data')
2026-07-04 06:36:44,593 | ERROR    | keeper.oracle        | Oracle update error: ('execution reverted', 'no data')
2026-07-04 06:37:52,963 | ERROR    | keeper.oracle        | Oracle update error: ('execution reverted', 'no data')
2026-07-04 06:38:53,663 | ERROR    | keeper.oracle        | Oracle update error: ('execution reverted', 'no data')
2026-07-04 06:39:54,814 | ERROR    | keeper.oracle        | Oracle update error: ('execution reverted', 'no data')
2026-07-04 06:41:00,395 | ERROR    | keeper.oracle        | Oracle update error: ('execution reverted', 'no data')
2026-07-04 06:42:11,957 | ERROR    | keeper.oracle        | Oracle update error: ('execution reverted', 'no data')
2026-07-04 06:43:21,907 | ERROR    | keeper.oracle        | Oracle update error: ('execution reverted', 'no data')
2026-07-04 06:44:22,607 | ERROR    | keeper.oracle        | Oracle update error: ('execution reverted', 'no data')
2026-07-04 06:45:24,377 | ERROR    | keeper.oracle        | Oracle update error: ('execution reverted', 'no data')
2026-07-04 06:46:33,138 | ERROR    | keeper.oracle        | Oracle update error: ('execution reverted', 'no data')
2026-07-04 06:47:34,348 | ERROR    | keeper.oracle        | Oracle update error: ('execution reverted', 'no data')
2026-07-04 06:48:35,067 | ERROR    | keeper.oracle        | Oracle update error: ('execution reverted', 'no data')
2026-07-04 06:49:38,367 | ERROR    | keeper.oracle        | Oracle update error: 429 Client Error: Too Many Requests for url: https://mainnet.base.org/
2026-07-04 06:50:45,848 | ERROR    | keeper.oracle        | Oracle update error: ('execution reverted', 'no data')
2026-07-04 06:51:46,609 | ERROR    | keeper.oracle        | Oracle update error: ('execution reverted', 'no data')
2026-07-04 06:53:00,819 | ERROR    | keeper.oracle        | Oracle update error: ('execution reverted', 'no data')
2026-07-04 06:54:02,250 | ERROR    | keeper.oracle        | Oracle update error: ('execution reverted', 'no data')
2026-07-04 06:55:03,440 | ERROR    | keeper.oracle        | Oracle update error: ('execution reverted', 'no data')
2026-07-04 06:56:05,420 | ERROR    | keeper.oracle        | Oracle update error: ('execution reverted', 'no data')
2026-07-04 06:57:11,671 | ERROR    | keeper.oracle        | Oracle update error: ('execution reverted', 'no data')
2026-07-04 06:58:13,981 | ERROR    | keeper.oracle        | Oracle update error: ('execution reverted', 'no data')
2026-07-04 06:59:15,762 | ERROR    | keeper.oracle        | Oracle update error: ('execution reverted', 'no data')
2026-07-04 07:00:21,872 | ERROR    | keeper.oracle        | Oracle update error: ('execution reverted', 'no data')
2026-07-04 07:01:33,155 | ERROR    | keeper.oracle        | Oracle update error: ('execution reverted', 'no data')
2026-07-04 07:02:34,778 | ERROR    | keeper.oracle        | Oracle update error: ('execution reverted', 'no data')
2026-07-04 07:03:40,495 | ERROR    | keeper.oracle        | Oracle update error: ('execution reverted', 'no data')
2026-07-04 07:04:54,266 | ERROR    | keeper.oracle        | Oracle update error: ('execution reverted', 'no data')
2026-07-04 07:05:55,496 | ERROR    | keeper.oracle        | Oracle update error: ('execution reverted', 'no data')
2026-07-04 07:07:01,217 | ERROR    | keeper.oracle        | Oracle update error: ('execution reverted', 'no data')
2026-07-04 07:08:01,938 | ERROR    | keeper.oracle        | Oracle update error: ('execution reverted', 'no data')
2026-07-04 07:09:11,988 | ERROR    | keeper.oracle        | Oracle update error: ('execution reverted', 'no data')
2026-07-04 07:10:23,529 | ERROR    | keeper.oracle        | Oracle update error: ('execution reverted', 'no data')
2026-07-04 07:11:32,110 | ERROR    | keeper.oracle        | Oracle update error: ('execution reverted', 'no data')
2026-07-04 07:12:32,970 | ERROR    | keeper.oracle        | Oracle update error: ('execution reverted', 'no data')
2026-07-04 07:13:40,691 | ERROR    | keeper.oracle        | Oracle update error: ('execution reverted', 'no data')
2026-07-04 07:14:41,411 | ERROR    | keeper.oracle        | Oracle update error: ('execution reverted', 'no data')
2026-07-04 07:15:51,112 | ERROR    | keeper.oracle        | Oracle update error: ('execution reverted', 'no data')
2026-07-04 07:17:01,543 | ERROR    | keeper.oracle        | Oracle update error: ('execution reverted', 'no data')
2026-07-04 07:18:02,275 | ERROR    | keeper.oracle        | Oracle update error: ('execution reverted', 'no data')
2026-07-04 07:19:11,036 | ERROR    | keeper.oracle        | Oracle update error: ('execution reverted', 'no data')
2026-07-04 07:20:22,428 | ERROR    | keeper.oracle        | Oracle update error: ('execution reverted', 'no data')
2026-07-04 07:21:23,239 | ERROR    | keeper.oracle        | Oracle update error: ('execution reverted', 'no data')
2026-07-04 07:22:31,520 | ERROR    | keeper.oracle        | Oracle update error: ('execution reverted', 'no data')
2026-07-04 07:23:33,462 | ERROR    | keeper.oracle        | Oracle update error: ('execution reverted', 'no data')
2026-07-04 07:24:34,513 | ERROR    | keeper.oracle        | Oracle update error: ('execution reverted', 'no data')
2026-07-04 07:25:43,273 | ERROR    | keeper.oracle        | Oracle update error: ('execution reverted', 'no data')
2026-07-04 07:26:44,024 | ERROR    | keeper.oracle        | Oracle update error: ('execution reverted', 'no data')
2026-07-04 07:27:53,386 | ERROR    | keeper.oracle        | Oracle update error: ('execution reverted', 'no data')
2026-07-04 07:28:54,296 | ERROR    | keeper.oracle        | Oracle update error: ('execution reverted', 'no data')
2026-07-04 07:29:54,998 | ERROR    | keeper.oracle        | Oracle update error: ('execution reverted', 'no data')
2026-07-04 07:30:56,069 | ERROR    | keeper.oracle        | Oracle update error: ('execution reverted', 'no data')
2026-07-04 07:31:56,790 | ERROR    | keeper.oracle        | Oracle update error: ('execution reverted', 'no data')
2026-07-04 07:32:58,890 | ERROR    | keeper.oracle        | Oracle update error: ('execution reverted', 'no data')
2026-07-04 07:34:01,151 | ERROR    | keeper.oracle        | Oracle update error: ('execution reverted', 'no data')
2026-07-04 07:35:13,172 | ERROR    | keeper.oracle        | Oracle update error: ('execution reverted', 'no data')
2026-07-04 07:36:14,424 | ERROR    | keeper.oracle        | Oracle update error: ('execution reverted', 'no data')
2026-07-04 07:37:23,224 | ERROR    | keeper.oracle        | Oracle update error: ('execution reverted', 'no data')
2026-07-04 07:38:23,925 | ERROR    | keeper.oracle        | Oracle update error: ('execution reverted', 'no data')
2026-07-04 07:39:24,646 | ERROR    | keeper.oracle        | Oracle update error: ('execution reverted', 'no data')
2026-07-04 07:40:31,167 | ERROR    | keeper.oracle        | Oracle update error: ('execution reverted', 'no data')
2026-07-04 07:41:32,187 | ERROR    | keeper.oracle        | Oracle update error: ('execution reverted', 'no data')
2026-07-04 07:42:36,898 | ERROR    | keeper.oracle        | Oracle update error: 429 Client Error: Too Many Requests for url: https://mainnet.base.org/
2026-07-04 07:43:51,510 | ERROR    | keeper.oracle        | Oracle update error: ('execution reverted', 'no data')
2026-07-04 07:44:57,329 | ERROR    | keeper.oracle        | Oracle update error: 429 Client Error: Too Many Requests for url: https://mainnet.base.org/
2026-07-04 07:45:58,042 | ERROR    | keeper.oracle        | Oracle update error: ('execution reverted', 'no data')
2026-07-04 07:47:10,781 | ERROR    | keeper.oracle        | Oracle update error: ('execution reverted', 'no data')
2026-07-04 07:48:11,493 | ERROR    | keeper.oracle        | Oracle update error: ('execution reverted', 'no data')
2026-07-04 07:49:21,453 | ERROR    | keeper.oracle        | Oracle update error: ('execution reverted', 'no data')
2026-07-04 07:50:33,425 | ERROR    | keeper.oracle        | Oracle update error: ('execution reverted', 'no data')
2026-07-04 07:51:34,235 | ERROR    | keeper.oracle        | Oracle update error: ('execution reverted', 'no data')
2026-07-04 07:52:35,566 | ERROR    | keeper.oracle        | Oracle update error: ('execution reverted', 'no data')
2026-07-04 07:53:36,297 | ERROR    | keeper.oracle        | Oracle update error: ('execution reverted', 'no data')
2026-07-04 07:54:36,998 | ERROR    | keeper.oracle        | Oracle update error: ('execution reverted', 'no data')
2026-07-04 07:55:48,338 | ERROR    | keeper.oracle        | Oracle update error: 429 Client Error: Too Many Requests for url: https://mainnet.base.org/
2026-07-04 07:57:00,770 | ERROR    | keeper.oracle        | Oracle update error: ('execution reverted', 'no data')
2026-07-04 07:58:01,500 | ERROR    | keeper.oracle        | Oracle update error: ('execution reverted', 'no data')
2026-07-04 07:59:10,521 | ERROR    | keeper.oracle        | Oracle update error: ('execution reverted', 'no data')
2026-07-04 08:00:23,255 | ERROR    | keeper.oracle        | Oracle update error: ('execution reverted', 'no data')
2026-07-04 08:01:24,013 | ERROR    | keeper.oracle        | Oracle update error: ('execution reverted', 'no data')
2026-07-04 08:02:33,063 | ERROR    | keeper.oracle        | Oracle update error: ('execution reverted', 'no data')
2026-07-04 08:03:33,784 | ERROR    | keeper.oracle        | Oracle update error: ('execution reverted', 'no data')
2026-07-04 08:04:40,845 | ERROR    | keeper.oracle        | Oracle update error: ('execution reverted', 'no data')
2026-07-04 08:05:52,515 | ERROR    | keeper.oracle        | Oracle update error: ('execution reverted', 'no data')
2026-07-04 08:06:53,206 | ERROR    | keeper.oracle        | Oracle update error: ('execution reverted', 'no data')
2026-07-04 08:08:00,529 | ERROR    | keeper.oracle        | Oracle update error: ('execution reverted', 'no data')
2026-07-04 08:09:01,229 | ERROR    | keeper.oracle        | Oracle update error: ('execution reverted', 'no data')
2026-07-04 08:10:11,050 | ERROR    | keeper.oracle        | Oracle update error: ('execution reverted', 'no data')
2026-07-04 08:11:11,780 | ERROR    | keeper.oracle        | Oracle update error: ('execution reverted', 'no data')
2026-07-04 08:12:20,851 | ERROR    | keeper.oracle        | Oracle update error: ('execution reverted', 'no data')
2026-07-04 08:13:35,212 | ERROR    | keeper.oracle        | Oracle update error: ('execution reverted', 'no data')
2026-07-04 08:14:35,933 | ERROR    | keeper.oracle        | Oracle update error: ('execution reverted', 'no data')
2026-07-04 08:15:40,957 | ERROR    | keeper.oracle        | Oracle update error: ('execution reverted', 'no data')
2026-07-04 08:16:51,264 | ERROR    | keeper.oracle        | Oracle update error: ('execution reverted', 'no data')
2026-07-04 08:17:51,975 | ERROR    | keeper.oracle        | Oracle update error: ('execution reverted', 'no data')
2026-07-04 08:19:01,946 | ERROR    | keeper.oracle        | Oracle update error: ('execution reverted', 'no data')
2026-07-04 08:20:02,666 | ERROR    | keeper.oracle        | Oracle update error: ('execution reverted', 'no data')
2026-07-04 08:21:07,046 | ERROR    | keeper.oracle        | Oracle update error: 429 Client Error: Too Many Requests for url: https://mainnet.base.org/
2026-07-04 08:22:14,598 | ERROR    | keeper.oracle        | Oracle update error: ('execution reverted', 'no data')
2026-07-04 08:23:15,299 | ERROR    | keeper.oracle        | Oracle update error: ('execution reverted', 'no data')
2026-07-04 08:24:27,481 | ERROR    | keeper.oracle        | Oracle update error: 429 Client Error: Too Many Requests for url: https://mainnet.base.org/
2026-07-04 08:25:33,820 | ERROR    | keeper.oracle        | Oracle update error: ('execution reverted', 'no data')
2026-07-04 08:26:34,541 | ERROR    | keeper.oracle        | Oracle update error: ('execution reverted', 'no data')
2026-07-04 08:27:35,242 | ERROR    | keeper.oracle        | Oracle update error: ('execution reverted', 'no data')
2026-07-04 08:28:36,601 | ERROR    | keeper.oracle        | Oracle update error: ('execution reverted', 'no data')
2026-07-04 08:29:37,322 | ERROR    | keeper.oracle        | Oracle update error: ('execution reverted', 'no data')
2026-07-04 08:30:38,253 | ERROR    | keeper.oracle        | Oracle update error: ('execution reverted', 'no data')
2026-07-04 08:31:50,524 | ERROR    | keeper.oracle        | Oracle update error: ('execution reverted', 'no data')
2026-07-04 08:32:51,253 | ERROR    | keeper.oracle        | Oracle update error: ('execution reverted', 'no data')
2026-07-04 08:33:51,974 | ERROR    | keeper.oracle        | Oracle update error: ('execution reverted', 'no data')
2026-07-04 08:35:00,636 | ERROR    | keeper.oracle        | Oracle update error: ('execution reverted', 'no data')
2026-07-04 08:36:01,335 | ERROR    | keeper.oracle        | Oracle update error: ('execution reverted', 'no data')
2026-07-04 08:37:12,466 | ERROR    | keeper.oracle        | Oracle update error: ('execution reverted', 'no data')
2026-07-04 08:38:13,786 | ERROR    | keeper.oracle        | Oracle update error: ('execution reverted', 'no data')
2026-07-04 08:39:15,097 | ERROR    | keeper.oracle        | Oracle update error: ('execution reverted', 'no data')
2026-07-04 08:40:21,588 | ERROR    | keeper.oracle        | Oracle update error: ('execution reverted', 'no data')
2026-07-04 08:41:31,569 | ERROR    | keeper.oracle        | Oracle update error: ('execution reverted', 'no data')
2026-07-04 08:42:32,449 | ERROR    | keeper.oracle        | Oracle update error: ('execution reverted', 'no data')
2026-07-04 08:43:41,709 | ERROR    | keeper.oracle        | Oracle update error: ('execution reverted', 'no data')
2026-07-04 08:44:42,460 | ERROR    | keeper.oracle        | Oracle update error: ('execution reverted', 'no data')
2026-07-04 08:45:51,361 | ERROR    | keeper.oracle        | Oracle update error: ('execution reverted', 'no data')
2026-07-04 08:47:02,762 | ERROR    | keeper.oracle        | Oracle update error: ('execution reverted', 'no data')
2026-07-04 08:48:04,183 | ERROR    | keeper.oracle        | Oracle update error: ('execution reverted', 'no data')
2026-07-04 08:49:11,593 | ERROR    | keeper.oracle        | Oracle update error: ('execution reverted', 'no data')
2026-07-04 08:50:22,534 | ERROR    | keeper.oracle        | Oracle update error: ('execution reverted', 'no data')
2026-07-04 08:51:23,415 | ERROR    | keeper.oracle        | Oracle update error: ('execution reverted', 'no data')
2026-07-04 08:52:31,845 | ERROR    | keeper.oracle        | Oracle update error: ('execution reverted', 'no data')
2026-07-04 08:53:32,716 | ERROR    | keeper.oracle        | Oracle update error: ('execution reverted', 'no data')
2026-07-04 08:54:33,548 | ERROR    | keeper.oracle        | Oracle update error: ('execution reverted', 'no data')
2026-07-04 08:55:41,378 | ERROR    | keeper.oracle        | Oracle update error: ('execution reverted', 'no data')
2026-07-04 08:56:53,768 | ERROR    | keeper.oracle        | Oracle update error: ('execution reverted', 'no data')
2026-07-04 08:57:54,879 | ERROR    | keeper.oracle        | Oracle update error: ('execution reverted', 'no data')
2026-07-04 08:59:01,520 | ERROR    | keeper.oracle        | Oracle update error: ('execution reverted', 'no data')
2026-07-04 09:00:03,840 | ERROR    | keeper.oracle        | Oracle update error: ('execution reverted', 'no data')
2026-07-04 09:01:04,590 | ERROR    | keeper.oracle        | Oracle update error: ('execution reverted', 'no data')
2026-07-04 09:02:11,232 | ERROR    | keeper.oracle        | Oracle update error: ('execution reverted', 'no data')
2026-07-04 09:03:11,990 | ERROR    | keeper.oracle        | Oracle update error: ('execution reverted', 'no data')
2026-07-04 09:04:21,640 | ERROR    | keeper.oracle        | Oracle update error: ('execution reverted', 'no data')
2026-07-04 09:05:32,950 | ERROR    | keeper.oracle        | Oracle update error: ('execution reverted', 'no data')
2026-07-04 09:06:42,010 | ERROR    | keeper.oracle        | Oracle update error: ('execution reverted', 'no data')
2026-07-04 09:07:53,330 | ERROR    | keeper.oracle        | Oracle update error: ('execution reverted', 'no data')
2026-07-04 09:08:54,041 | ERROR    | keeper.oracle        | Oracle update error: ('execution reverted', 'no data')
2026-07-04 09:10:01,403 | ERROR    | keeper.oracle        | Oracle update error: ('execution reverted', 'no data')
2026-07-04 09:11:02,131 | ERROR    | keeper.oracle        | Oracle update error: ('execution reverted', 'no data')
2026-07-04 09:12:11,543 | ERROR    | keeper.oracle        | Oracle update error: ('execution reverted', 'no data')
2026-07-04 09:13:22,702 | ERROR    | keeper.oracle        | Oracle update error: ('execution reverted', 'no data')
2026-07-04 09:14:31,913 | ERROR    | keeper.oracle        | Oracle update error: ('execution reverted', 'no data')
2026-07-04 09:15:32,654 | ERROR    | keeper.oracle        | Oracle update error: ('execution reverted', 'no data')
2026-07-04 09:16:42,004 | ERROR    | keeper.oracle        | Oracle update error: ('execution reverted', 'no data')
2026-07-04 09:17:42,724 | ERROR    | keeper.oracle        | Oracle update error: ('execution reverted', 'no data')
2026-07-04 09:18:51,356 | ERROR    | keeper.oracle        | Oracle update error: ('execution reverted', 'no data')
2026-07-04 09:20:02,055 | ERROR    | keeper.oracle        | Oracle update error: ('execution reverted', 'no data')
2026-07-04 09:21:02,769 | ERROR    | keeper.oracle        | Oracle update error: ('execution reverted', 'no data')
2026-07-04 09:22:03,496 | ERROR    | keeper.oracle        | Oracle update error: ('execution reverted', 'no data')
2026-07-04 09:23:04,267 | ERROR    | keeper.oracle        | Oracle update error: ('execution reverted', 'no data')
2026-07-04 09:24:04,997 | ERROR    | keeper.oracle        | Oracle update error: ('execution reverted', 'no data')
2026-07-04 09:25:05,768 | ERROR    | keeper.oracle        | Oracle update error: ('execution reverted', 'no data')
2026-07-04 09:26:06,509 | ERROR    | keeper.oracle        | Oracle update error: ('execution reverted', 'no data')
2026-07-04 09:27:07,379 | ERROR    | keeper.oracle        | Oracle update error: ('execution reverted', 'no data')
2026-07-04 09:28:14,280 | ERROR    | keeper.oracle        | Oracle update error: ('execution reverted', 'no data')
2026-07-04 09:29:15,040 | ERROR    | keeper.oracle        | Oracle update error: ('execution reverted', 'no data')
2026-07-04 09:30:20,521 | ERROR    | keeper.oracle        | Oracle update error: ('execution reverted', 'no data')
2026-07-04 09:31:33,353 | ERROR    | keeper.oracle        | Oracle update error: ('execution reverted', 'no data')
2026-07-04 09:32:34,173 | ERROR    | keeper.oracle        | Oracle update error: ('execution reverted', 'no data')
2026-07-04 09:33:39,882 | ERROR    | keeper.oracle        | Oracle update error: 429 Client Error: Too Many Requests for url: https://mainnet.base.org/
2026-07-04 09:34:51,253 | ERROR    | keeper.oracle        | Oracle update error: ('execution reverted', 'no data')
2026-07-04 09:35:51,974 | ERROR    | keeper.oracle        | Oracle update error: ('execution reverted', 'no data')
2026-07-04 09:37:02,337 | ERROR    | keeper.oracle        | Oracle update error: ('execution reverted', 'no data')
2026-07-04 09:38:13,086 | ERROR    | keeper.oracle        | Oracle update error: ('execution reverted', 'no data')
2026-07-04 09:39:13,837 | ERROR    | keeper.oracle        | Oracle update error: ('execution reverted', 'no data')
2026-07-04 09:40:21,706 | ERROR    | keeper.oracle        | Oracle update error: ('execution reverted', 'no data')
2026-07-04 09:41:22,427 | ERROR    | keeper.oracle        | Oracle update error: ('execution reverted', 'no data')
2026-07-04 09:42:30,678 | ERROR    | keeper.oracle        | Oracle update error: ('execution reverted', 'no data')
2026-07-04 09:43:42,749 | ERROR    | keeper.oracle        | Oracle update error: ('execution reverted', 'no data')
2026-07-04 09:44:43,640 | ERROR    | keeper.oracle        | Oracle update error: ('execution reverted', 'no data')
2026-07-04 09:45:50,580 | ERROR    | keeper.oracle        | Oracle update error: ('execution reverted', 'no data')
2026-07-04 09:46:51,351 | ERROR    | keeper.oracle        | Oracle update error: ('execution reverted', 'no data')
2026-07-04 09:47:52,851 | ERROR    | keeper.oracle        | Oracle update error: ('execution reverted', 'no data')
2026-07-04 09:49:03,462 | ERROR    | keeper.oracle        | Oracle update error: ('execution reverted', 'no data')
2026-07-04 09:50:04,192 | ERROR    | keeper.oracle        | Oracle update error: ('execution reverted', 'no data')
2026-07-04 09:51:12,413 | ERROR    | keeper.oracle        | Oracle update error: ('execution reverted', 'no data')
2026-07-04 09:52:13,344 | ERROR    | keeper.oracle        | Oracle update error: ('execution reverted', 'no data')
2026-07-04 09:53:22,354 | ERROR    | keeper.oracle        | Oracle update error: ('execution reverted', 'no data')
2026-07-04 09:54:23,125 | ERROR    | keeper.oracle        | Oracle update error: ('execution reverted', 'no data')
2026-07-04 09:55:23,896 | ERROR    | keeper.oracle        | Oracle update error: ('execution reverted', 'no data')
2026-07-04 09:56:32,015 | ERROR    | keeper.oracle        | Oracle update error: ('execution reverted', 'no data')
2026-07-04 09:57:44,267 | ERROR    | keeper.oracle        | Oracle update error: ('execution reverted', 'no data')
2026-07-04 09:58:44,987 | ERROR    | keeper.oracle        | Oracle update error: ('execution reverted', 'no data')
2026-07-04 09:59:51,628 | ERROR    | keeper.oracle        | Oracle update error: ('execution reverted', 'no data')
2026-07-04 10:00:52,379 | ERROR    | keeper.oracle        | Oracle update error: ('execution reverted', 'no data')
2026-07-04 10:02:01,349 | ERROR    | keeper.oracle        | Oracle update error: ('execution reverted', 'no data')
2026-07-04 10:03:13,680 | ERROR    | keeper.oracle        | Oracle update error: ('execution reverted', 'no data')
2026-07-04 10:04:14,891 | ERROR    | keeper.oracle        | Oracle update error: ('execution reverted', 'no data')
2026-07-04 10:05:20,381 | ERROR    | keeper.oracle        | Oracle update error: ('execution reverted', 'no data')
2026-07-04 10:06:21,112 | ERROR    | keeper.oracle        | Oracle update error: ('execution reverted', 'no data')
2026-07-04 10:07:21,913 | ERROR    | keeper.oracle        | Oracle update error: ('execution reverted', 'no data')
2026-07-04 10:08:27,563 | ERROR    | keeper.oracle        | Oracle update error: 429 Client Error: Too Many Requests for url: https://mainnet.base.org/
2026-07-04 10:09:33,604 | ERROR    | keeper.oracle        | Oracle update error: ('execution reverted', 'no data')
2026-07-04 10:10:34,325 | ERROR    | keeper.oracle        | Oracle update error: ('execution reverted', 'no data')
2026-07-04 10:11:35,045 | ERROR    | keeper.oracle        | Oracle update error: ('execution reverted', 'no data')
2026-07-04 10:12:35,766 | ERROR    | keeper.oracle        | Oracle update error: ('execution reverted', 'no data')
2026-07-04 10:13:50,986 | ERROR    | keeper.oracle        | Oracle update error: ('execution reverted', 'no data')
2026-07-04 10:15:02,857 | ERROR    | keeper.oracle        | Oracle update error: ('execution reverted', 'no data')
2026-07-04 10:16:12,818 | ERROR    | keeper.oracle        | Oracle update error: ('execution reverted', 'no data')
2026-07-04 10:17:13,558 | ERROR    | keeper.oracle        | Oracle update error: ('execution reverted', 'no data')
2026-07-04 10:18:15,149 | ERROR    | keeper.oracle        | Oracle update error: ('execution reverted', 'no data')
2026-07-04 10:19:21,269 | ERROR    | keeper.oracle        | Oracle update error: ('execution reverted', 'no data')
2026-07-04 10:20:22,151 | ERROR    | keeper.oracle        | Oracle update error: ('execution reverted', 'no data')
2026-07-04 10:21:31,111 | ERROR    | keeper.oracle        | Oracle update error: ('execution reverted', 'no data')
2026-07-04 10:22:43,462 | ERROR    | keeper.oracle        | Oracle update error: ('execution reverted', 'no data')
2026-07-04 10:23:45,293 | ERROR    | keeper.oracle        | Oracle update error: ('execution reverted', 'no data')
2026-07-04 10:24:51,333 | ERROR    | keeper.oracle        | Oracle update error: ('execution reverted', 'no data')
2026-07-04 10:25:53,484 | ERROR    | keeper.oracle        | Oracle update error: ('execution reverted', 'no data')
2026-07-04 10:26:54,184 | ERROR    | keeper.oracle        | Oracle update error: ('execution reverted', 'no data')
2026-07-04 10:28:01,074 | ERROR    | keeper.oracle        | Oracle update error: ('execution reverted', 'no data')
2026-07-04 10:29:01,825 | ERROR    | keeper.oracle        | Oracle update error: ('execution reverted', 'no data')
2026-07-04 10:30:11,137 | ERROR    | keeper.oracle        | Oracle update error: ('execution reverted', 'no data')
2026-07-04 10:31:23,451 | ERROR    | keeper.oracle        | Oracle update error: ('execution reverted', 'no data')
2026-07-04 10:32:24,727 | ERROR    | keeper.oracle        | Oracle update error: ('execution reverted', 'no data')
2026-07-04 10:33:31,637 | ERROR    | keeper.oracle        | Oracle update error: ('execution reverted', 'no data')
2026-07-04 10:34:34,109 | ERROR    | keeper.oracle        | Oracle update error: ('execution reverted', 'no data')
2026-07-04 10:35:40,598 | ERROR    | keeper.oracle        | Oracle update error: ('execution reverted', 'no data')
2026-07-04 10:36:52,360 | ERROR    | keeper.oracle        | Oracle update error: ('execution reverted', 'no data')
2026-07-04 10:37:53,089 | ERROR    | keeper.oracle        | Oracle update error: ('execution reverted', 'no data')
2026-07-04 10:38:54,071 | ERROR    | keeper.oracle        | Oracle update error: ('execution reverted', 'no data')
2026-07-04 10:39:54,781 | ERROR    | keeper.oracle        | Oracle update error: ('execution reverted', 'no data')
2026-07-04 10:41:02,283 | ERROR    | keeper.oracle        | Oracle update error: ('execution reverted', 'no data')
2026-07-04 10:42:04,093 | ERROR    | keeper.oracle        | Oracle update error: ('execution reverted', 'no data')
2026-07-04 10:43:05,304 | ERROR    | keeper.oracle        | Oracle update error: ('execution reverted', 'no data')
2026-07-04 10:44:10,726 | ERROR    | keeper.oracle        | Oracle update error: ('execution reverted', 'no data')
2026-07-04 10:45:11,436 | ERROR    | keeper.oracle        | Oracle update error: ('execution reverted', 'no data')
2026-07-04 10:46:17,227 | ERROR    | keeper.oracle        | Oracle update error: 429 Client Error: Too Many Requests for url: https://mainnet.base.org/
2026-07-04 10:47:21,058 | ERROR    | keeper.oracle        | Oracle update error: ('execution reverted', 'no data')
2026-07-04 10:48:21,770 | ERROR    | keeper.oracle        | Oracle update error: ('execution reverted', 'no data')
2026-07-04 10:49:22,741 | ERROR    | keeper.oracle        | Oracle update error: ('execution reverted', 'no data')
2026-07-04 10:50:31,711 | ERROR    | keeper.oracle        | Oracle update error: ('execution reverted', 'no data')
2026-07-04 10:51:32,408 | ERROR    | keeper.oracle        | Oracle update error: ('execution reverted', 'no data')
2026-07-04 10:52:42,453 | ERROR    | keeper.oracle        | Oracle update error: ('execution reverted', 'no data')
2026-07-04 10:53:43,164 | ERROR    | keeper.oracle        | Oracle update error: ('execution reverted', 'no data')
2026-07-04 10:54:43,935 | ERROR    | keeper.oracle        | Oracle update error: ('execution reverted', 'no data')
2026-07-04 10:55:50,825 | ERROR    | keeper.oracle        | Oracle update error: ('execution reverted', 'no data')
2026-07-04 10:56:51,566 | ERROR    | keeper.oracle        | Oracle update error: ('execution reverted', 'no data')
2026-07-04 10:57:53,467 | ERROR    | keeper.oracle        | Oracle update error: ('execution reverted', 'no data')
2026-07-04 10:58:54,337 | ERROR    | keeper.oracle        | Oracle update error: ('execution reverted', 'no data')
2026-07-04 11:00:02,048 | ERROR    | keeper.oracle        | Oracle update error: ('execution reverted', 'no data')
2026-07-04 11:01:12,879 | ERROR    | keeper.oracle        | Oracle update error: ('execution reverted', 'no data')
2026-07-04 11:02:13,600 | ERROR    | keeper.oracle        | Oracle update error: ('execution reverted', 'no data')
2026-07-04 11:03:22,872 | ERROR    | keeper.oracle        | Oracle update error: ('execution reverted', 'no data')
2026-07-04 11:04:32,232 | ERROR    | keeper.oracle        | Oracle update error: ('execution reverted', 'no data')
2026-07-04 11:05:33,002 | ERROR    | keeper.oracle        | Oracle update error: ('execution reverted', 'no data')
2026-07-04 11:06:43,053 | ERROR    | keeper.oracle        | Oracle update error: ('execution reverted', 'no data')
2026-07-04 11:07:51,374 | ERROR    | keeper.oracle        | Oracle update error: ('execution reverted', 'no data')
2026-07-04 11:08:52,092 | ERROR    | keeper.oracle        | Oracle update error: ('execution reverted', 'no data')
2026-07-04 11:10:02,006 | ERROR    | keeper.oracle        | Oracle update error: ('execution reverted', 'no data')
2026-07-04 11:11:12,706 | ERROR    | keeper.oracle        | Oracle update error: ('execution reverted', 'no data')
2026-07-04 11:12:13,517 | ERROR    | keeper.oracle        | Oracle update error: ('execution reverted', 'no data')
2026-07-04 11:13:30,778 | ERROR    | keeper.oracle        | Oracle update error: ('execution reverted', 'no data')
2026-07-04 11:14:43,400 | ERROR    | keeper.oracle        | Oracle update error: ('execution reverted', 'no data')
2026-07-04 11:15:44,159 | ERROR    | keeper.oracle        | Oracle update error: ('execution reverted', 'no data')
2026-07-04 11:16:51,521 | ERROR    | keeper.oracle        | Oracle update error: ('execution reverted', 'no data')
2026-07-04 11:17:52,244 | ERROR    | keeper.oracle        | Oracle update error: ('execution reverted', 'no data')
2026-07-04 11:18:53,754 | ERROR    | keeper.oracle        | Oracle update error: ('execution reverted', 'no data')
2026-07-04 11:19:55,183 | ERROR    | keeper.oracle        | Oracle update error: ('execution reverted', 'no data')
2026-07-04 11:21:00,659 | ERROR    | keeper.oracle        | Oracle update error: ('execution reverted', 'no data')
2026-07-04 11:22:01,566 | ERROR    | keeper.oracle        | Oracle update error: ('execution reverted', 'no data')
2026-07-04 11:23:04,048 | ERROR    | keeper.oracle        | Oracle update error: ('execution reverted', 'no data')
2026-07-04 11:24:04,752 | ERROR    | keeper.oracle        | Oracle update error: ('execution reverted', 'no data')
2026-07-04 11:25:11,849 | ERROR    | keeper.oracle        | Oracle update error: ('execution reverted', 'no data')
2026-07-04 11:26:14,001 | ERROR    | keeper.oracle        | Oracle update error: ('execution reverted', 'no data')
2026-07-04 11:27:14,762 | ERROR    | keeper.oracle        | Oracle update error: ('execution reverted', 'no data')
2026-07-04 11:28:19,943 | ERROR    | keeper.oracle        | Oracle update error: 429 Client Error: Too Many Requests for url: https://mainnet.base.org/
2026-07-04 11:29:31,745 | ERROR    | keeper.oracle        | Oracle update error: ('execution reverted', 'no data')
2026-07-04 11:30:32,456 | ERROR    | keeper.oracle        | Oracle update error: ('execution reverted', 'no data')
2026-07-04 11:31:41,927 | ERROR    | keeper.oracle        | Oracle update error: ('execution reverted', 'no data')
2026-07-04 11:32:42,678 | ERROR    | keeper.oracle        | Oracle update error: ('execution reverted', 'no data')
2026-07-04 11:33:47,392 | ERROR    | keeper.oracle        | Oracle update error: 429 Client Error: Too Many Requests for url: https://mainnet.base.org/
2026-07-04 11:34:53,411 | ERROR    | keeper.oracle        | Oracle update error: ('execution reverted', 'no data')
2026-07-04 11:35:54,120 | ERROR    | keeper.oracle        | Oracle update error: ('execution reverted', 'no data')
2026-07-04 11:36:59,347 | ERROR    | keeper.oracle        | Oracle update error: 429 Client Error: Too Many Requests for url: https://mainnet.base.org/
2026-07-04 11:38:00,112 | ERROR    | keeper.oracle        | Oracle update error: ('execution reverted', 'no data')
2026-07-04 11:39:07,152 | ERROR    | keeper.oracle        | Oracle update error: 429 Client Error: Too Many Requests for url: https://mainnet.base.org/
2026-07-04 11:40:14,232 | ERROR    | keeper.oracle        | Oracle update error: ('execution reverted', 'no data')
2026-07-04 11:41:15,595 | ERROR    | keeper.oracle        | Oracle update error: ('execution reverted', 'no data')
2026-07-04 11:42:18,966 | ERROR    | keeper.oracle        | Oracle update error: 429 Client Error: Too Many Requests for url: https://mainnet.base.org/
2026-07-04 11:43:19,707 | ERROR    | keeper.oracle        | Oracle update error: ('execution reverted', 'no data')
2026-07-04 11:44:30,488 | ERROR    | keeper.oracle        | Oracle update error: ('execution reverted', 'no data')
2026-07-04 11:45:42,572 | ERROR    | keeper.oracle        | Oracle update error: ('execution reverted', 'no data')
2026-07-04 11:46:52,262 | ERROR    | keeper.oracle        | Oracle update error: ('execution reverted', 'no data')
2026-07-04 11:47:54,260 | ERROR    | keeper.oracle        | Oracle update error: ('execution reverted', 'no data')
2026-07-04 11:48:54,963 | ERROR    | keeper.oracle        | Oracle update error: ('execution reverted', 'no data')
2026-07-04 11:49:58,432 | ERROR    | keeper.oracle        | Oracle update error: 429 Client Error: Too Many Requests for url: https://mainnet.base.org/
2026-07-04 11:51:02,777 | ERROR    | keeper.oracle        | Oracle update error: ('execution reverted', 'no data')
2026-07-04 11:52:03,563 | ERROR    | keeper.oracle        | Oracle update error: ('execution reverted', 'no data')
2026-07-04 11:53:12,595 | ERROR    | keeper.oracle        | Oracle update error: ('execution reverted', 'no data')
2026-07-04 11:54:23,463 | ERROR    | keeper.oracle        | Oracle update error: ('execution reverted', 'no data')
2026-07-04 11:55:24,313 | ERROR    | keeper.oracle        | Oracle update error: ('execution reverted', 'no data')
2026-07-04 11:56:38,122 | ERROR    | keeper.oracle        | Oracle update error: 429 Client Error: Too Many Requests for url: https://mainnet.base.org/
2026-07-04 11:57:38,996 | ERROR    | keeper.oracle        | Oracle update error: ('execution reverted', 'no data')
2026-07-04 11:58:43,275 | ERROR    | keeper.oracle        | Oracle update error: ('execution reverted', 'no data')
2026-07-04 11:59:44,025 | ERROR    | keeper.oracle        | Oracle update error: ('execution reverted', 'no data')
2026-07-04 12:00:52,066 | ERROR    | keeper.oracle        | Oracle update error: ('execution reverted', 'no data')
2026-07-04 12:02:01,860 | ERROR    | keeper.oracle        | Oracle update error: ('execution reverted', 'no data')
2026-07-04 12:03:02,606 | ERROR    | keeper.oracle        | Oracle update error: ('execution reverted', 'no data')
2026-07-04 12:04:11,388 | ERROR    | keeper.oracle        | Oracle update error: ('execution reverted', 'no data')
2026-07-04 12:05:12,278 | ERROR    | keeper.oracle        | Oracle update error: ('execution reverted', 'no data')
2026-07-04 12:06:21,259 | ERROR    | keeper.oracle        | Oracle update error: ('execution reverted', 'no data')
2026-07-04 12:07:33,119 | ERROR    | keeper.oracle        | Oracle update error: ('execution reverted', 'no data')
2026-07-04 12:08:43,111 | ERROR    | keeper.oracle        | Oracle update error: ('execution reverted', 'no data')
2026-07-04 12:09:43,881 | ERROR    | keeper.oracle        | Oracle update error: ('execution reverted', 'no data')
2026-07-04 12:10:51,032 | ERROR    | keeper.oracle        | Oracle update error: ('execution reverted', 'no data')
2026-07-04 12:12:02,913 | ERROR    | keeper.oracle        | Oracle update error: ('execution reverted', 'no data')
2026-07-04 12:13:03,704 | ERROR    | keeper.oracle        | Oracle update error: ('execution reverted', 'no data')
2026-07-04 12:14:11,255 | ERROR    | keeper.oracle        | Oracle update error: ('execution reverted', 'no data')
2026-07-04 12:15:12,116 | ERROR    | keeper.oracle        | Oracle update error: ('execution reverted', 'no data')
2026-07-04 12:16:21,296 | ERROR    | keeper.oracle        | Oracle update error: ('execution reverted', 'no data')
2026-07-04 12:17:22,237 | ERROR    | keeper.oracle        | Oracle update error: ('execution reverted', 'no data')
2026-07-04 12:18:32,067 | ERROR    | keeper.oracle        | Oracle update error: ('execution reverted', 'no data')
2026-07-04 12:19:32,803 | ERROR    | keeper.oracle        | Oracle update error: ('execution reverted', 'no data')
2026-07-04 12:20:33,549 | ERROR    | keeper.oracle        | Oracle update error: ('execution reverted', 'no data')
2026-07-04 12:21:41,740 | ERROR    | keeper.oracle        | Oracle update error: ('execution reverted', 'no data')
2026-07-04 12:22:53,620 | ERROR    | keeper.oracle        | Oracle update error: ('execution reverted', 'no data')
2026-07-04 12:23:54,373 | ERROR    | keeper.oracle        | Oracle update error: ('execution reverted', 'no data')
2026-07-04 12:25:00,892 | ERROR    | keeper.oracle        | Oracle update error: ('execution reverted', 'no data')
2026-07-04 12:26:01,673 | ERROR    | keeper.oracle        | Oracle update error: ('execution reverted', 'no data')
2026-07-04 12:27:07,152 | ERROR    | keeper.oracle        | Oracle update error: 429 Client Error: Too Many Requests for url: https://mainnet.base.org/
2026-07-04 12:28:18,550 | ERROR    | keeper.oracle        | Oracle update error: 429 Client Error: Too Many Requests for url: https://mainnet.base.org/
2026-07-04 12:29:27,123 | ERROR    | keeper.oracle        | Oracle update error: 429 Client Error: Too Many Requests for url: https://mainnet.base.org/
2026-07-04 12:30:27,924 | ERROR    | keeper.oracle        | Oracle update error: ('execution reverted', 'no data')
2026-07-04 12:31:41,275 | ERROR    | keeper.oracle        | Oracle update error: ('execution reverted', 'no data')
2026-07-04 12:32:44,185 | ERROR    | keeper.oracle        | Oracle update error: ('execution reverted', 'no data')
2026-07-04 12:33:44,937 | ERROR    | keeper.oracle        | Oracle update error: ('execution reverted', 'no data')
2026-07-04 12:34:45,697 | ERROR    | keeper.oracle        | Oracle update error: ('execution reverted', 'no data')
2026-07-04 12:35:51,487 | ERROR    | keeper.oracle        | Oracle update error: ('execution reverted', 'no data')
2026-07-04 12:36:52,231 | ERROR    | keeper.oracle        | Oracle update error: ('execution reverted', 'no data')
2026-07-04 12:38:00,629 | ERROR    | keeper.oracle        | Oracle update error: ('execution reverted', 'no data')
2026-07-04 12:39:01,360 | ERROR    | keeper.oracle        | Oracle update error: ('execution reverted', 'no data')
2026-07-04 12:40:11,720 | ERROR    | keeper.oracle        | Oracle update error: ('execution reverted', 'no data')
2026-07-04 12:41:12,781 | ERROR    | keeper.oracle        | Oracle update error: ('execution reverted', 'no data')
2026-07-04 12:42:13,522 | ERROR    | keeper.oracle        | Oracle update error: ('execution reverted', 'no data')
2026-07-04 12:43:15,322 | ERROR    | keeper.oracle        | Oracle update error: ('execution reverted', 'no data')
2026-07-04 12:44:16,613 | ERROR    | keeper.oracle        | Oracle update error: ('execution reverted', 'no data')
2026-07-04 12:45:17,434 | ERROR    | keeper.oracle        | Oracle update error: ('execution reverted', 'no data')
2026-07-04 12:46:28,655 | ERROR    | keeper.oracle        | Oracle update error: 429 Client Error: Too Many Requests for url: https://mainnet.base.org/
2026-07-04 12:47:33,566 | ERROR    | keeper.oracle        | Oracle update error: ('execution reverted', 'no data')
2026-07-04 12:48:34,337 | ERROR    | keeper.oracle        | Oracle update error: ('execution reverted', 'no data')
2026-07-04 12:49:35,058 | ERROR    | keeper.oracle        | Oracle update error: ('execution reverted', 'no data')
2026-07-04 12:50:35,818 | ERROR    | keeper.oracle        | Oracle update error: ('execution reverted', 'no data')
2026-07-04 12:51:44,429 | ERROR    | keeper.oracle        | Oracle update error: ('execution reverted', 'no data')
2026-07-04 12:52:45,589 | ERROR    | keeper.oracle        | Oracle update error: ('execution reverted', 'no data')
2026-07-04 12:53:49,350 | ERROR    | keeper.oracle        | Oracle update error: 429 Client Error: Too Many Requests for url: https://mainnet.base.org/
2026-07-04 12:54:50,091 | ERROR    | keeper.oracle        | Oracle update error: ('execution reverted', 'no data')
2026-07-04 12:56:01,173 | ERROR    | keeper.oracle        | Oracle update error: ('execution reverted', 'no data')
2026-07-04 12:57:02,003 | ERROR    | keeper.oracle        | Oracle update error: ('execution reverted', 'no data')
2026-07-04 12:58:08,682 | ERROR    | keeper.oracle        | Oracle update error: 429 Client Error: Too Many Requests for url: https://mainnet.base.org/
2026-07-04 12:59:15,734 | ERROR    | keeper.oracle        | Oracle update error: ('execution reverted', 'no data')
2026-07-04 13:00:16,455 | ERROR    | keeper.oracle        | Oracle update error: ('execution reverted', 'no data')
2026-07-04 13:01:31,535 | ERROR    | keeper.oracle        | Oracle update error: ('execution reverted', 'no data')
2026-07-04 13:02:32,447 | ERROR    | keeper.oracle        | Oracle update error: ('execution reverted', 'no data')
2026-07-04 13:03:42,890 | ERROR    | keeper.oracle        | Oracle update error: ('execution reverted', 'no data')
2026-07-04 13:04:44,129 | ERROR    | keeper.oracle        | Oracle update error: ('execution reverted', 'no data')
2026-07-04 13:05:50,669 | ERROR    | keeper.oracle        | Oracle update error: ('execution reverted', 'no data')
2026-07-04 13:07:02,009 | ERROR    | keeper.oracle        | Oracle update error: ('execution reverted', 'no data')
2026-07-04 13:08:11,850 | ERROR    | keeper.oracle        | Oracle update error: ('execution reverted', 'no data')
2026-07-04 13:09:12,581 | ERROR    | keeper.oracle        | Oracle update error: ('execution reverted', 'no data')
2026-07-04 13:10:21,679 | ERROR    | keeper.oracle        | Oracle update error: ('execution reverted', 'no data')
2026-07-04 13:11:24,173 | ERROR    | keeper.oracle        | Oracle update error: ('execution reverted', 'no data')
2026-07-04 13:12:32,283 | ERROR    | keeper.oracle        | Oracle update error: ('execution reverted', 'no data')
2026-07-04 13:13:33,025 | ERROR    | keeper.oracle        | Oracle update error: ('execution reverted', 'no data')
2026-07-04 13:14:42,275 | ERROR    | keeper.oracle        | Oracle update error: ('execution reverted', 'no data')
2026-07-04 13:15:43,016 | ERROR    | keeper.oracle        | Oracle update error: ('execution reverted', 'no data')
2026-07-04 13:16:51,437 | ERROR    | keeper.oracle        | Oracle update error: ('execution reverted', 'no data')
2026-07-04 13:17:52,178 | ERROR    | keeper.oracle        | Oracle update error: ('execution reverted', 'no data')
2026-07-04 13:18:53,578 | ERROR    | keeper.oracle        | Oracle update error: ('execution reverted', 'no data')
2026-07-04 13:19:54,709 | ERROR    | keeper.oracle        | Oracle update error: ('execution reverted', 'no data')
2026-07-04 13:21:01,652 | ERROR    | keeper.oracle        | Oracle update error: ('execution reverted', 'no data')
2026-07-04 13:22:02,380 | ERROR    | keeper.oracle        | Oracle update error: ('execution reverted', 'no data')
2026-07-04 13:23:03,732 | ERROR    | keeper.oracle        | Oracle update error: ('execution reverted', 'no data')
2026-07-04 13:24:04,472 | ERROR    | keeper.oracle        | Oracle update error: ('execution reverted', 'no data')
2026-07-04 13:25:13,323 | ERROR    | keeper.oracle        | Oracle update error: ('execution reverted', 'no data')
2026-07-04 13:26:24,374 | ERROR    | keeper.oracle        | Oracle update error: ('execution reverted', 'no data')
2026-07-04 13:27:25,115 | ERROR    | keeper.oracle        | Oracle update error: ('execution reverted', 'no data')
2026-07-04 13:28:32,526 | ERROR    | keeper.oracle        | Oracle update error: ('execution reverted', 'no data')
2026-07-04 13:29:33,427 | ERROR    | keeper.oracle        | Oracle update error: ('execution reverted', 'no data')
2026-07-04 13:30:41,397 | ERROR    | keeper.oracle        | Oracle update error: ('execution reverted', 'no data')
2026-07-04 13:31:42,138 | ERROR    | keeper.oracle        | Oracle update error: ('execution reverted', 'no data')
2026-07-04 13:32:51,758 | ERROR    | keeper.oracle        | Oracle update error: ('execution reverted', 'no data')
2026-07-04 13:34:03,627 | ERROR    | keeper.oracle        | Oracle update error: ('execution reverted', 'no data')
2026-07-04 13:35:04,377 | ERROR    | keeper.oracle        | Oracle update error: ('execution reverted', 'no data')
2026-07-04 13:36:11,673 | ERROR    | keeper.oracle        | Oracle update error: ('execution reverted', 'no data')
2026-07-04 13:37:15,168 | ERROR    | keeper.oracle        | Oracle update error: ('execution reverted', 'no data')
2026-07-04 13:38:18,586 | ERROR    | keeper.oracle        | Oracle update error: 429 Client Error: Too Many Requests for url: https://mainnet.base.org/
2026-07-04 13:39:20,647 | ERROR    | keeper.oracle        | Oracle update error: ('execution reverted', 'no data')
2026-07-04 13:40:23,978 | ERROR    | keeper.oracle        | Oracle update error: ('execution reverted', 'no data')
2026-07-04 13:41:24,737 | ERROR    | keeper.oracle        | Oracle update error: ('execution reverted', 'no data')
2026-07-04 13:42:25,646 | ERROR    | keeper.oracle        | Oracle update error: ('execution reverted', 'no data')
2026-07-04 13:43:30,407 | ERROR    | keeper.oracle        | Oracle update error: ('execution reverted', 'no data')
2026-07-04 13:44:43,718 | ERROR    | keeper.oracle        | Oracle update error: ('execution reverted', 'no data')
2026-07-04 13:45:44,727 | ERROR    | keeper.oracle        | Oracle update error: ('execution reverted', 'no data')
2026-07-04 13:46:51,968 | ERROR    | keeper.oracle        | Oracle update error: ('execution reverted', 'no data')
2026-07-04 13:47:52,679 | ERROR    | keeper.oracle        | Oracle update error: ('execution reverted', 'no data')
2026-07-04 13:48:53,408 | ERROR    | keeper.oracle        | Oracle update error: ('execution reverted', 'no data')
2026-07-04 13:50:02,989 | ERROR    | keeper.oracle        | Oracle update error: ('execution reverted', 'no data')
2026-07-04 13:51:03,759 | ERROR    | keeper.oracle        | Oracle update error: ('execution reverted', 'no data')
2026-07-04 13:52:12,479 | ERROR    | keeper.oracle        | Oracle update error: ('execution reverted', 'no data')
2026-07-04 13:53:13,549 | ERROR    | keeper.oracle        | Oracle update error: ('execution reverted', 'no data')
2026-07-04 13:54:14,361 | ERROR    | keeper.oracle        | Oracle update error: ('execution reverted', 'no data')
2026-07-04 13:55:19,621 | ERROR    | keeper.oracle        | Oracle update error: 429 Client Error: Too Many Requests for url: https://mainnet.base.org/
2026-07-04 13:56:20,381 | ERROR    | keeper.oracle        | Oracle update error: ('execution reverted', 'no data')
2026-07-04 13:57:21,132 | ERROR    | keeper.oracle        | Oracle update error: ('execution reverted', 'no data')
2026-07-04 13:58:31,093 | ERROR    | keeper.oracle        | Oracle update error: ('execution reverted', 'no data')
2026-07-04 13:59:33,411 | ERROR    | keeper.oracle        | Oracle update error: ('execution reverted', 'no data')
2026-07-04 14:00:34,223 | ERROR    | keeper.oracle        | Oracle update error: ('execution reverted', 'no data')
2026-07-04 14:01:41,553 | ERROR    | keeper.oracle        | Oracle update error: ('execution reverted', 'no data')
2026-07-04 14:02:44,705 | ERROR    | keeper.oracle        | Oracle update error: ('execution reverted', 'no data')
2026-07-04 14:03:45,555 | ERROR    | keeper.oracle        | Oracle update error: ('execution reverted', 'no data')
2026-07-04 14:04:50,725 | ERROR    | keeper.oracle        | Oracle update error: ('execution reverted', 'no data')
2026-07-04 14:05:51,495 | ERROR    | keeper.oracle        | Oracle update error: ('execution reverted', 'no data')
2026-07-04 14:07:01,977 | ERROR    | keeper.oracle        | Oracle update error: ('execution reverted', 'no data')
2026-07-04 14:08:02,739 | ERROR    | keeper.oracle        | Oracle update error: ('execution reverted', 'no data')
2026-07-04 14:09:11,501 | ERROR    | keeper.oracle        | Oracle update error: ('execution reverted', 'no data')
2026-07-04 14:10:23,405 | ERROR    | keeper.oracle        | Oracle update error: ('execution reverted', 'no data')
2026-07-04 14:11:33,053 | ERROR    | keeper.oracle        | Oracle update error: ('execution reverted', 'no data')
2026-07-04 14:12:33,787 | ERROR    | keeper.oracle        | Oracle update error: ('execution reverted', 'no data')
2026-07-04 14:13:43,719 | ERROR    | keeper.oracle        | Oracle update error: ('execution reverted', 'no data')
2026-07-04 14:14:44,611 | ERROR    | keeper.oracle        | Oracle update error: ('execution reverted', 'no data')
2026-07-04 14:15:52,761 | ERROR    | keeper.oracle        | Oracle update error: ('execution reverted', 'no data')
2026-07-04 14:16:53,523 | ERROR    | keeper.oracle        | Oracle update error: ('execution reverted', 'no data')
2026-07-04 14:18:02,445 | ERROR    | keeper.oracle        | Oracle update error: ('execution reverted', 'no data')
2026-07-04 14:19:04,471 | ERROR    | keeper.oracle        | Oracle update error: ('execution reverted', 'no data')
2026-07-04 14:20:06,747 | ERROR    | keeper.oracle        | Oracle update error: ('execution reverted', 'no data')
2026-07-04 14:21:13,767 | ERROR    | keeper.oracle        | Oracle update error: ('execution reverted', 'no data')
2026-07-04 14:22:15,281 | ERROR    | keeper.oracle        | Oracle update error: ('execution reverted', 'no data')
2026-07-04 14:23:23,289 | ERROR    | keeper.oracle        | Oracle update error: ('execution reverted', 'no data')
2026-07-04 14:24:24,080 | ERROR    | keeper.oracle        | Oracle update error: ('execution reverted', 'no data')
2026-07-04 14:25:25,411 | ERROR    | keeper.oracle        | Oracle update error: ('execution reverted', 'no data')
2026-07-04 14:26:31,565 | ERROR    | keeper.oracle        | Oracle update error: ('execution reverted', 'no data')
2026-07-04 14:27:34,294 | ERROR    | keeper.oracle        | Oracle update error: ('execution reverted', 'no data')
2026-07-04 14:28:35,064 | ERROR    | keeper.oracle        | Oracle update error: ('execution reverted', 'no data')
2026-07-04 14:29:41,492 | ERROR    | keeper.oracle        | Oracle update error: ('execution reverted', 'no data')
2026-07-04 14:30:42,255 | ERROR    | keeper.oracle        | Oracle update error: ('execution reverted', 'no data')
2026-07-04 14:31:51,270 | ERROR    | keeper.oracle        | Oracle update error: ('execution reverted', 'no data')
2026-07-04 14:33:01,438 | ERROR    | keeper.oracle        | Oracle update error: ('execution reverted', 'no data')
2026-07-04 14:34:02,178 | ERROR    | keeper.oracle        | Oracle update error: ('execution reverted', 'no data')
2026-07-04 14:35:10,409 | ERROR    | keeper.oracle        | Oracle update error: ('execution reverted', 'no data')
2026-07-04 14:36:11,513 | ERROR    | keeper.oracle        | Oracle update error: ('execution reverted', 'no data')
2026-07-04 14:37:21,841 | ERROR    | keeper.oracle        | Oracle update error: ('execution reverted', 'no data')
2026-07-04 14:38:23,245 | ERROR    | keeper.oracle        | Oracle update error: ('execution reverted', 'no data')
2026-07-04 14:39:31,497 | ERROR    | keeper.oracle        | Oracle update error: ('execution reverted', 'no data')
2026-07-04 14:40:43,698 | ERROR    | keeper.oracle        | Oracle update error: ('execution reverted', 'no data')
2026-07-04 14:41:52,895 | ERROR    | keeper.oracle        | Oracle update error: ('execution reverted', 'no data')
2026-07-04 14:42:53,627 | ERROR    | keeper.oracle        | Oracle update error: ('execution reverted', 'no data')
2026-07-04 14:44:02,308 | ERROR    | keeper.oracle        | Oracle update error: ('execution reverted', 'no data')
2026-07-04 14:45:12,450 | ERROR    | keeper.oracle        | Oracle update error: ('execution reverted', 'no data')
2026-07-04 14:46:13,921 | ERROR    | keeper.oracle        | Oracle update error: ('execution reverted', 'no data')
2026-07-04 14:47:20,822 | ERROR    | keeper.oracle        | Oracle update error: ('execution reverted', 'no data')
2026-07-04 14:48:32,624 | ERROR    | keeper.oracle        | Oracle update error: ('execution reverted', 'no data')
2026-07-04 14:49:33,445 | ERROR    | keeper.oracle        | Oracle update error: ('execution reverted', 'no data')
2026-07-04 14:50:40,506 | ERROR    | keeper.oracle        | Oracle update error: ('execution reverted', 'no data')
2026-07-04 14:51:52,589 | ERROR    | keeper.oracle        | Oracle update error: ('execution reverted', 'no data')
2026-07-04 14:52:53,328 | ERROR    | keeper.oracle        | Oracle update error: ('execution reverted', 'no data')
2026-07-04 14:53:54,120 | ERROR    | keeper.oracle        | Oracle update error: ('execution reverted', 'no data')
2026-07-04 14:55:04,380 | ERROR    | keeper.oracle        | Oracle update error: ('execution reverted', 'no data')
2026-07-04 14:56:05,171 | ERROR    | keeper.oracle        | Oracle update error: ('execution reverted', 'no data')
2026-07-04 14:57:08,652 | ERROR    | keeper.oracle        | Oracle update error: 429 Client Error: Too Many Requests for url: https://mainnet.base.org/
2026-07-04 14:58:22,684 | ERROR    | keeper.oracle        | Oracle update error: ('execution reverted', 'no data')
2026-07-04 14:59:32,359 | ERROR    | keeper.oracle        | Oracle update error: ('execution reverted', 'no data')
2026-07-04 15:00:33,178 | ERROR    | keeper.oracle        | Oracle update error: ('execution reverted', 'no data')
2026-07-04 15:01:34,156 | ERROR    | keeper.oracle        | Oracle update error: ('execution reverted', 'no data')
2026-07-04 15:02:34,907 | ERROR    | keeper.oracle        | Oracle update error: ('execution reverted', 'no data')
2026-07-04 15:03:51,504 | ERROR    | keeper.oracle        | Oracle update error: ('execution reverted', 'no data')
2026-07-04 15:04:52,369 | ERROR    | keeper.oracle        | Oracle update error: ('execution reverted', 'no data')
2026-07-04 15:06:02,196 | ERROR    | keeper.oracle        | Oracle update error: ('execution reverted', 'no data')
2026-07-04 15:07:02,980 | ERROR    | keeper.oracle        | Oracle update error: ('execution reverted', 'no data')
2026-07-04 15:08:03,721 | ERROR    | keeper.oracle        | Oracle update error: ('execution reverted', 'no data')
2026-07-04 15:09:11,410 | ERROR    | keeper.oracle        | Oracle update error: ('execution reverted', 'no data')
2026-07-04 15:10:23,925 | ERROR    | keeper.oracle        | Oracle update error: ('execution reverted', 'no data')
2026-07-04 15:11:25,555 | ERROR    | keeper.oracle        | Oracle update error: ('execution reverted', 'no data')
2026-07-04 15:12:31,555 | ERROR    | keeper.oracle        | Oracle update error: ('execution reverted', 'no data')
2026-07-04 15:13:32,326 | ERROR    | keeper.oracle        | Oracle update error: ('execution reverted', 'no data')
2026-07-04 15:14:37,677 | ERROR    | keeper.oracle        | Oracle update error: 429 Client Error: Too Many Requests for url: https://mainnet.base.org/
2026-07-04 15:15:38,447 | ERROR    | keeper.oracle        | Oracle update error: ('execution reverted', 'no data')
2026-07-04 15:16:43,428 | ERROR    | keeper.oracle        | Oracle update error: ('execution reverted', 'no data')
2026-07-04 15:17:44,169 | ERROR    | keeper.oracle        | Oracle update error: ('execution reverted', 'no data')
2026-07-04 15:18:53,560 | ERROR    | keeper.oracle        | Oracle update error: ('execution reverted', 'no data')
2026-07-04 15:19:54,391 | ERROR    | keeper.oracle        | Oracle update error: ('execution reverted', 'no data')
2026-07-04 15:20:55,381 | ERROR    | keeper.oracle        | Oracle update error: ('execution reverted', 'no data')
2026-07-04 15:22:01,492 | ERROR    | keeper.oracle        | Oracle update error: ('execution reverted', 'no data')
2026-07-04 15:23:15,274 | ERROR    | keeper.oracle        | Oracle update error: ('execution reverted', 'no data')
2026-07-04 15:24:16,024 | ERROR    | keeper.oracle        | Oracle update error: ('execution reverted', 'no data')
2026-07-04 15:25:23,875 | ERROR    | keeper.oracle        | Oracle update error: ('execution reverted', 'no data')
2026-07-04 15:26:25,670 | ERROR    | keeper.oracle        | Oracle update error: ('execution reverted', 'no data')
2026-07-04 15:27:31,837 | ERROR    | keeper.oracle        | Oracle update error: ('execution reverted', 'no data')
2026-07-04 15:28:45,738 | ERROR    | keeper.oracle        | Oracle update error: ('execution reverted', 'no data')
2026-07-04 15:29:46,598 | ERROR    | keeper.oracle        | Oracle update error: ('execution reverted', 'no data')
2026-07-04 15:30:51,036 | ERROR    | keeper.oracle        | Oracle update error: ('execution reverted', 'no data')
2026-07-04 15:31:51,830 | ERROR    | keeper.oracle        | Oracle update error: ('execution reverted', 'no data')
2026-07-04 15:33:01,422 | ERROR    | keeper.oracle        | Oracle update error: ('execution reverted', 'no data')
2026-07-04 15:34:03,744 | ERROR    | keeper.oracle        | Oracle update error: ('execution reverted', 'no data')
2026-07-04 15:35:12,823 | ERROR    | keeper.oracle        | Oracle update error: ('execution reverted', 'no data')
2026-07-04 15:36:13,565 | ERROR    | keeper.oracle        | Oracle update error: ('execution reverted', 'no data')
2026-07-04 15:37:21,109 | ERROR    | keeper.oracle        | Oracle update error: ('execution reverted', 'no data')
2026-07-04 15:38:23,596 | ERROR    | keeper.oracle        | Oracle update error: ('execution reverted', 'no data')
2026-07-04 15:39:24,448 | ERROR    | keeper.oracle        | Oracle update error: ('execution reverted', 'no data')
2026-07-04 15:40:25,808 | ERROR    | keeper.oracle        | Oracle update error: ('execution reverted', 'no data')
2026-07-04 15:41:31,489 | ERROR    | keeper.oracle        | Oracle update error: ('execution reverted', 'no data')
2026-07-04 15:42:32,241 | ERROR    | keeper.oracle        | Oracle update error: ('execution reverted', 'no data')
2026-07-04 15:43:43,032 | ERROR    | keeper.oracle        | Oracle update error: ('execution reverted', 'no data')
2026-07-04 15:44:44,222 | ERROR    | keeper.oracle        | Oracle update error: ('execution reverted', 'no data')
2026-07-04 15:45:45,004 | ERROR    | keeper.oracle        | Oracle update error: ('execution reverted', 'no data')
2026-07-04 15:46:51,989 | ERROR    | keeper.oracle        | Oracle update error: ('execution reverted', 'no data')
2026-07-04 15:47:52,876 | ERROR    | keeper.oracle        | Oracle update error: ('execution reverted', 'no data')
2026-07-04 15:48:56,535 | ERROR    | keeper.oracle        | Oracle update error: 429 Client Error: Too Many Requests for url: https://mainnet.base.org/
2026-07-04 15:50:03,377 | ERROR    | keeper.oracle        | Oracle update error: ('execution reverted', 'no data')
2026-07-04 15:51:04,228 | ERROR    | keeper.oracle        | Oracle update error: ('execution reverted', 'no data')
2026-07-04 15:52:12,370 | ERROR    | keeper.oracle        | Oracle update error: ('execution reverted', 'no data')
2026-07-04 15:53:13,129 | ERROR    | keeper.oracle        | Oracle update error: ('execution reverted', 'no data')
2026-07-04 15:54:21,640 | ERROR    | keeper.oracle        | Oracle update error: ('execution reverted', 'no data')
2026-07-04 15:55:32,450 | ERROR    | keeper.oracle        | Oracle update error: ('execution reverted', 'no data')
2026-07-04 15:56:33,184 | ERROR    | keeper.oracle        | Oracle update error: ('execution reverted', 'no data')
2026-07-04 15:57:40,534 | ERROR    | keeper.oracle        | Oracle update error: ('execution reverted', 'no data')
2026-07-04 15:58:43,034 | ERROR    | keeper.oracle        | Oracle update error: ('execution reverted', 'no data')
2026-07-04 15:59:48,434 | ERROR    | keeper.oracle        | Oracle update error: 429 Client Error: Too Many Requests for url: https://mainnet.base.org/
2026-07-04 16:01:02,016 | ERROR    | keeper.oracle        | Oracle update error: ('execution reverted', 'no data')
2026-07-04 16:02:02,796 | ERROR    | keeper.oracle        | Oracle update error: ('execution reverted', 'no data')
2026-07-04 16:03:12,308 | ERROR    | keeper.oracle        | Oracle update error: ('execution reverted', 'no data')
2026-07-04 16:04:22,878 | ERROR    | keeper.oracle        | Oracle update error: ('execution reverted', 'no data')
2026-07-04 16:05:23,640 | ERROR    | keeper.oracle        | Oracle update error: ('execution reverted', 'no data')
2026-07-04 16:06:41,311 | ERROR    | keeper.oracle        | Oracle update error: ('execution reverted', 'no data')
2026-07-04 16:07:47,330 | ERROR    | keeper.oracle        | Oracle update error: 429 Client Error: Too Many Requests for url: https://mainnet.base.org/
2026-07-04 16:08:50,891 | ERROR    | keeper.oracle        | Oracle update error: ('execution reverted', 'no data')
2026-07-04 16:09:52,861 | ERROR    | keeper.oracle        | Oracle update error: ('execution reverted', 'no data')
2026-07-04 16:10:55,763 | ERROR    | keeper.oracle        | Oracle update error: ('execution reverted', 'no data')
2026-07-04 16:12:01,693 | ERROR    | keeper.oracle        | Oracle update error: ('execution reverted', 'no data')
2026-07-04 16:13:02,454 | ERROR    | keeper.oracle        | Oracle update error: ('execution reverted', 'no data')
2026-07-04 16:14:14,271 | ERROR    | keeper.oracle        | Oracle update error: ('execution reverted', 'no data')
2026-07-04 16:15:14,988 | ERROR    | keeper.oracle        | Oracle update error: ('execution reverted', 'no data')
2026-07-04 16:16:19,686 | ERROR    | keeper.oracle        | Oracle update error: 429 Client Error: Too Many Requests for url: https://mainnet.base.org/
2026-07-04 16:17:20,430 | ERROR    | keeper.oracle        | Oracle update error: ('execution reverted', 'no data')
2026-07-04 16:18:31,108 | ERROR    | keeper.oracle        | Oracle update error: ('execution reverted', 'no data')
2026-07-04 16:19:42,759 | ERROR    | keeper.oracle        | Oracle update error: ('execution reverted', 'no data')
2026-07-04 16:20:52,141 | ERROR    | keeper.oracle        | Oracle update error: ('execution reverted', 'no data')
2026-07-04 16:21:52,890 | ERROR    | keeper.oracle        | Oracle update error: ('execution reverted', 'no data')
2026-07-04 16:23:01,022 | ERROR    | keeper.oracle        | Oracle update error: ('execution reverted', 'no data')
2026-07-04 16:24:01,772 | ERROR    | keeper.oracle        | Oracle update error: ('execution reverted', 'no data')
2026-07-04 16:25:03,922 | ERROR    | keeper.oracle        | Oracle update error: ('execution reverted', 'no data')
2026-07-04 16:26:04,795 | ERROR    | keeper.oracle        | Oracle update error: ('execution reverted', 'no data')
2026-07-04 16:27:11,599 | ERROR    | keeper.oracle        | Oracle update error: ('execution reverted', 'no data')
2026-07-04 16:28:15,005 | ERROR    | keeper.oracle        | Oracle update error: ('execution reverted', 'no data')
2026-07-04 16:29:15,756 | ERROR    | keeper.oracle        | Oracle update error: ('execution reverted', 'no data')
2026-07-04 16:30:21,239 | ERROR    | keeper.oracle        | Oracle update error: ('execution reverted', 'no data')
2026-07-04 16:31:22,059 | ERROR    | keeper.oracle        | Oracle update error: ('execution reverted', 'no data')
2026-07-04 16:32:27,018 | ERROR    | keeper.oracle        | Oracle update error: 429 Client Error: Too Many Requests for url: https://mainnet.base.org/
2026-07-04 16:33:34,560 | ERROR    | keeper.oracle        | Oracle update error: ('execution reverted', 'no data')
2026-07-04 16:34:35,301 | ERROR    | keeper.oracle        | Oracle update error: ('execution reverted', 'no data')
2026-07-04 16:35:36,021 | ERROR    | keeper.oracle        | Oracle update error: ('execution reverted', 'no data')
2026-07-04 16:36:43,811 | ERROR    | keeper.oracle        | Oracle update error: ('execution reverted', 'no data')
2026-07-04 16:37:44,561 | ERROR    | keeper.oracle        | Oracle update error: ('execution reverted', 'no data')
2026-07-04 16:38:45,292 | ERROR    | keeper.oracle        | Oracle update error: ('execution reverted', 'no data')
2026-07-04 16:39:46,033 | ERROR    | keeper.oracle        | Oracle update error: ('execution reverted', 'no data')
2026-07-04 16:40:54,794 | ERROR    | keeper.oracle        | Oracle update error: ('execution reverted', 'no data')
2026-07-04 16:41:55,534 | ERROR    | keeper.oracle        | Oracle update error: ('execution reverted', 'no data')
2026-07-04 16:43:01,355 | ERROR    | keeper.oracle        | Oracle update error: ('execution reverted', 'no data')
2026-07-04 16:44:12,276 | ERROR    | keeper.oracle        | Oracle update error: ('execution reverted', 'no data')
2026-07-04 16:45:22,518 | ERROR    | keeper.oracle        | Oracle update error: ('execution reverted', 'no data')
2026-07-04 16:46:23,228 | ERROR    | keeper.oracle        | Oracle update error: ('execution reverted', 'no data')
2026-07-04 16:47:24,669 | ERROR    | keeper.oracle        | Oracle update error: ('execution reverted', 'no data')
2026-07-04 16:48:31,520 | ERROR    | keeper.oracle        | Oracle update error: ('execution reverted', 'no data')
2026-07-04 16:49:43,500 | ERROR    | keeper.oracle        | Oracle update error: ('execution reverted', 'no data')
2026-07-04 16:50:44,941 | ERROR    | keeper.oracle        | Oracle update error: ('execution reverted', 'no data')
2026-07-04 16:51:51,762 | ERROR    | keeper.oracle        | Oracle update error: ('execution reverted', 'no data')
2026-07-04 16:52:53,284 | ERROR    | keeper.oracle        | Oracle update error: ('execution reverted', 'no data')
2026-07-04 16:54:02,724 | ERROR    | keeper.oracle        | Oracle update error: ('execution reverted', 'no data')
2026-07-04 16:55:03,474 | ERROR    | keeper.oracle        | Oracle update error: ('execution reverted', 'no data')
2026-07-04 16:56:14,015 | ERROR    | keeper.oracle        | Oracle update error: ('execution reverted', 'no data')
2026-07-04 16:57:14,925 | ERROR    | keeper.oracle        | Oracle update error: ('execution reverted', 'no data')
2026-07-04 16:58:21,027 | ERROR    | keeper.oracle        | Oracle update error: ('execution reverted', 'no data')
2026-07-04 16:59:32,708 | ERROR    | keeper.oracle        | Oracle update error: ('execution reverted', 'no data')
2026-07-04 17:00:33,419 | ERROR    | keeper.oracle        | Oracle update error: ('execution reverted', 'no data')
2026-07-04 17:01:34,169 | ERROR    | keeper.oracle        | Oracle update error: ('execution reverted', 'no data')
2026-07-04 17:02:34,900 | ERROR    | keeper.oracle        | Oracle update error: ('execution reverted', 'no data')
2026-07-04 17:03:47,480 | ERROR    | keeper.oracle        | Oracle update error: 429 Client Error: Too Many Requests for url: https://mainnet.base.org/
2026-07-04 17:04:56,861 | ERROR    | keeper.oracle        | Oracle update error: 429 Client Error: Too Many Requests for url: https://mainnet.base.org/
2026-07-04 17:05:57,642 | ERROR    | keeper.oracle        | Oracle update error: ('execution reverted', 'no data')
2026-07-04 17:07:11,533 | ERROR    | keeper.oracle        | Oracle update error: ('execution reverted', 'no data')
2026-07-04 17:08:12,274 | ERROR    | keeper.oracle        | Oracle update error: ('execution reverted', 'no data')
2026-07-04 17:09:13,045 | ERROR    | keeper.oracle        | Oracle update error: ('execution reverted', 'no data')
2026-07-04 17:10:20,655 | ERROR    | keeper.oracle        | Oracle update error: ('execution reverted', 'no data')
2026-07-04 17:11:21,396 | ERROR    | keeper.oracle        | Oracle update error: ('execution reverted', 'no data')
2026-07-04 17:12:30,607 | ERROR    | keeper.oracle        | Oracle update error: ('execution reverted', 'no data')
2026-07-04 17:13:42,957 | ERROR    | keeper.oracle        | Oracle update error: ('execution reverted', 'no data')
2026-07-04 17:14:43,739 | ERROR    | keeper.oracle        | Oracle update error: ('execution reverted', 'no data')
2026-07-04 17:15:44,520 | ERROR    | keeper.oracle        | Oracle update error: ('execution reverted', 'no data')
2026-07-04 17:16:52,832 | ERROR    | keeper.oracle        | Oracle update error: ('execution reverted', 'no data')
2026-07-04 17:17:54,042 | ERROR    | keeper.oracle        | Oracle update error: ('execution reverted', 'no data')
2026-07-04 17:18:54,846 | ERROR    | keeper.oracle        | Oracle update error: ('execution reverted', 'no data')
2026-07-04 17:20:02,555 | ERROR    | keeper.oracle        | Oracle update error: ('execution reverted', 'no data')
2026-07-04 17:21:03,287 | ERROR    | keeper.oracle        | Oracle update error: ('execution reverted', 'no data')
2026-07-04 17:22:04,110 | ERROR    | keeper.oracle        | Oracle update error: ('execution reverted', 'no data')
2026-07-04 17:23:10,667 | ERROR    | keeper.oracle        | Oracle update error: ('execution reverted', 'no data')
2026-07-04 17:24:11,509 | ERROR    | keeper.oracle        | Oracle update error: ('execution reverted', 'no data')
2026-07-04 17:25:20,790 | ERROR    | keeper.oracle        | Oracle update error: ('execution reverted', 'no data')
2026-07-04 17:26:32,974 | ERROR    | keeper.oracle        | Oracle update error: ('execution reverted', 'no data')
2026-07-04 17:27:33,687 | ERROR    | keeper.oracle        | Oracle update error: ('execution reverted', 'no data')
2026-07-04 17:28:36,229 | ERROR    | keeper.oracle        | Oracle update error: ('execution reverted', 'no data')
2026-07-04 17:29:41,596 | ERROR    | keeper.oracle        | Oracle update error: ('execution reverted', 'no data')
2026-07-04 17:30:57,185 | ERROR    | keeper.oracle        | Oracle update error: ('execution reverted', 'no data')
2026-07-04 17:31:57,983 | ERROR    | keeper.oracle        | Oracle update error: ('execution reverted', 'no data')
2026-07-04 17:33:02,019 | ERROR    | keeper.oracle        | Oracle update error: ('execution reverted', 'no data')
2026-07-04 17:34:04,617 | ERROR    | keeper.oracle        | Oracle update error: ('execution reverted', 'no data')
2026-07-04 17:35:11,590 | ERROR    | keeper.oracle        | Oracle update error: ('execution reverted', 'no data')
2026-07-04 17:36:12,489 | ERROR    | keeper.oracle        | Oracle update error: ('execution reverted', 'no data')
2026-07-04 17:37:13,239 | ERROR    | keeper.oracle        | Oracle update error: ('execution reverted', 'no data')
2026-07-04 17:38:15,361 | ERROR    | keeper.oracle        | Oracle update error: ('execution reverted', 'no data')
2026-07-04 17:39:22,095 | ERROR    | keeper.oracle        | Oracle update error: ('execution reverted', 'no data')
2026-07-04 17:40:22,812 | ERROR    | keeper.oracle        | Oracle update error: ('execution reverted', 'no data')
2026-07-04 17:41:26,716 | ERROR    | keeper.oracle        | Oracle update error: 429 Client Error: Too Many Requests for url: https://mainnet.base.org/
2026-07-04 17:42:35,225 | ERROR    | keeper.oracle        | Oracle update error: ('execution reverted', 'no data')
2026-07-04 17:43:35,985 | ERROR    | keeper.oracle        | Oracle update error: ('execution reverted', 'no data')
2026-07-04 17:44:40,846 | ERROR    | keeper.oracle        | Oracle update error: ('execution reverted', 'no data')
2026-07-04 17:45:41,679 | ERROR    | keeper.oracle        | Oracle update error: ('execution reverted', 'no data')
2026-07-04 17:46:50,947 | ERROR    | keeper.oracle        | Oracle update error: ('execution reverted', 'no data')
2026-07-04 17:47:57,347 | ERROR    | keeper.oracle        | Oracle update error: 429 Client Error: Too Many Requests for url: https://mainnet.base.org/
2026-07-04 17:48:58,099 | ERROR    | keeper.oracle        | Oracle update error: ('execution reverted', 'no data')
2026-07-04 17:50:00,462 | ERROR    | keeper.oracle        | Oracle update error: ('execution reverted', 'no data')
2026-07-04 17:51:11,313 | ERROR    | keeper.oracle        | Oracle update error: ('execution reverted', 'no data')
2026-07-04 17:52:13,504 | ERROR    | keeper.oracle        | Oracle update error: ('execution reverted', 'no data')
2026-07-04 17:53:14,473 | ERROR    | keeper.oracle        | Oracle update error: ('execution reverted', 'no data')
2026-07-04 17:54:15,214 | ERROR    | keeper.oracle        | Oracle update error: ('execution reverted', 'no data')
2026-07-04 17:55:18,629 | ERROR    | keeper.oracle        | Oracle update error: 429 Client Error: Too Many Requests for url: https://mainnet.base.org/
2026-07-04 17:56:19,416 | ERROR    | keeper.oracle        | Oracle update error: ('execution reverted', 'no data')
2026-07-04 17:57:28,386 | ERROR    | keeper.oracle        | Oracle update error: 429 Client Error: Too Many Requests for url: https://mainnet.base.org/
2026-07-04 17:58:34,378 | ERROR    | keeper.oracle        | Oracle update error: ('execution reverted', 'no data')
2026-07-04 17:59:35,119 | ERROR    | keeper.oracle        | Oracle update error: ('execution reverted', 'no data')
2026-07-04 18:00:44,620 | ERROR    | keeper.oracle        | Oracle update error: ('execution reverted', 'no data')
2026-07-04 18:01:52,920 | ERROR    | keeper.oracle        | Oracle update error: ('execution reverted', 'no data')
2026-07-04 18:02:53,742 | ERROR    | keeper.oracle        | Oracle update error: ('execution reverted', 'no data')
2026-07-04 18:04:01,552 | ERROR    | keeper.oracle        | Oracle update error: ('execution reverted', 'no data')
2026-07-04 18:05:12,773 | ERROR    | keeper.oracle        | Oracle update error: ('execution reverted', 'no data')
2026-07-04 18:06:22,196 | ERROR    | keeper.oracle        | Oracle update error: ('execution reverted', 'no data')
2026-07-04 18:07:22,960 | ERROR    | keeper.oracle        | Oracle update error: ('execution reverted', 'no data')
2026-07-04 18:08:31,109 | ERROR    | keeper.oracle        | Oracle update error: ('execution reverted', 'no data')
2026-07-04 18:09:31,850 | ERROR    | keeper.oracle        | Oracle update error: ('execution reverted', 'no data')
2026-07-04 18:10:41,501 | ERROR    | keeper.oracle        | Oracle update error: ('execution reverted', 'no data')
2026-07-04 18:11:51,588 | ERROR    | keeper.oracle        | Oracle update error: ('execution reverted', 'no data')
2026-07-04 18:12:52,319 | ERROR    | keeper.oracle        | Oracle update error: ('execution reverted', 'no data')
2026-07-04 18:14:01,210 | ERROR    | keeper.oracle        | Oracle update error: ('execution reverted', 'no data')
2026-07-04 18:15:11,910 | ERROR    | keeper.oracle        | Oracle update error: ('execution reverted', 'no data')
2026-07-04 18:16:12,842 | ERROR    | keeper.oracle        | Oracle update error: ('execution reverted', 'no data')
2026-07-04 18:17:14,716 | ERROR    | keeper.oracle        | Oracle update error: ('execution reverted', 'no data')
2026-07-04 18:18:24,324 | ERROR    | keeper.oracle        | Oracle update error: ('execution reverted', 'no data')
2026-07-04 18:19:25,084 | ERROR    | keeper.oracle        | Oracle update error: ('execution reverted', 'no data')
2026-07-04 18:20:34,265 | ERROR    | keeper.oracle        | Oracle update error: ('execution reverted', 'no data')
2026-07-04 18:21:51,416 | ERROR    | keeper.oracle        | Oracle update error: ('execution reverted', 'no data')
2026-07-04 18:22:52,152 | ERROR    | keeper.oracle        | Oracle update error: ('execution reverted', 'no data')
2026-07-04 18:23:57,586 | ERROR    | keeper.oracle        | Oracle update error: 429 Client Error: Too Many Requests for url: https://mainnet.base.org/
2026-07-04 18:25:06,896 | ERROR    | keeper.oracle        | Oracle update error: 429 Client Error: Too Many Requests for url: https://mainnet.base.org/
2026-07-04 18:26:14,336 | ERROR    | keeper.oracle        | Oracle update error: ('execution reverted', 'no data')
2026-07-04 18:27:15,116 | ERROR    | keeper.oracle        | Oracle update error: ('execution reverted', 'no data')
2026-07-04 18:28:15,849 | ERROR    | keeper.oracle        | Oracle update error: ('execution reverted', 'no data')
2026-07-04 18:29:16,656 | ERROR    | keeper.oracle        | Oracle update error: ('execution reverted', 'no data')
2026-07-04 18:30:17,418 | ERROR    | keeper.oracle        | Oracle update error: ('execution reverted', 'no data')
2026-07-04 18:31:23,742 | ERROR    | keeper.oracle        | Oracle update error: ('execution reverted', 'no data')
2026-07-04 18:32:24,547 | ERROR    | keeper.oracle        | Oracle update error: ('execution reverted', 'no data')
2026-07-04 18:33:31,173 | ERROR    | keeper.oracle        | Oracle update error: ('execution reverted', 'no data')
2026-07-04 18:34:37,667 | ERROR    | keeper.oracle        | Oracle update error: 429 Client Error: Too Many Requests for url: https://mainnet.base.org/
2026-07-04 18:35:39,288 | ERROR    | keeper.oracle        | Oracle update error: ('execution reverted', 'no data')
2026-07-04 18:36:42,738 | ERROR    | keeper.oracle        | Oracle update error: ('execution reverted', 'no data')
2026-07-04 18:37:43,460 | ERROR    | keeper.oracle        | Oracle update error: ('execution reverted', 'no data')
2026-07-04 18:38:45,127 | ERROR    | keeper.oracle        | Oracle update error: ('execution reverted', 'no data')
2026-07-04 18:39:46,060 | ERROR    | keeper.oracle        | Oracle update error: ('execution reverted', 'no data')
2026-07-04 18:41:01,351 | ERROR    | keeper.oracle        | Oracle update error: ('execution reverted', 'no data')
2026-07-04 18:42:03,704 | ERROR    | keeper.oracle        | Oracle update error: ('execution reverted', 'no data')
2026-07-04 18:43:04,482 | ERROR    | keeper.oracle        | Oracle update error: ('execution reverted', 'no data')
2026-07-04 18:44:14,103 | ERROR    | keeper.oracle        | Oracle update error: ('execution reverted', 'no data')
2026-07-04 18:45:24,180 | ERROR    | keeper.oracle        | Oracle update error: ('execution reverted', 'no data')
2026-07-04 18:46:24,926 | ERROR    | keeper.oracle        | Oracle update error: ('execution reverted', 'no data')
2026-07-04 18:47:30,385 | ERROR    | keeper.oracle        | Oracle update error: ('execution reverted', 'no data')
2026-07-04 18:48:37,455 | ERROR    | keeper.oracle        | Oracle update error: 429 Client Error: Too Many Requests for url: https://mainnet.base.org/
2026-07-04 18:49:38,216 | ERROR    | keeper.oracle        | Oracle update error: ('execution reverted', 'no data')
2026-07-04 18:50:51,417 | ERROR    | keeper.oracle        | Oracle update error: ('execution reverted', 'no data')
2026-07-04 18:51:53,698 | ERROR    | keeper.oracle        | Oracle update error: ('execution reverted', 'no data')
2026-07-04 18:52:54,449 | ERROR    | keeper.oracle        | Oracle update error: ('execution reverted', 'no data')
2026-07-04 18:54:01,129 | ERROR    | keeper.oracle        | Oracle update error: ('execution reverted', 'no data')
2026-07-04 18:55:01,889 | ERROR    | keeper.oracle        | Oracle update error: ('execution reverted', 'no data')
2026-07-04 18:56:07,130 | ERROR    | keeper.oracle        | Oracle update error: ('execution reverted', 'no data')
2026-07-04 18:57:14,193 | ERROR    | keeper.oracle        | Oracle update error: ('execution reverted', 'no data')
2026-07-04 18:58:14,983 | ERROR    | keeper.oracle        | Oracle update error: ('execution reverted', 'no data')
2026-07-04 18:59:25,237 | ERROR    | keeper.oracle        | Oracle update error: ('execution reverted', 'no data')
2026-07-04 19:00:34,186 | ERROR    | keeper.oracle        | Oracle update error: ('execution reverted', 'no data')
2026-07-04 19:01:34,928 | ERROR    | keeper.oracle        | Oracle update error: ('execution reverted', 'no data')
2026-07-04 19:02:38,333 | ERROR    | keeper.oracle        | Oracle update error: 429 Client Error: Too Many Requests for url: https://mainnet.base.org/
2026-07-04 19:03:46,839 | ERROR    | keeper.oracle        | Oracle update error: 429 Client Error: Too Many Requests for url: https://mainnet.base.org/
2026-07-04 19:04:47,572 | ERROR    | keeper.oracle        | Oracle update error: ('execution reverted', 'no data')
2026-07-04 19:05:51,441 | ERROR    | keeper.oracle        | Oracle update error: ('execution reverted', 'no data')
2026-07-04 19:07:00,882 | ERROR    | keeper.oracle        | Oracle update error: ('execution reverted', 'no data')
2026-07-04 19:08:14,083 | ERROR    | keeper.oracle        | Oracle update error: ('execution reverted', 'no data')
2026-07-04 19:09:23,996 | ERROR    | keeper.oracle        | Oracle update error: ('execution reverted', 'no data')
2026-07-04 19:10:24,938 | ERROR    | keeper.oracle        | Oracle update error: ('execution reverted', 'no data')
2026-07-04 19:11:31,808 | ERROR    | keeper.oracle        | Oracle update error: ('execution reverted', 'no data')
2026-07-04 19:12:32,560 | ERROR    | keeper.oracle        | Oracle update error: ('execution reverted', 'no data')
2026-07-04 19:13:37,310 | ERROR    | keeper.oracle        | Oracle update error: 429 Client Error: Too Many Requests for url: https://mainnet.base.org/
2026-07-04 19:14:38,851 | ERROR    | keeper.oracle        | Oracle update error: ('execution reverted', 'no data')
2026-07-04 19:15:40,471 | ERROR    | keeper.oracle        | Oracle update error: ('execution reverted', 'no data')
2026-07-04 19:16:52,294 | ERROR    | keeper.oracle        | Oracle update error: ('execution reverted', 'no data')
2026-07-04 19:17:53,065 | ERROR    | keeper.oracle        | Oracle update error: ('execution reverted', 'no data')
2026-07-04 19:19:01,194 | ERROR    | keeper.oracle        | Oracle update error: ('execution reverted', 'no data')
2026-07-04 19:20:04,766 | ERROR    | keeper.oracle        | Oracle update error: ('execution reverted', 'no data')
2026-07-04 19:21:15,526 | ERROR    | keeper.oracle        | Oracle update error: ('execution reverted', 'no data')
2026-07-04 19:22:16,278 | ERROR    | keeper.oracle        | Oracle update error: ('execution reverted', 'no data')
2026-07-04 19:23:30,729 | ERROR    | keeper.oracle        | Oracle update error: ('execution reverted', 'no data')
2026-07-04 19:24:31,489 | ERROR    | keeper.oracle        | Oracle update error: ('execution reverted', 'no data')
2026-07-04 19:25:37,780 | ERROR    | keeper.oracle        | Oracle update error: 429 Client Error: Too Many Requests for url: https://mainnet.base.org/
2026-07-04 19:26:47,170 | ERROR    | keeper.oracle        | Oracle update error: 429 Client Error: Too Many Requests for url: https://mainnet.base.org/
2026-07-04 19:27:47,934 | ERROR    | keeper.oracle        | Oracle update error: ('execution reverted', 'no data')
2026-07-04 19:28:51,933 | ERROR    | keeper.oracle        | Oracle update error: ('execution reverted', 'no data')
2026-07-04 19:29:52,704 | ERROR    | keeper.oracle        | Oracle update error: ('execution reverted', 'no data')
2026-07-04 19:31:01,374 | ERROR    | keeper.oracle        | Oracle update error: ('execution reverted', 'no data')
2026-07-04 19:32:02,114 | ERROR    | keeper.oracle        | Oracle update error: ('execution reverted', 'no data')
2026-07-04 19:33:12,095 | ERROR    | keeper.oracle        | Oracle update error: ('execution reverted', 'no data')
2026-07-04 19:34:23,764 | ERROR    | keeper.oracle        | Oracle update error: ('execution reverted', 'no data')
2026-07-04 19:35:35,335 | ERROR    | keeper.oracle        | Oracle update error: ('execution reverted', 'no data')
2026-07-04 19:36:36,906 | ERROR    | keeper.oracle        | Oracle update error: ('execution reverted', 'no data')
2026-07-04 19:37:38,396 | ERROR    | keeper.oracle        | Oracle update error: ('execution reverted', 'no data')
2026-07-04 19:38:39,106 | ERROR    | keeper.oracle        | Oracle update error: ('execution reverted', 'no data')
2026-07-04 19:39:48,837 | ERROR    | keeper.oracle        | Oracle update error: 429 Client Error: Too Many Requests for url: https://mainnet.base.org/
2026-07-04 19:40:54,138 | ERROR    | keeper.oracle        | Oracle update error: ('execution reverted', 'no data')
2026-07-04 19:41:54,859 | ERROR    | keeper.oracle        | Oracle update error: ('execution reverted', 'no data')
2026-07-04 19:43:01,649 | ERROR    | keeper.oracle        | Oracle update error: ('execution reverted', 'no data')
2026-07-04 19:44:02,380 | ERROR    | keeper.oracle        | Oracle update error: ('execution reverted', 'no data')
2026-07-04 19:45:11,160 | ERROR    | keeper.oracle        | Oracle update error: ('execution reverted', 'no data')
2026-07-04 19:46:22,311 | ERROR    | keeper.oracle        | Oracle update error: ('execution reverted', 'no data')
2026-07-04 19:47:23,053 | ERROR    | keeper.oracle        | Oracle update error: ('execution reverted', 'no data')
2026-07-04 19:48:30,862 | ERROR    | keeper.oracle        | Oracle update error: ('execution reverted', 'no data')
2026-07-04 19:49:41,973 | ERROR    | keeper.oracle        | Oracle update error: ('execution reverted', 'no data')
2026-07-04 19:50:42,874 | ERROR    | keeper.oracle        | Oracle update error: ('execution reverted', 'no data')
2026-07-04 19:51:47,514 | ERROR    | keeper.oracle        | Oracle update error: 429 Client Error: Too Many Requests for url: https://mainnet.base.org/
2026-07-04 19:52:48,255 | ERROR    | keeper.oracle        | Oracle update error: ('execution reverted', 'no data')
2026-07-04 19:53:53,556 | ERROR    | keeper.oracle        | Oracle update error: ('execution reverted', 'no data')
2026-07-04 19:54:54,386 | ERROR    | keeper.oracle        | Oracle update error: ('execution reverted', 'no data')
2026-07-04 19:56:10,588 | ERROR    | keeper.oracle        | Oracle update error: ('execution reverted', 'no data')
2026-07-04 19:57:11,378 | ERROR    | keeper.oracle        | Oracle update error: ('execution reverted', 'no data')
2026-07-04 19:58:20,429 | ERROR    | keeper.oracle        | Oracle update error: ('execution reverted', 'no data')
2026-07-04 19:59:21,199 | ERROR    | keeper.oracle        | Oracle update error: ('execution reverted', 'no data')
2026-07-04 20:00:34,180 | ERROR    | keeper.oracle        | Oracle update error: ('execution reverted', 'no data')
2026-07-04 20:01:34,941 | ERROR    | keeper.oracle        | Oracle update error: ('execution reverted', 'no data')
2026-07-04 20:02:43,182 | ERROR    | keeper.oracle        | Oracle update error: ('execution reverted', 'no data')
2026-07-04 20:03:44,422 | ERROR    | keeper.oracle        | Oracle update error: ('execution reverted', 'no data')
2026-07-04 20:04:54,453 | ERROR    | keeper.oracle        | Oracle update error: ('execution reverted', 'no data')
2026-07-04 20:05:55,194 | ERROR    | keeper.oracle        | Oracle update error: ('execution reverted', 'no data')
2026-07-04 20:07:02,826 | ERROR    | keeper.oracle        | Oracle update error: ('execution reverted', 'no data')
2026-07-04 20:08:03,607 | ERROR    | keeper.oracle        | Oracle update error: ('execution reverted', 'no data')
2026-07-04 20:09:04,616 | ERROR    | keeper.oracle        | Oracle update error: ('execution reverted', 'no data')
2026-07-04 20:10:05,457 | ERROR    | keeper.oracle        | Oracle update error: ('execution reverted', 'no data')
2026-07-04 20:11:14,277 | ERROR    | keeper.oracle        | Oracle update error: ('execution reverted', 'no data')
2026-07-04 20:12:15,078 | ERROR    | keeper.oracle        | Oracle update error: ('execution reverted', 'no data')
2026-07-04 20:13:22,290 | ERROR    | keeper.oracle        | Oracle update error: ('execution reverted', 'no data')
2026-07-04 20:14:31,429 | ERROR    | keeper.oracle        | Oracle update error: ('execution reverted', 'no data')
2026-07-04 20:15:32,159 | ERROR    | keeper.oracle        | Oracle update error: ('execution reverted', 'no data')
2026-07-04 20:16:42,310 | ERROR    | keeper.oracle        | Oracle update error: ('execution reverted', 'no data')
2026-07-04 20:17:43,081 | ERROR    | keeper.oracle        | Oracle update error: ('execution reverted', 'no data')
2026-07-04 20:18:50,441 | ERROR    | keeper.oracle        | Oracle update error: ('execution reverted', 'no data')
2026-07-04 20:19:51,224 | ERROR    | keeper.oracle        | Oracle update error: ('execution reverted', 'no data')
2026-07-04 20:21:01,343 | ERROR    | keeper.oracle        | Oracle update error: ('execution reverted', 'no data')
2026-07-04 20:22:13,386 | ERROR    | keeper.oracle        | Oracle update error: ('execution reverted', 'no data')
2026-07-04 20:23:14,185 | ERROR    | keeper.oracle        | Oracle update error: ('execution reverted', 'no data')
2026-07-04 20:24:23,156 | ERROR    | keeper.oracle        | Oracle update error: ('execution reverted', 'no data')
2026-07-04 20:25:23,936 | ERROR    | keeper.oracle        | Oracle update error: ('execution reverted', 'no data')
2026-07-04 20:26:24,667 | ERROR    | keeper.oracle        | Oracle update error: ('execution reverted', 'no data')
2026-07-04 20:27:31,558 | ERROR    | keeper.oracle        | Oracle update error: ('execution reverted', 'no data')
2026-07-04 20:28:43,058 | ERROR    | keeper.oracle        | Oracle update error: ('execution reverted', 'no data')
2026-07-04 20:29:43,929 | ERROR    | keeper.oracle        | Oracle update error: ('execution reverted', 'no data')
2026-07-04 20:30:51,430 | ERROR    | keeper.oracle        | Oracle update error: ('execution reverted', 'no data')
2026-07-04 20:32:02,091 | ERROR    | keeper.oracle        | Oracle update error: ('execution reverted', 'no data')
2026-07-04 20:33:03,452 | ERROR    | keeper.oracle        | Oracle update error: ('execution reverted', 'no data')
2026-07-04 20:34:11,603 | ERROR    | keeper.oracle        | Oracle update error: ('execution reverted', 'no data')
2026-07-04 20:35:17,948 | ERROR    | keeper.oracle        | Oracle update error: 429 Client Error: Too Many Requests for url: https://mainnet.base.org/
2026-07-04 20:36:31,505 | ERROR    | keeper.oracle        | Oracle update error: ('execution reverted', 'no data')
2026-07-04 20:37:43,585 | ERROR    | keeper.oracle        | Oracle update error: ('execution reverted', 'no data')
2026-07-04 20:38:45,145 | ERROR    | keeper.oracle        | Oracle update error: ('execution reverted', 'no data')
2026-07-04 20:39:51,167 | ERROR    | keeper.oracle        | Oracle update error: ('execution reverted', 'no data')
2026-07-04 20:40:51,908 | ERROR    | keeper.oracle        | Oracle update error: ('execution reverted', 'no data')
2026-07-04 20:42:00,410 | ERROR    | keeper.oracle        | Oracle update error: ('execution reverted', 'no data')
2026-07-04 20:43:11,700 | ERROR    | keeper.oracle        | Oracle update error: ('execution reverted', 'no data')
2026-07-04 20:44:12,442 | ERROR    | keeper.oracle        | Oracle update error: ('execution reverted', 'no data')
2026-07-04 20:45:21,332 | ERROR    | keeper.oracle        | Oracle update error: ('execution reverted', 'no data')
2026-07-04 20:46:22,103 | ERROR    | keeper.oracle        | Oracle update error: ('execution reverted', 'no data')
2026-07-04 20:47:22,844 | ERROR    | keeper.oracle        | Oracle update error: ('execution reverted', 'no data')
2026-07-04 20:48:32,325 | ERROR    | keeper.oracle        | Oracle update error: ('execution reverted', 'no data')
2026-07-04 20:49:33,266 | ERROR    | keeper.oracle        | Oracle update error: ('execution reverted', 'no data')
2026-07-04 20:50:41,828 | ERROR    | keeper.oracle        | Oracle update error: ('execution reverted', 'no data')
2026-07-04 20:51:43,618 | ERROR    | keeper.oracle        | Oracle update error: ('execution reverted', 'no data')
2026-07-04 20:52:50,549 | ERROR    | keeper.oracle        | Oracle update error: ('execution reverted', 'no data')
2026-07-04 20:54:02,601 | ERROR    | keeper.oracle        | Oracle update error: ('execution reverted', 'no data')
2026-07-04 20:55:03,571 | ERROR    | keeper.oracle        | Oracle update error: ('execution reverted', 'no data')
2026-07-04 20:56:07,741 | ERROR    | keeper.oracle        | Oracle update error: 429 Client Error: Too Many Requests for url: https://mainnet.base.org/
2026-07-04 20:57:08,473 | ERROR    | keeper.oracle        | Oracle update error: ('execution reverted', 'no data')
2026-07-04 20:58:14,414 | ERROR    | keeper.oracle        | Oracle update error: ('execution reverted', 'no data')
2026-07-04 20:59:15,657 | ERROR    | keeper.oracle        | Oracle update error: ('execution reverted', 'no data')
2026-07-04 21:00:16,426 | ERROR    | keeper.oracle        | Oracle update error: ('execution reverted', 'no data')
2026-07-04 21:01:22,861 | ERROR    | keeper.oracle        | Oracle update error: ('execution reverted', 'no data')
2026-07-04 21:02:23,627 | ERROR    | keeper.oracle        | Oracle update error: ('execution reverted', 'no data')
2026-07-04 21:03:31,197 | ERROR    | keeper.oracle        | Oracle update error: ('execution reverted', 'no data')
2026-07-04 21:04:31,949 | ERROR    | keeper.oracle        | Oracle update error: ('execution reverted', 'no data')
2026-07-04 21:05:42,880 | ERROR    | keeper.oracle        | Oracle update error: ('execution reverted', 'no data')
2026-07-04 21:06:43,661 | ERROR    | keeper.oracle        | Oracle update error: ('execution reverted', 'no data')
2026-07-04 21:07:56,713 | ERROR    | keeper.oracle        | Oracle update error: 429 Client Error: Too Many Requests for url: https://mainnet.base.org/
2026-07-04 21:09:03,762 | ERROR    | keeper.oracle        | Oracle update error: ('execution reverted', 'no data')
2026-07-04 21:10:04,533 | ERROR    | keeper.oracle        | Oracle update error: ('execution reverted', 'no data')
2026-07-04 21:11:05,424 | ERROR    | keeper.oracle        | Oracle update error: ('execution reverted', 'no data')
2026-07-04 21:12:06,194 | ERROR    | keeper.oracle        | Oracle update error: ('execution reverted', 'no data')
2026-07-04 21:13:22,754 | ERROR    | keeper.oracle        | Oracle update error: ('execution reverted', 'no data')
2026-07-04 21:14:23,875 | ERROR    | keeper.oracle        | Oracle update error: ('execution reverted', 'no data')
2026-07-04 21:15:31,944 | ERROR    | keeper.oracle        | Oracle update error: ('execution reverted', 'no data')
2026-07-04 21:16:35,743 | ERROR    | keeper.oracle        | Oracle update error: ('execution reverted', 'no data')
2026-07-04 21:17:36,493 | ERROR    | keeper.oracle        | Oracle update error: ('execution reverted', 'no data')
2026-07-04 21:18:40,764 | ERROR    | keeper.oracle        | Oracle update error: ('execution reverted', 'no data')
2026-07-04 21:19:41,544 | ERROR    | keeper.oracle        | Oracle update error: ('execution reverted', 'no data')
2026-07-04 21:20:52,913 | ERROR    | keeper.oracle        | Oracle update error: ('execution reverted', 'no data')
2026-07-04 21:21:55,194 | ERROR    | keeper.oracle        | Oracle update error: ('execution reverted', 'no data')
2026-07-04 21:22:55,954 | ERROR    | keeper.oracle        | Oracle update error: ('execution reverted', 'no data')
2026-07-04 21:24:01,434 | ERROR    | keeper.oracle        | Oracle update error: ('execution reverted', 'no data')
2026-07-04 21:25:02,234 | ERROR    | keeper.oracle        | Oracle update error: ('execution reverted', 'no data')
2026-07-04 21:26:04,474 | ERROR    | keeper.oracle        | Oracle update error: ('execution reverted', 'no data')
2026-07-04 21:27:06,754 | ERROR    | keeper.oracle        | Oracle update error: ('execution reverted', 'no data')
2026-07-04 21:28:13,774 | ERROR    | keeper.oracle        | Oracle update error: ('execution reverted', 'no data')
2026-07-04 21:29:14,515 | ERROR    | keeper.oracle        | Oracle update error: ('execution reverted', 'no data')
2026-07-04 21:30:20,316 | ERROR    | keeper.oracle        | Oracle update error: ('execution reverted', 'no data')
2026-07-04 21:31:22,625 | ERROR    | keeper.oracle        | Oracle update error: ('execution reverted', 'no data')
2026-07-04 21:32:24,076 | ERROR    | keeper.oracle        | Oracle update error: ('execution reverted', 'no data')
2026-07-04 21:33:24,896 | ERROR    | keeper.oracle        | Oracle update error: ('execution reverted', 'no data')
2026-07-04 21:34:32,477 | ERROR    | keeper.oracle        | Oracle update error: ('execution reverted', 'no data')
2026-07-04 21:35:35,638 | ERROR    | keeper.oracle        | Oracle update error: ('execution reverted', 'no data')
2026-07-04 21:36:36,369 | ERROR    | keeper.oracle        | Oracle update error: ('execution reverted', 'no data')
2026-07-04 21:37:42,291 | ERROR    | keeper.oracle        | Oracle update error: ('execution reverted', 'no data')
2026-07-04 21:38:52,259 | ERROR    | keeper.oracle        | Oracle update error: ('execution reverted', 'no data')
2026-07-04 21:39:53,309 | ERROR    | keeper.oracle        | Oracle update error: ('execution reverted', 'no data')
2026-07-04 21:40:54,030 | ERROR    | keeper.oracle        | Oracle update error: ('execution reverted', 'no data')
2026-07-04 21:41:55,131 | ERROR    | keeper.oracle        | Oracle update error: ('execution reverted', 'no data')
2026-07-04 21:43:11,071 | ERROR    | keeper.oracle        | Oracle update error: ('execution reverted', 'no data')
2026-07-04 21:44:21,872 | ERROR    | keeper.oracle        | Oracle update error: ('execution reverted', 'no data')
2026-07-04 21:45:32,232 | ERROR    | keeper.oracle        | Oracle update error: ('execution reverted', 'no data')
2026-07-04 21:46:32,993 | ERROR    | keeper.oracle        | Oracle update error: ('execution reverted', 'no data')
2026-07-04 21:47:33,713 | ERROR    | keeper.oracle        | Oracle update error: ('execution reverted', 'no data')
2026-07-04 21:48:40,808 | ERROR    | keeper.oracle        | Oracle update error: ('execution reverted', 'no data')
2026-07-04 21:49:43,597 | ERROR    | keeper.oracle        | Oracle update error: ('execution reverted', 'no data')
2026-07-04 21:50:50,618 | ERROR    | keeper.oracle        | Oracle update error: ('execution reverted', 'no data')
2026-07-04 21:52:01,509 | ERROR    | keeper.oracle        | Oracle update error: ('execution reverted', 'no data')
2026-07-04 21:53:14,802 | ERROR    | keeper.oracle        | Oracle update error: ('execution reverted', 'no data')
2026-07-04 21:54:16,970 | ERROR    | keeper.oracle        | Oracle update error: ('execution reverted', 'no data')
2026-07-04 21:55:22,783 | ERROR    | keeper.oracle        | Oracle update error: ('execution reverted', 'no data')
2026-07-04 21:56:35,473 | ERROR    | keeper.oracle        | Oracle update error: ('execution reverted', 'no data')
2026-07-04 21:57:36,854 | ERROR    | keeper.oracle        | Oracle update error: ('execution reverted', 'no data')
2026-07-04 21:58:43,235 | ERROR    | keeper.oracle        | Oracle update error: ('execution reverted', 'no data')
2026-07-04 21:59:44,218 | ERROR    | keeper.oracle        | Oracle update error: ('execution reverted', 'no data')
2026-07-04 22:00:44,957 | ERROR    | keeper.oracle        | Oracle update error: ('execution reverted', 'no data')
2026-07-04 22:01:48,837 | ERROR    | keeper.oracle        | Oracle update error: 429 Client Error: Too Many Requests for url: https://mainnet.base.org/
2026-07-04 22:02:49,565 | ERROR    | keeper.oracle        | Oracle update error: ('execution reverted', 'no data')
2026-07-04 22:03:57,560 | ERROR    | keeper.oracle        | Oracle update error: 429 Client Error: Too Many Requests for url: https://mainnet.base.org/
2026-07-04 22:05:04,342 | ERROR    | keeper.oracle        | Oracle update error: ('execution reverted', 'no data')
2026-07-04 22:06:05,161 | ERROR    | keeper.oracle        | Oracle update error: ('execution reverted', 'no data')
2026-07-04 22:07:17,872 | ERROR    | keeper.oracle        | Oracle update error: 429 Client Error: Too Many Requests for url: https://mainnet.base.org/
2026-07-04 22:08:24,114 | ERROR    | keeper.oracle        | Oracle update error: ('execution reverted', 'no data')
2026-07-04 22:09:24,863 | ERROR    | keeper.oracle        | Oracle update error: ('execution reverted', 'no data')
2026-07-04 22:10:32,583 | ERROR    | keeper.oracle        | Oracle update error: ('execution reverted', 'no data')
2026-07-04 22:11:42,749 | ERROR    | keeper.oracle        | Oracle update error: ('execution reverted', 'no data')
2026-07-04 22:12:43,557 | ERROR    | keeper.oracle        | Oracle update error: ('execution reverted', 'no data')
2026-07-04 22:13:53,468 | ERROR    | keeper.oracle        | Oracle update error: ('execution reverted', 'no data')
2026-07-04 22:14:54,317 | ERROR    | keeper.oracle        | Oracle update error: ('execution reverted', 'no data')
2026-07-04 22:15:57,107 | ERROR    | keeper.oracle        | Oracle update error: ('execution reverted', 'no data')
2026-07-04 22:17:02,607 | ERROR    | keeper.oracle        | Oracle update error: ('execution reverted', 'no data')
2026-07-04 22:18:04,098 | ERROR    | keeper.oracle        | Oracle update error: ('execution reverted', 'no data')
2026-07-04 22:19:05,480 | ERROR    | keeper.oracle        | Oracle update error: ('execution reverted', 'no data')
2026-07-04 22:20:11,739 | ERROR    | keeper.oracle        | Oracle update error: ('execution reverted', 'no data')
2026-07-04 22:21:16,290 | ERROR    | keeper.oracle        | Oracle update error: ('execution reverted', 'no data')
2026-07-04 22:22:22,453 | ERROR    | keeper.oracle        | Oracle update error: ('execution reverted', 'no data')
2026-07-04 22:23:33,554 | ERROR    | keeper.oracle        | Oracle update error: ('execution reverted', 'no data')
2026-07-04 22:24:34,305 | ERROR    | keeper.oracle        | Oracle update error: ('execution reverted', 'no data')
2026-07-04 22:25:40,868 | ERROR    | keeper.oracle        | Oracle update error: ('execution reverted', 'no data')
2026-07-04 22:26:55,381 | ERROR    | keeper.oracle        | Oracle update error: ('execution reverted', 'no data')
2026-07-04 22:27:56,130 | ERROR    | keeper.oracle        | Oracle update error: ('execution reverted', 'no data')
2026-07-04 22:29:00,883 | ERROR    | keeper.oracle        | Oracle update error: ('execution reverted', 'no data')
2026-07-04 22:30:01,753 | ERROR    | keeper.oracle        | Oracle update error: ('execution reverted', 'no data')
2026-07-04 22:31:12,744 | ERROR    | keeper.oracle        | Oracle update error: ('execution reverted', 'no data')
2026-07-04 22:32:13,905 | ERROR    | keeper.oracle        | Oracle update error: ('execution reverted', 'no data')
2026-07-04 22:33:14,639 | ERROR    | keeper.oracle        | Oracle update error: ('execution reverted', 'no data')
2026-07-04 22:34:22,077 | ERROR    | keeper.oracle        | Oracle update error: ('execution reverted', 'no data')
2026-07-04 22:35:22,878 | ERROR    | keeper.oracle        | Oracle update error: ('execution reverted', 'no data')
2026-07-04 22:36:31,629 | ERROR    | keeper.oracle        | Oracle update error: ('execution reverted', 'no data')
2026-07-04 22:37:33,580 | ERROR    | keeper.oracle        | Oracle update error: ('execution reverted', 'no data')
2026-07-04 22:38:34,371 | ERROR    | keeper.oracle        | Oracle update error: ('execution reverted', 'no data')
2026-07-04 22:39:40,562 | ERROR    | keeper.oracle        | Oracle update error: ('execution reverted', 'no data')
2026-07-04 22:40:41,283 | ERROR    | keeper.oracle        | Oracle update error: ('execution reverted', 'no data')
2026-07-04 22:41:44,794 | ERROR    | keeper.oracle        | Oracle update error: ('execution reverted', 'no data')
2026-07-04 22:42:45,705 | ERROR    | keeper.oracle        | Oracle update error: ('execution reverted', 'no data')
2026-07-04 22:43:51,606 | ERROR    | keeper.oracle        | Oracle update error: ('execution reverted', 'no data')
2026-07-04 22:45:03,957 | ERROR    | keeper.oracle        | Oracle update error: ('execution reverted', 'no data')
2026-07-04 22:46:05,237 | ERROR    | keeper.oracle        | Oracle update error: ('execution reverted', 'no data')
2026-07-04 22:47:11,869 | ERROR    | keeper.oracle        | Oracle update error: ('execution reverted', 'no data')
2026-07-04 22:48:12,869 | ERROR    | keeper.oracle        | Oracle update error: ('execution reverted', 'no data')
2026-07-04 22:49:17,170 | ERROR    | keeper.oracle        | Oracle update error: 429 Client Error: Too Many Requests for url: https://mainnet.base.org/
2026-07-04 22:50:25,371 | ERROR    | keeper.oracle        | Oracle update error: ('execution reverted', 'no data')
2026-07-04 22:51:27,142 | ERROR    | keeper.oracle        | Oracle update error: ('execution reverted', 'no data')
2026-07-04 22:52:28,582 | ERROR    | keeper.oracle        | Oracle update error: ('execution reverted', 'no data')
2026-07-04 22:53:31,555 | ERROR    | keeper.oracle        | Oracle update error: ('execution reverted', 'no data')
2026-07-04 22:54:33,905 | ERROR    | keeper.oracle        | Oracle update error: ('execution reverted', 'no data')
2026-07-04 22:55:41,985 | ERROR    | keeper.oracle        | Oracle update error: ('execution reverted', 'no data')
2026-07-04 22:56:42,715 | ERROR    | keeper.oracle        | Oracle update error: ('execution reverted', 'no data')
2026-07-04 22:57:43,446 | ERROR    | keeper.oracle        | Oracle update error: ('execution reverted', 'no data')
2026-07-04 22:58:51,455 | ERROR    | keeper.oracle        | Oracle update error: ('execution reverted', 'no data')
2026-07-04 22:59:54,235 | ERROR    | keeper.oracle        | Oracle update error: ('execution reverted', 'no data')
2026-07-04 23:00:55,265 | ERROR    | keeper.oracle        | Oracle update error: ('execution reverted', 'no data')
2026-07-04 23:02:01,555 | ERROR    | keeper.oracle        | Oracle update error: ('execution reverted', 'no data')
2026-07-04 23:03:02,306 | ERROR    | keeper.oracle        | Oracle update error: ('execution reverted', 'no data')
2026-07-04 23:04:06,726 | ERROR    | keeper.oracle        | Oracle update error: 429 Client Error: Too Many Requests for url: https://mainnet.base.org/
2026-07-04 23:05:13,506 | ERROR    | keeper.oracle        | Oracle update error: ('execution reverted', 'no data')
2026-07-04 23:06:14,228 | ERROR    | keeper.oracle        | Oracle update error: ('execution reverted', 'no data')
2026-07-04 23:07:16,408 | ERROR    | keeper.oracle        | Oracle update error: ('execution reverted', 'no data')
2026-07-04 23:08:23,918 | ERROR    | keeper.oracle        | Oracle update error: ('execution reverted', 'no data')
2026-07-04 23:09:25,449 | ERROR    | keeper.oracle        | Oracle update error: ('execution reverted', 'no data')
2026-07-04 23:10:26,198 | ERROR    | keeper.oracle        | Oracle update error: ('execution reverted', 'no data')
2026-07-04 23:11:31,279 | ERROR    | keeper.oracle        | Oracle update error: ('execution reverted', 'no data')
2026-07-04 23:12:32,030 | ERROR    | keeper.oracle        | Oracle update error: ('execution reverted', 'no data')
2026-07-04 23:13:37,200 | ERROR    | keeper.oracle        | Oracle update error: 429 Client Error: Too Many Requests for url: https://mainnet.base.org/
2026-07-04 23:14:44,381 | ERROR    | keeper.oracle        | Oracle update error: ('execution reverted', 'no data')
2026-07-04 23:15:45,101 | ERROR    | keeper.oracle        | Oracle update error: ('execution reverted', 'no data')
2026-07-04 23:16:46,852 | ERROR    | keeper.oracle        | Oracle update error: ('execution reverted', 'no data')
2026-07-04 23:17:54,723 | ERROR    | keeper.oracle        | Oracle update error: ('execution reverted', 'no data')
2026-07-04 23:18:55,573 | ERROR    | keeper.oracle        | Oracle update error: ('execution reverted', 'no data')
2026-07-04 23:19:56,453 | ERROR    | keeper.oracle        | Oracle update error: ('execution reverted', 'no data')
2026-07-04 23:21:01,405 | ERROR    | keeper.oracle        | Oracle update error: ('execution reverted', 'no data')
2026-07-04 23:22:03,705 | ERROR    | keeper.oracle        | Oracle update error: ('execution reverted', 'no data')
2026-07-04 23:23:04,755 | ERROR    | keeper.oracle        | Oracle update error: ('execution reverted', 'no data')
2026-07-04 23:24:11,706 | ERROR    | keeper.oracle        | Oracle update error: ('execution reverted', 'no data')
2026-07-04 23:25:12,498 | ERROR    | keeper.oracle        | Oracle update error: ('execution reverted', 'no data')
2026-07-04 23:26:21,438 | ERROR    | keeper.oracle        | Oracle update error: ('execution reverted', 'no data')
2026-07-04 23:27:33,468 | ERROR    | keeper.oracle        | Oracle update error: ('execution reverted', 'no data')
2026-07-04 23:28:34,279 | ERROR    | keeper.oracle        | Oracle update error: ('execution reverted', 'no data')
2026-07-04 23:29:42,560 | ERROR    | keeper.oracle        | Oracle update error: ('execution reverted', 'no data')
2026-07-04 23:30:43,302 | ERROR    | keeper.oracle        | Oracle update error: ('execution reverted', 'no data')
2026-07-04 23:31:50,562 | ERROR    | keeper.oracle        | Oracle update error: ('execution reverted', 'no data')
2026-07-04 23:33:01,614 | ERROR    | keeper.oracle        | Oracle update error: ('execution reverted', 'no data')
2026-07-04 23:34:02,414 | ERROR    | keeper.oracle        | Oracle update error: ('execution reverted', 'no data')
2026-07-04 23:35:11,105 | ERROR    | keeper.oracle        | Oracle update error: ('execution reverted', 'no data')
2026-07-04 23:36:14,166 | ERROR    | keeper.oracle        | Oracle update error: ('execution reverted', 'no data')
2026-07-04 23:37:14,957 | ERROR    | keeper.oracle        | Oracle update error: ('execution reverted', 'no data')
2026-07-04 23:38:22,549 | ERROR    | keeper.oracle        | Oracle update error: ('execution reverted', 'no data')
2026-07-04 23:39:32,708 | ERROR    | keeper.oracle        | Oracle update error: ('execution reverted', 'no data')
2026-07-04 23:40:33,450 | ERROR    | keeper.oracle        | Oracle update error: ('execution reverted', 'no data')
2026-07-04 23:41:40,971 | ERROR    | keeper.oracle        | Oracle update error: ('execution reverted', 'no data')
2026-07-04 23:42:53,631 | ERROR    | keeper.oracle        | Oracle update error: ('execution reverted', 'no data')
2026-07-04 23:43:54,383 | ERROR    | keeper.oracle        | Oracle update error: ('execution reverted', 'no data')
2026-07-04 23:45:04,993 | ERROR    | keeper.oracle        | Oracle update error: ('execution reverted', 'no data')
2026-07-04 23:46:05,774 | ERROR    | keeper.oracle        | Oracle update error: ('execution reverted', 'no data')
2026-07-04 23:47:10,865 | ERROR    | keeper.oracle        | Oracle update error: ('execution reverted', 'no data')
2026-07-04 23:48:11,625 | ERROR    | keeper.oracle        | Oracle update error: ('execution reverted', 'no data')
2026-07-04 23:49:17,296 | ERROR    | keeper.oracle        | Oracle update error: 429 Client Error: Too Many Requests for url: https://mainnet.base.org/
2026-07-04 23:50:24,306 | ERROR    | keeper.oracle        | Oracle update error: ('execution reverted', 'no data')
2026-07-04 23:51:25,038 | ERROR    | keeper.oracle        | Oracle update error: ('execution reverted', 'no data')
2026-07-04 23:52:32,439 | ERROR    | keeper.oracle        | Oracle update error: ('execution reverted', 'no data')
2026-07-04 23:53:33,170 | ERROR    | keeper.oracle        | Oracle update error: ('execution reverted', 'no data')
2026-07-04 23:54:40,820 | ERROR    | keeper.oracle        | Oracle update error: ('execution reverted', 'no data')
2026-07-04 23:55:51,873 | ERROR    | keeper.oracle        | Oracle update error: ('execution reverted', 'no data')
2026-07-04 23:57:00,412 | ERROR    | keeper.oracle        | Oracle update error: ('execution reverted', 'no data')
2026-07-04 23:58:01,133 | ERROR    | keeper.oracle        | Oracle update error: ('execution reverted', 'no data')
2026-07-04 23:59:07,364 | ERROR    | keeper.oracle        | Oracle update error: 429 Client Error: Too Many Requests for url: https://mainnet.base.org/
2026-07-05 00:00:08,954 | ERROR    | keeper.oracle        | Oracle update error: ('execution reverted', 'no data')
2026-07-05 00:01:21,875 | ERROR    | keeper.oracle        | Oracle update error: ('execution reverted', 'no data')
2026-07-05 00:02:22,958 | ERROR    | keeper.oracle        | Oracle update error: ('execution reverted', 'no data')
2026-07-05 00:03:30,527 | ERROR    | keeper.oracle        | Oracle update error: ('execution reverted', 'no data')
2026-07-05 00:04:43,298 | ERROR    | keeper.oracle        | Oracle update error: ('execution reverted', 'no data')
2026-07-05 00:05:44,059 | ERROR    | keeper.oracle        | Oracle update error: ('execution reverted', 'no data')
2026-07-05 00:06:53,402 | ERROR    | keeper.oracle        | Oracle update error: ('execution reverted', 'no data')
2026-07-05 00:07:54,131 | ERROR    | keeper.oracle        | Oracle update error: ('execution reverted', 'no data')
2026-07-05 00:09:01,243 | ERROR    | keeper.oracle        | Oracle update error: ('execution reverted', 'no data')
2026-07-05 00:10:03,904 | ERROR    | keeper.oracle        | Oracle update error: ('execution reverted', 'no data')
2026-07-05 00:11:05,075 | ERROR    | keeper.oracle        | Oracle update error: ('execution reverted', 'no data')
2026-07-05 00:12:12,036 | ERROR    | keeper.oracle        | Oracle update error: ('execution reverted', 'no data')
2026-07-05 00:13:12,781 | ERROR    | keeper.oracle        | Oracle update error: ('execution reverted', 'no data')
2026-07-05 00:14:21,738 | ERROR    | keeper.oracle        | Oracle update error: ('execution reverted', 'no data')
2026-07-05 00:15:22,439 | ERROR    | keeper.oracle        | Oracle update error: ('execution reverted', 'no data')
2026-07-05 00:16:32,050 | ERROR    | keeper.oracle        | Oracle update error: ('execution reverted', 'no data')
2026-07-05 00:17:42,191 | ERROR    | keeper.oracle        | Oracle update error: ('execution reverted', 'no data')
2026-07-05 00:18:42,934 | ERROR    | keeper.oracle        | Oracle update error: ('execution reverted', 'no data')
2026-07-05 00:19:52,764 | ERROR    | keeper.oracle        | Oracle update error: ('execution reverted', 'no data')
2026-07-05 00:20:53,565 | ERROR    | keeper.oracle        | Oracle update error: ('execution reverted', 'no data')
2026-07-05 00:22:00,935 | ERROR    | keeper.oracle        | Oracle update error: ('execution reverted', 'no data')
2026-07-05 00:23:12,696 | ERROR    | keeper.oracle        | Oracle update error: ('execution reverted', 'no data')
2026-07-05 00:24:13,447 | ERROR    | keeper.oracle        | Oracle update error: ('execution reverted', 'no data')
2026-07-05 00:25:20,648 | ERROR    | keeper.oracle        | Oracle update error: ('execution reverted', 'no data')
2026-07-05 00:26:32,549 | ERROR    | keeper.oracle        | Oracle update error: ('execution reverted', 'no data')
2026-07-05 00:27:33,280 | ERROR    | keeper.oracle        | Oracle update error: ('execution reverted', 'no data')
2026-07-05 00:28:40,720 | ERROR    | keeper.oracle        | Oracle update error: ('execution reverted', 'no data')
2026-07-05 00:29:53,661 | ERROR    | keeper.oracle        | Oracle update error: ('execution reverted', 'no data')
2026-07-05 00:30:54,383 | ERROR    | keeper.oracle        | Oracle update error: ('execution reverted', 'no data')
2026-07-05 00:32:01,263 | ERROR    | keeper.oracle        | Oracle update error: ('execution reverted', 'no data')
2026-07-05 00:33:02,013 | ERROR    | keeper.oracle        | Oracle update error: ('execution reverted', 'no data')
2026-07-05 00:34:11,165 | ERROR    | keeper.oracle        | Oracle update error: ('execution reverted', 'no data')
2026-07-05 00:35:11,915 | ERROR    | keeper.oracle        | Oracle update error: ('execution reverted', 'no data')
2026-07-05 00:36:17,616 | ERROR    | keeper.oracle        | Oracle update error: 429 Client Error: Too Many Requests for url: https://mainnet.base.org/
2026-07-05 00:37:31,367 | ERROR    | keeper.oracle        | Oracle update error: ('execution reverted', 'no data')
2026-07-05 00:38:42,988 | ERROR    | keeper.oracle        | Oracle update error: ('execution reverted', 'no data')
2026-07-05 00:39:44,439 | ERROR    | keeper.oracle        | Oracle update error: ('execution reverted', 'no data')
2026-07-05 00:40:53,639 | ERROR    | keeper.oracle        | Oracle update error: ('execution reverted', 'no data')
2026-07-05 00:41:54,419 | ERROR    | keeper.oracle        | Oracle update error: ('execution reverted', 'no data')
2026-07-05 00:43:01,864 | ERROR    | keeper.oracle        | Oracle update error: ('execution reverted', 'no data')
2026-07-05 00:44:03,354 | ERROR    | keeper.oracle        | Oracle update error: ('execution reverted', 'no data')
2026-07-05 00:45:04,121 | ERROR    | keeper.oracle        | Oracle update error: ('execution reverted', 'no data')
2026-07-05 00:46:11,842 | ERROR    | keeper.oracle        | Oracle update error: ('execution reverted', 'no data')
2026-07-05 00:47:13,523 | ERROR    | keeper.oracle        | Oracle update error: ('execution reverted', 'no data')
2026-07-05 00:48:14,873 | ERROR    | keeper.oracle        | Oracle update error: ('execution reverted', 'no data')
2026-07-05 00:49:21,314 | ERROR    | keeper.oracle        | Oracle update error: ('execution reverted', 'no data')
2026-07-05 00:50:22,154 | ERROR    | keeper.oracle        | Oracle update error: ('execution reverted', 'no data')
2026-07-05 00:51:31,356 | ERROR    | keeper.oracle        | Oracle update error: ('execution reverted', 'no data')
2026-07-05 00:52:42,947 | ERROR    | keeper.oracle        | Oracle update error: ('execution reverted', 'no data')
2026-07-05 00:53:43,687 | ERROR    | keeper.oracle        | Oracle update error: ('execution reverted', 'no data')
2026-07-05 00:54:53,558 | ERROR    | keeper.oracle        | Oracle update error: ('execution reverted', 'no data')
2026-07-05 00:55:54,269 | ERROR    | keeper.oracle        | Oracle update error: ('execution reverted', 'no data')
2026-07-05 00:56:55,929 | ERROR    | keeper.oracle        | Oracle update error: ('execution reverted', 'no data')
2026-07-05 00:58:01,701 | ERROR    | keeper.oracle        | Oracle update error: ('execution reverted', 'no data')
2026-07-05 00:59:16,951 | ERROR    | keeper.oracle        | Oracle update error: 429 Client Error: Too Many Requests for url: https://mainnet.base.org/
2026-07-05 01:00:23,503 | ERROR    | keeper.oracle        | Oracle update error: ('execution reverted', 'no data')
2026-07-05 01:01:24,243 | ERROR    | keeper.oracle        | Oracle update error: ('execution reverted', 'no data')
2026-07-05 01:02:41,173 | ERROR    | keeper.oracle        | Oracle update error: ('execution reverted', 'no data')
2026-07-05 01:03:43,764 | ERROR    | keeper.oracle        | Oracle update error: ('execution reverted', 'no data')
2026-07-05 01:04:44,495 | ERROR    | keeper.oracle        | Oracle update error: ('execution reverted', 'no data')
2026-07-05 01:06:01,816 | ERROR    | keeper.oracle        | Oracle update error: ('execution reverted', 'no data')
2026-07-05 01:07:02,715 | ERROR    | keeper.oracle        | Oracle update error: ('execution reverted', 'no data')
2026-07-05 01:08:11,347 | ERROR    | keeper.oracle        | Oracle update error: ('execution reverted', 'no data')
2026-07-05 01:09:18,688 | ERROR    | keeper.oracle        | Oracle update error: 429 Client Error: Too Many Requests for url: https://mainnet.base.org/
2026-07-05 01:10:19,529 | ERROR    | keeper.oracle        | Oracle update error: ('execution reverted', 'no data')
2026-07-05 01:11:31,611 | ERROR    | keeper.oracle        | Oracle update error: ('execution reverted', 'no data')
2026-07-05 01:12:32,380 | ERROR    | keeper.oracle        | Oracle update error: ('execution reverted', 'no data')
2026-07-05 01:13:40,559 | ERROR    | keeper.oracle        | Oracle update error: ('execution reverted', 'no data')
2026-07-05 01:14:53,957 | ERROR    | keeper.oracle        | Oracle update error: ('execution reverted', 'no data')
2026-07-05 01:15:55,293 | ERROR    | keeper.oracle        | Oracle update error: ('execution reverted', 'no data')
2026-07-05 01:17:01,552 | ERROR    | keeper.oracle        | Oracle update error: ('execution reverted', 'no data')
2026-07-05 01:18:02,450 | ERROR    | keeper.oracle        | Oracle update error: ('execution reverted', 'no data')
2026-07-05 01:19:10,909 | ERROR    | keeper.oracle        | Oracle update error: ('execution reverted', 'no data')
2026-07-05 01:20:12,567 | ERROR    | keeper.oracle        | Oracle update error: ('execution reverted', 'no data')
2026-07-05 01:21:22,797 | ERROR    | keeper.oracle        | Oracle update error: ('execution reverted', 'no data')
2026-07-05 01:22:23,826 | ERROR    | keeper.oracle        | Oracle update error: ('execution reverted', 'no data')
2026-07-05 01:23:34,536 | ERROR    | keeper.oracle        | Oracle update error: ('execution reverted', 'no data')
2026-07-05 01:24:35,295 | ERROR    | keeper.oracle        | Oracle update error: ('execution reverted', 'no data')
2026-07-05 01:25:43,174 | ERROR    | keeper.oracle        | Oracle update error: ('execution reverted', 'no data')
2026-07-05 01:26:43,965 | ERROR    | keeper.oracle        | Oracle update error: ('execution reverted', 'no data')
2026-07-05 01:27:51,944 | ERROR    | keeper.oracle        | Oracle update error: ('execution reverted', 'no data')
2026-07-05 01:28:54,503 | ERROR    | keeper.oracle        | Oracle update error: ('execution reverted', 'no data')
2026-07-05 01:29:55,293 | ERROR    | keeper.oracle        | Oracle update error: ('execution reverted', 'no data')
2026-07-05 01:31:02,123 | ERROR    | keeper.oracle        | Oracle update error: ('execution reverted', 'no data')
2026-07-05 01:32:12,303 | ERROR    | keeper.oracle        | Oracle update error: ('execution reverted', 'no data')
2026-07-05 01:33:13,063 | ERROR    | keeper.oracle        | Oracle update error: ('execution reverted', 'no data')
2026-07-05 01:34:20,583 | ERROR    | keeper.oracle        | Oracle update error: ('execution reverted', 'no data')
2026-07-05 01:35:21,403 | ERROR    | keeper.oracle        | Oracle update error: ('execution reverted', 'no data')
2026-07-05 01:36:31,513 | ERROR    | keeper.oracle        | Oracle update error: ('execution reverted', 'no data')
2026-07-05 01:37:43,643 | ERROR    | keeper.oracle        | Oracle update error: ('execution reverted', 'no data')
2026-07-05 01:38:53,473 | ERROR    | keeper.oracle        | Oracle update error: ('execution reverted', 'no data')
2026-07-05 01:39:54,264 | ERROR    | keeper.oracle        | Oracle update error: ('execution reverted', 'no data')
2026-07-05 01:41:04,273 | ERROR    | keeper.oracle        | Oracle update error: ('execution reverted', 'no data')
2026-07-05 01:42:05,053 | ERROR    | keeper.oracle        | Oracle update error: ('execution reverted', 'no data')
2026-07-05 01:43:11,383 | ERROR    | keeper.oracle        | Oracle update error: ('execution reverted', 'no data')
2026-07-05 01:44:14,144 | ERROR    | keeper.oracle        | Oracle update error: ('execution reverted', 'no data')
2026-07-05 01:45:21,624 | ERROR    | keeper.oracle        | Oracle update error: ('execution reverted', 'no data')
2026-07-05 01:46:23,704 | ERROR    | keeper.oracle        | Oracle update error: ('execution reverted', 'no data')
2026-07-05 01:47:24,644 | ERROR    | keeper.oracle        | Oracle update error: ('execution reverted', 'no data')
2026-07-05 01:48:31,465 | ERROR    | keeper.oracle        | Oracle update error: ('execution reverted', 'no data')
2026-07-05 01:49:33,025 | ERROR    | keeper.oracle        | Oracle update error: ('execution reverted', 'no data')
2026-07-05 01:50:33,775 | ERROR    | keeper.oracle        | Oracle update error: ('execution reverted', 'no data')
2026-07-05 01:51:42,915 | ERROR    | keeper.oracle        | Oracle update error: ('execution reverted', 'no data')
2026-07-05 01:52:52,396 | ERROR    | keeper.oracle        | Oracle update error: ('execution reverted', 'no data')
2026-07-05 01:53:53,145 | ERROR    | keeper.oracle        | Oracle update error: ('execution reverted', 'no data')
2026-07-05 01:55:02,426 | ERROR    | keeper.oracle        | Oracle update error: ('execution reverted', 'no data')
2026-07-05 01:56:03,155 | ERROR    | keeper.oracle        | Oracle update error: ('execution reverted', 'no data')
2026-07-05 01:57:10,646 | ERROR    | keeper.oracle        | Oracle update error: ('execution reverted', 'no data')
2026-07-05 01:58:21,467 | ERROR    | keeper.oracle        | Oracle update error: ('execution reverted', 'no data')
2026-07-05 01:59:30,536 | ERROR    | keeper.oracle        | Oracle update error: ('execution reverted', 'no data')
2026-07-05 02:00:31,246 | ERROR    | keeper.oracle        | Oracle update error: ('execution reverted', 'no data')
2026-07-05 02:01:43,816 | ERROR    | keeper.oracle        | Oracle update error: ('execution reverted', 'no data')
2026-07-05 02:02:44,667 | ERROR    | keeper.oracle        | Oracle update error: ('execution reverted', 'no data')
2026-07-05 02:03:51,138 | ERROR    | keeper.oracle        | Oracle update error: ('execution reverted', 'no data')
2026-07-05 02:04:51,877 | ERROR    | keeper.oracle        | Oracle update error: ('execution reverted', 'no data')
2026-07-05 02:05:57,057 | ERROR    | keeper.oracle        | Oracle update error: 429 Client Error: Too Many Requests for url: https://mainnet.base.org/
2026-07-05 02:07:03,448 | ERROR    | keeper.oracle        | Oracle update error: ('execution reverted', 'no data')
2026-07-05 02:08:04,238 | ERROR    | keeper.oracle        | Oracle update error: ('execution reverted', 'no data')
2026-07-05 02:09:12,808 | ERROR    | keeper.oracle        | Oracle update error: ('execution reverted', 'no data')
2026-07-05 02:10:22,069 | ERROR    | keeper.oracle        | Oracle update error: ('execution reverted', 'no data')
2026-07-05 02:11:22,809 | ERROR    | keeper.oracle        | Oracle update error: ('execution reverted', 'no data')
2026-07-05 02:12:32,539 | ERROR    | keeper.oracle        | Oracle update error: ('execution reverted', 'no data')
2026-07-05 02:13:33,269 | ERROR    | keeper.oracle        | Oracle update error: ('execution reverted', 'no data')
2026-07-05 02:14:41,060 | ERROR    | keeper.oracle        | Oracle update error: ('execution reverted', 'no data')
2026-07-05 02:15:51,639 | ERROR    | keeper.oracle        | Oracle update error: ('execution reverted', 'no data')
2026-07-05 02:17:01,770 | ERROR    | keeper.oracle        | Oracle update error: ('execution reverted', 'no data')
2026-07-05 02:18:02,570 | ERROR    | keeper.oracle        | Oracle update error: ('execution reverted', 'no data')
2026-07-05 02:19:12,440 | ERROR    | keeper.oracle        | Oracle update error: ('execution reverted', 'no data')
2026-07-05 02:20:13,310 | ERROR    | keeper.oracle        | Oracle update error: ('execution reverted', 'no data')
2026-07-05 02:21:21,476 | ERROR    | keeper.oracle        | Oracle update error: ('execution reverted', 'no data')
2026-07-05 02:22:26,396 | ERROR    | keeper.oracle        | Oracle update error: ('execution reverted', 'no data')
2026-07-05 02:23:27,131 | ERROR    | keeper.oracle        | Oracle update error: ('execution reverted', 'no data')
2026-07-05 02:24:34,308 | ERROR    | keeper.oracle        | Oracle update error: ('execution reverted', 'no data')
2026-07-05 02:46:20,851 | ERROR    | keeper.oracle        | Oracle update error: ('execution reverted', 'no data')
2026-07-05 02:47:22,217 | ERROR    | keeper.oracle        | Oracle update error: ('execution reverted', 'no data')
2026-07-05 02:48:30,329 | ERROR    | keeper.oracle        | Oracle update error: ('execution reverted', 'no data')
2026-07-05 02:49:43,228 | ERROR    | keeper.oracle        | Oracle update error: ('execution reverted', 'no data')
2026-07-05 02:50:43,987 | ERROR    | keeper.oracle        | Oracle update error: ('execution reverted', 'no data')
2026-07-05 02:51:51,010 | ERROR    | keeper.oracle        | Oracle update error: ('execution reverted', 'no data')
2026-07-05 02:52:51,763 | ERROR    | keeper.oracle        | Oracle update error: ('execution reverted', 'no data')
2026-07-05 02:54:01,457 | ERROR    | keeper.oracle        | Oracle update error: ('execution reverted', 'no data')
