2026-07-03 03:55:22,641 | INFO     | keeper.strategy      | TWAP order created: $1,250 in 4 chunks of $312 every 6 blocks
2026-07-03 03:56:11,608 | INFO     | keeper.strategy      | TWAP chunk 1/4: $312 (progress: 25%)
2026-07-03 03:56:49,304 | INFO     | keeper.strategy      | TWAP chunk 2/4: $312 (progress: 50%)
2026-07-03 03:57:33,910 | INFO     | keeper.strategy      | TWAP order created: $1,250 in 4 chunks of $312 every 6 blocks
2026-07-03 03:57:46,704 | INFO     | keeper.strategy      | TWAP chunk 3/4: $312 (progress: 75%)
2026-07-03 03:58:45,778 | INFO     | keeper.strategy      | TWAP chunk 4/4: $1,250 (progress: 100%)
2026-07-03 03:59:29,000 | INFO     | keeper.strategy      | TWAP order complete: avg price $0.0000
2026-07-03 03:59:29,001 | INFO     | keeper.strategy      | TWAP order created: $1,250 in 4 chunks of $312 every 6 blocks
2026-07-03 03:59:42,831 | INFO     | keeper.strategy      | TWAP order created: $1,250 in 4 chunks of $312 every 6 blocks
2026-07-03 04:00:03,004 | INFO     | keeper.strategy      | TWAP chunk 1/4: $312 (progress: 25%)
2026-07-03 04:00:32,870 | INFO     | keeper.strategy      | TWAP chunk 1/4: $312 (progress: 25%)
2026-07-03 04:00:42,975 | INFO     | keeper.strategy      | TWAP chunk 2/4: $312 (progress: 50%)
2026-07-03 04:01:12,780 | INFO     | keeper.strategy      | TWAP chunk 2/4: $312 (progress: 50%)
2026-07-03 04:01:31,126 | INFO     | keeper.strategy      | TWAP chunk 3/4: $312 (progress: 75%)
2026-07-03 04:02:20,309 | INFO     | keeper.strategy      | TWAP chunk 3/4: $312 (progress: 75%)
2026-07-03 04:02:23,621 | INFO     | keeper.strategy      | TWAP chunk 4/4: $1,250 (progress: 100%)
2026-07-03 04:03:03,027 | INFO     | keeper.strategy      | TWAP order complete: avg price $0.0000
2026-07-03 04:03:03,028 | INFO     | keeper.strategy      | TWAP order created: $1,250 in 4 chunks of $312 every 6 blocks
2026-07-03 04:03:03,288 | INFO     | keeper.strategy      | TWAP chunk 4/4: $1,250 (progress: 100%)
2026-07-03 04:03:41,176 | INFO     | keeper.strategy      | TWAP chunk 1/4: $312 (progress: 25%)
2026-07-03 04:03:42,569 | INFO     | keeper.strategy      | TWAP order complete: avg price $0.0000
2026-07-03 04:03:42,569 | INFO     | keeper.strategy      | TWAP order created: $1,250 in 4 chunks of $312 every 6 blocks
2026-07-03 04:04:31,137 | INFO     | keeper.strategy      | TWAP chunk 1/4: $312 (progress: 25%)
2026-07-03 04:04:31,703 | INFO     | keeper.strategy      | TWAP chunk 2/4: $312 (progress: 50%)
2026-07-03 04:05:07,804 | INFO     | keeper.strategy      | TWAP chunk 3/4: $312 (progress: 75%)
2026-07-03 04:05:36,796 | INFO     | keeper.strategy      | TWAP chunk 2/4: $312 (progress: 50%)
2026-07-03 04:06:17,328 | INFO     | keeper.strategy      | TWAP chunk 3/4: $312 (progress: 75%)
2026-07-03 04:06:52,141 | INFO     | keeper.strategy      | TWAP chunk 4/4: $1,250 (progress: 100%)
2026-07-03 04:07:20,219 | INFO     | keeper.strategy      | TWAP chunk 4/4: $1,250 (progress: 100%)
2026-07-03 04:07:25,666 | INFO     | keeper.strategy      | TWAP order complete: avg price $0.0000
2026-07-03 04:07:25,666 | INFO     | keeper.strategy      | TWAP order created: $1,250 in 4 chunks of $312 every 6 blocks
2026-07-03 04:07:55,328 | INFO     | keeper.strategy      | TWAP order complete: avg price $0.0000
2026-07-03 04:07:55,328 | INFO     | keeper.strategy      | TWAP order created: $1,250 in 4 chunks of $312 every 6 blocks
2026-07-03 04:08:25,842 | INFO     | keeper.strategy      | TWAP chunk 1/4: $312 (progress: 25%)
2026-07-03 04:08:45,952 | INFO     | keeper.strategy      | TWAP chunk 1/4: $312 (progress: 25%)
2026-07-03 04:09:03,179 | INFO     | keeper.strategy      | TWAP chunk 2/4: $312 (progress: 50%)
2026-07-03 04:09:25,874 | INFO     | keeper.strategy      | TWAP chunk 2/4: $312 (progress: 50%)
2026-07-03 04:09:39,818 | INFO     | keeper.strategy      | TWAP chunk 3/4: $312 (progress: 75%)
2026-07-03 04:10:06,148 | INFO     | keeper.strategy      | TWAP chunk 3/4: $312 (progress: 75%)
2026-07-03 04:10:20,605 | INFO     | keeper.strategy      | TWAP chunk 4/4: $1,250 (progress: 100%)
2026-07-03 04:11:12,626 | INFO     | keeper.strategy      | TWAP chunk 4/4: $1,250 (progress: 100%)
2026-07-03 04:11:39,651 | INFO     | keeper.strategy      | TWAP order complete: avg price $0.0000
2026-07-03 04:11:39,651 | INFO     | keeper.strategy      | TWAP order created: $1,250 in 4 chunks of $312 every 6 blocks
2026-07-03 04:12:16,297 | INFO     | keeper.strategy      | TWAP chunk 1/4: $312 (progress: 25%)
2026-07-03 04:12:33,699 | INFO     | keeper.strategy      | TWAP order complete: avg price $0.0000
2026-07-03 04:12:33,699 | INFO     | keeper.strategy      | TWAP order created: $1,250 in 4 chunks of $312 every 6 blocks
2026-07-03 04:12:53,840 | INFO     | keeper.strategy      | TWAP chunk 2/4: $312 (progress: 50%)
2026-07-03 04:14:01,622 | INFO     | keeper.strategy      | TWAP chunk 3/4: $312 (progress: 75%)
2026-07-03 04:14:10,322 | INFO     | keeper.strategy      | TWAP chunk 1/4: $312 (progress: 25%)
2026-07-03 04:14:56,883 | INFO     | keeper.strategy      | TWAP chunk 4/4: $1,250 (progress: 100%)
2026-07-03 04:15:08,997 | INFO     | keeper.strategy      | TWAP chunk 2/4: $312 (progress: 50%)
2026-07-03 04:15:42,506 | INFO     | keeper.strategy      | TWAP chunk 3/4: $312 (progress: 75%)
2026-07-03 04:15:52,291 | INFO     | keeper.strategy      | TWAP order complete: avg price $0.0000
2026-07-03 04:15:52,291 | INFO     | keeper.strategy      | TWAP order created: $1,250 in 4 chunks of $312 every 6 blocks
2026-07-03 04:16:22,342 | INFO     | keeper.strategy      | TWAP chunk 4/4: $1,250 (progress: 100%)
2026-07-03 04:16:31,432 | INFO     | keeper.strategy      | TWAP chunk 1/4: $312 (progress: 25%)
2026-07-03 04:17:06,673 | INFO     | keeper.strategy      | TWAP chunk 2/4: $312 (progress: 50%)
2026-07-03 04:17:19,245 | INFO     | keeper.strategy      | TWAP order complete: avg price $0.0000
2026-07-03 04:17:19,245 | INFO     | keeper.strategy      | TWAP order created: $1,250 in 4 chunks of $312 every 6 blocks
2026-07-03 04:17:52,757 | INFO     | keeper.strategy      | TWAP chunk 1/4: $312 (progress: 25%)
2026-07-03 04:18:00,988 | INFO     | keeper.strategy      | TWAP chunk 3/4: $312 (progress: 75%)
2026-07-03 04:18:32,460 | INFO     | keeper.strategy      | TWAP chunk 2/4: $312 (progress: 50%)
2026-07-03 04:18:33,653 | INFO     | keeper.strategy      | TWAP chunk 4/4: $1,250 (progress: 100%)
2026-07-03 04:19:12,232 | INFO     | keeper.strategy      | TWAP order complete: avg price $0.0000
2026-07-03 04:19:12,232 | INFO     | keeper.strategy      | TWAP order created: $1,250 in 4 chunks of $312 every 6 blocks
2026-07-03 04:19:28,506 | INFO     | keeper.strategy      | TWAP chunk 3/4: $312 (progress: 75%)
2026-07-03 04:19:52,602 | INFO     | keeper.strategy      | TWAP chunk 1/4: $312 (progress: 25%)
2026-07-03 04:20:02,864 | INFO     | keeper.strategy      | TWAP chunk 4/4: $1,250 (progress: 100%)
2026-07-03 04:20:42,658 | INFO     | keeper.strategy      | TWAP order complete: avg price $0.0000
2026-07-03 04:20:42,658 | INFO     | keeper.strategy      | TWAP order created: $1,250 in 4 chunks of $312 every 6 blocks
2026-07-03 04:20:43,266 | INFO     | keeper.strategy      | TWAP chunk 2/4: $312 (progress: 50%)
2026-07-03 04:21:21,050 | INFO     | keeper.strategy      | TWAP chunk 3/4: $312 (progress: 75%)
2026-07-03 04:21:33,257 | INFO     | keeper.strategy      | TWAP chunk 1/4: $312 (progress: 25%)
2026-07-03 04:21:56,262 | INFO     | keeper.strategy      | TWAP chunk 4/4: $1,250 (progress: 100%)
2026-07-03 04:22:12,048 | INFO     | keeper.strategy      | TWAP chunk 2/4: $312 (progress: 50%)
2026-07-03 04:22:50,014 | INFO     | keeper.strategy      | TWAP order complete: avg price $0.0000
2026-07-03 04:22:50,015 | INFO     | keeper.strategy      | TWAP order created: $1,250 in 4 chunks of $312 every 6 blocks
2026-07-03 04:23:09,262 | INFO     | keeper.strategy      | TWAP chunk 3/4: $312 (progress: 75%)
2026-07-03 04:23:22,618 | INFO     | keeper.strategy      | TWAP chunk 1/4: $312 (progress: 25%)
2026-07-03 04:23:46,024 | INFO     | keeper.strategy      | TWAP chunk 4/4: $1,250 (progress: 100%)
2026-07-03 04:24:01,744 | INFO     | keeper.strategy      | TWAP chunk 2/4: $312 (progress: 50%)
2026-07-03 04:24:40,905 | INFO     | keeper.strategy      | TWAP order complete: avg price $0.0000
2026-07-03 04:24:40,906 | INFO     | keeper.strategy      | TWAP order created: $1,250 in 4 chunks of $312 every 6 blocks
2026-07-03 04:24:52,461 | INFO     | keeper.strategy      | TWAP chunk 3/4: $312 (progress: 75%)
2026-07-03 04:25:17,375 | INFO     | keeper.strategy      | TWAP chunk 1/4: $312 (progress: 25%)
2026-07-03 04:25:30,965 | INFO     | keeper.strategy      | TWAP chunk 4/4: $1,250 (progress: 100%)
2026-07-03 04:26:03,496 | INFO     | keeper.strategy      | TWAP order complete: avg price $0.0000
2026-07-03 04:26:03,496 | INFO     | keeper.strategy      | TWAP order created: $1,250 in 4 chunks of $312 every 6 blocks
2026-07-03 04:26:10,976 | INFO     | keeper.strategy      | TWAP chunk 2/4: $312 (progress: 50%)
2026-07-03 04:26:46,979 | INFO     | keeper.strategy      | TWAP chunk 3/4: $312 (progress: 75%)
2026-07-03 04:27:01,721 | INFO     | keeper.strategy      | TWAP chunk 1/4: $312 (progress: 25%)
2026-07-03 04:27:27,127 | INFO     | keeper.strategy      | TWAP chunk 4/4: $1,250 (progress: 100%)
2026-07-03 04:27:41,633 | INFO     | keeper.strategy      | TWAP chunk 2/4: $312 (progress: 50%)
2026-07-03 04:28:17,378 | INFO     | keeper.strategy      | TWAP order complete: avg price $0.0000
2026-07-03 04:28:17,378 | INFO     | keeper.strategy      | TWAP order created: $1,250 in 4 chunks of $312 every 6 blocks
2026-07-03 04:28:38,681 | INFO     | keeper.strategy      | TWAP chunk 3/4: $312 (progress: 75%)
2026-07-03 04:28:53,357 | INFO     | keeper.strategy      | TWAP chunk 1/4: $312 (progress: 25%)
2026-07-03 04:29:15,570 | INFO     | keeper.strategy      | TWAP chunk 4/4: $1,250 (progress: 100%)
2026-07-03 04:29:31,939 | INFO     | keeper.strategy      | TWAP chunk 2/4: $312 (progress: 50%)
2026-07-03 04:30:11,208 | INFO     | keeper.strategy      | TWAP order complete: avg price $0.0000
2026-07-03 04:30:11,208 | INFO     | keeper.strategy      | TWAP order created: $1,250 in 4 chunks of $312 every 6 blocks
2026-07-03 04:30:25,579 | INFO     | keeper.strategy      | TWAP chunk 3/4: $312 (progress: 75%)
2026-07-03 04:30:46,675 | INFO     | keeper.strategy      | TWAP chunk 1/4: $312 (progress: 25%)
2026-07-03 04:31:01,575 | INFO     | keeper.strategy      | TWAP chunk 4/4: $1,250 (progress: 100%)
2026-07-03 04:31:41,188 | INFO     | keeper.strategy      | TWAP chunk 2/4: $312 (progress: 50%)
2026-07-03 04:31:59,863 | INFO     | keeper.strategy      | TWAP order complete: avg price $0.0000
2026-07-03 04:31:59,863 | INFO     | keeper.strategy      | TWAP order created: $1,250 in 4 chunks of $312 every 6 blocks
2026-07-03 04:32:22,213 | INFO     | keeper.strategy      | TWAP chunk 3/4: $312 (progress: 75%)
2026-07-03 04:32:39,579 | INFO     | keeper.strategy      | TWAP chunk 1/4: $312 (progress: 25%)
2026-07-03 04:33:03,467 | INFO     | keeper.strategy      | TWAP chunk 4/4: $1,250 (progress: 100%)
2026-07-03 04:33:31,950 | INFO     | keeper.strategy      | TWAP chunk 2/4: $312 (progress: 50%)
2026-07-03 04:33:38,965 | INFO     | keeper.strategy      | TWAP order complete: avg price $0.0000
2026-07-03 04:33:38,965 | INFO     | keeper.strategy      | TWAP order created: $1,250 in 4 chunks of $312 every 6 blocks
2026-07-03 04:34:04,883 | INFO     | keeper.strategy      | TWAP chunk 3/4: $312 (progress: 75%)
2026-07-03 04:34:33,875 | INFO     | keeper.strategy      | TWAP chunk 1/4: $312 (progress: 25%)
2026-07-03 04:34:40,924 | INFO     | keeper.strategy      | TWAP chunk 4/4: $1,250 (progress: 100%)
2026-07-03 04:35:11,002 | INFO     | keeper.strategy      | TWAP chunk 2/4: $312 (progress: 50%)
2026-07-03 04:39:13,751 | INFO     | keeper.strategy      | TWAP order complete: avg price $0.0000
2026-07-03 04:39:13,752 | INFO     | keeper.strategy      | TWAP order created: $1,250 in 4 chunks of $312 every 6 blocks
2026-07-03 04:42:00,691 | INFO     | keeper.strategy      | TWAP chunk 3/4: $312 (progress: 75%)
2026-07-03 04:42:48,756 | INFO     | keeper.strategy      | TWAP chunk 1/4: $312 (progress: 25%)
2026-07-03 04:43:40,008 | INFO     | keeper.strategy      | TWAP chunk 4/4: $1,250 (progress: 100%)
2026-07-03 04:44:12,101 | INFO     | keeper.strategy      | TWAP chunk 2/4: $312 (progress: 50%)
2026-07-03 04:45:06,089 | INFO     | keeper.strategy      | TWAP order complete: avg price $0.0000
2026-07-03 04:45:06,089 | INFO     | keeper.strategy      | TWAP order created: $1,250 in 4 chunks of $312 every 6 blocks
2026-07-03 04:45:42,328 | INFO     | keeper.strategy      | TWAP chunk 3/4: $312 (progress: 75%)
2026-07-03 04:46:31,338 | INFO     | keeper.strategy      | TWAP chunk 1/4: $312 (progress: 25%)
2026-07-03 04:46:35,865 | INFO     | keeper.strategy      | TWAP chunk 4/4: $1,250 (progress: 100%)
2026-07-03 04:48:10,645 | INFO     | keeper.strategy      | TWAP chunk 2/4: $312 (progress: 50%)
2026-07-03 04:48:23,649 | INFO     | keeper.strategy      | TWAP order complete: avg price $0.0000
2026-07-03 04:48:23,650 | INFO     | keeper.strategy      | TWAP order created: $1,250 in 4 chunks of $312 every 6 blocks
2026-07-03 04:50:13,971 | INFO     | keeper.strategy      | TWAP chunk 3/4: $312 (progress: 75%)
2026-07-03 04:50:17,390 | INFO     | keeper.strategy      | TWAP chunk 1/4: $312 (progress: 25%)
2026-07-03 04:50:52,013 | INFO     | keeper.strategy      | TWAP chunk 4/4: $1,250 (progress: 100%)
2026-07-03 04:50:52,793 | INFO     | keeper.strategy      | TWAP chunk 2/4: $312 (progress: 50%)
2026-07-03 04:51:31,921 | INFO     | keeper.strategy      | TWAP chunk 3/4: $312 (progress: 75%)
2026-07-03 04:51:50,328 | INFO     | keeper.strategy      | TWAP order complete: avg price $0.0000
2026-07-03 04:51:50,328 | INFO     | keeper.strategy      | TWAP order created: $1,250 in 4 chunks of $312 every 6 blocks
2026-07-03 04:52:22,889 | INFO     | keeper.strategy      | TWAP chunk 1/4: $312 (progress: 25%)
2026-07-03 04:52:31,102 | INFO     | keeper.strategy      | TWAP chunk 4/4: $1,250 (progress: 100%)
2026-07-03 04:53:03,834 | INFO     | keeper.strategy      | TWAP order complete: avg price $0.0000
2026-07-03 04:53:03,834 | INFO     | keeper.strategy      | TWAP order created: $1,250 in 4 chunks of $312 every 6 blocks
2026-07-03 04:53:21,433 | INFO     | keeper.strategy      | TWAP chunk 2/4: $312 (progress: 50%)
2026-07-03 04:53:41,550 | INFO     | keeper.strategy      | TWAP chunk 1/4: $312 (progress: 25%)
2026-07-03 04:53:56,582 | INFO     | keeper.strategy      | TWAP chunk 3/4: $312 (progress: 75%)
2026-07-03 04:54:35,886 | INFO     | keeper.strategy      | TWAP chunk 2/4: $312 (progress: 50%)
2026-07-03 04:54:51,154 | INFO     | keeper.strategy      | TWAP chunk 4/4: $1,250 (progress: 100%)
2026-07-03 04:55:11,668 | INFO     | keeper.strategy      | TWAP chunk 3/4: $312 (progress: 75%)
2026-07-03 04:55:23,722 | INFO     | keeper.strategy      | TWAP order complete: avg price $0.0000
2026-07-03 04:55:23,723 | INFO     | keeper.strategy      | TWAP order created: $1,250 in 4 chunks of $312 every 6 blocks
2026-07-03 04:55:52,905 | INFO     | keeper.strategy      | TWAP chunk 4/4: $1,250 (progress: 100%)
2026-07-03 04:56:01,925 | INFO     | keeper.strategy      | TWAP chunk 1/4: $312 (progress: 25%)
2026-07-03 04:56:43,038 | INFO     | keeper.strategy      | TWAP order complete: avg price $0.0000
2026-07-03 04:56:43,038 | INFO     | keeper.strategy      | TWAP order created: $1,250 in 4 chunks of $312 every 6 blocks
2026-07-03 04:57:02,341 | INFO     | keeper.strategy      | TWAP chunk 2/4: $312 (progress: 50%)
2026-07-03 04:57:20,925 | INFO     | keeper.strategy      | TWAP chunk 1/4: $312 (progress: 25%)
2026-07-03 04:57:40,802 | INFO     | keeper.strategy      | TWAP chunk 3/4: $312 (progress: 75%)
2026-07-03 04:57:56,269 | INFO     | keeper.strategy      | TWAP chunk 2/4: $312 (progress: 50%)
2026-07-03 04:58:31,947 | INFO     | keeper.strategy      | TWAP chunk 4/4: $1,250 (progress: 100%)
2026-07-03 04:58:52,606 | INFO     | keeper.strategy      | TWAP chunk 3/4: $312 (progress: 75%)
2026-07-03 04:59:04,931 | INFO     | keeper.strategy      | TWAP order complete: avg price $0.0000
2026-07-03 04:59:04,932 | INFO     | keeper.strategy      | TWAP order created: $1,250 in 4 chunks of $312 every 6 blocks
2026-07-03 04:59:31,388 | INFO     | keeper.strategy      | TWAP chunk 4/4: $1,250 (progress: 100%)
2026-07-03 04:59:41,922 | INFO     | keeper.strategy      | TWAP chunk 1/4: $312 (progress: 25%)
2026-07-03 05:00:05,098 | INFO     | keeper.strategy      | TWAP order complete: avg price $0.0000
2026-07-03 05:00:05,098 | INFO     | keeper.strategy      | TWAP order created: $1,250 in 4 chunks of $312 every 6 blocks
2026-07-03 05:00:37,327 | INFO     | keeper.strategy      | TWAP chunk 2/4: $312 (progress: 50%)
2026-07-03 05:00:59,355 | INFO     | keeper.strategy      | TWAP chunk 1/4: $312 (progress: 25%)
2026-07-03 05:01:16,966 | INFO     | keeper.strategy      | TWAP chunk 3/4: $312 (progress: 75%)
2026-07-03 05:01:35,075 | INFO     | keeper.strategy      | TWAP chunk 2/4: $312 (progress: 50%)
2026-07-03 05:01:53,779 | INFO     | keeper.strategy      | TWAP chunk 4/4: $1,250 (progress: 100%)
2026-07-03 05:02:31,231 | INFO     | keeper.strategy      | TWAP chunk 3/4: $312 (progress: 75%)
2026-07-03 05:02:51,772 | INFO     | keeper.strategy      | TWAP order complete: avg price $0.0000
2026-07-03 05:02:51,772 | INFO     | keeper.strategy      | TWAP order created: $1,250 in 4 chunks of $312 every 6 blocks
2026-07-03 05:04:02,435 | INFO     | keeper.strategy      | TWAP chunk 4/4: $1,250 (progress: 100%)
2026-07-03 05:04:35,446 | INFO     | keeper.strategy      | TWAP chunk 1/4: $312 (progress: 25%)
2026-07-03 05:08:59,245 | INFO     | keeper.strategy      | TWAP order complete: avg price $0.0000
2026-07-03 05:08:59,245 | INFO     | keeper.strategy      | TWAP order created: $1,250 in 4 chunks of $312 every 6 blocks
2026-07-03 05:09:32,595 | INFO     | keeper.strategy      | TWAP chunk 2/4: $312 (progress: 50%)
2026-07-03 05:09:33,824 | INFO     | keeper.strategy      | TWAP chunk 1/4: $312 (progress: 25%)
2026-07-03 05:10:12,115 | INFO     | keeper.strategy      | TWAP chunk 2/4: $312 (progress: 50%)
2026-07-03 05:10:12,485 | INFO     | keeper.strategy      | TWAP chunk 3/4: $312 (progress: 75%)
2026-07-03 05:10:51,834 | INFO     | keeper.strategy      | TWAP chunk 4/4: $1,250 (progress: 100%)
2026-07-03 05:11:06,408 | INFO     | keeper.strategy      | TWAP chunk 3/4: $312 (progress: 75%)
2026-07-03 05:12:11,008 | INFO     | keeper.strategy      | TWAP chunk 4/4: $1,250 (progress: 100%)
2026-07-03 05:12:16,790 | INFO     | keeper.strategy      | TWAP order complete: avg price $0.0000
2026-07-03 05:12:16,791 | INFO     | keeper.strategy      | TWAP order created: $1,250 in 4 chunks of $312 every 6 blocks
2026-07-03 05:13:13,138 | INFO     | keeper.strategy      | TWAP order complete: avg price $0.0000
2026-07-03 05:13:13,138 | INFO     | keeper.strategy      | TWAP order created: $1,250 in 4 chunks of $312 every 6 blocks
2026-07-03 05:13:39,307 | INFO     | keeper.strategy      | TWAP chunk 1/4: $312 (progress: 25%)
2026-07-03 05:14:09,957 | INFO     | keeper.strategy      | TWAP chunk 1/4: $312 (progress: 25%)
2026-07-03 05:14:42,899 | INFO     | keeper.strategy      | TWAP chunk 2/4: $312 (progress: 50%)
2026-07-03 05:15:01,924 | INFO     | keeper.strategy      | TWAP chunk 2/4: $312 (progress: 50%)
2026-07-03 05:15:21,608 | INFO     | keeper.strategy      | TWAP chunk 3/4: $312 (progress: 75%)
2026-07-03 05:15:59,602 | INFO     | keeper.strategy      | TWAP chunk 3/4: $312 (progress: 75%)
2026-07-03 05:16:52,390 | INFO     | keeper.strategy      | TWAP chunk 4/4: $1,250 (progress: 100%)
2026-07-03 05:19:01,653 | INFO     | keeper.strategy      | TWAP chunk 4/4: $1,250 (progress: 100%)
2026-07-03 05:19:20,625 | INFO     | keeper.strategy      | TWAP order complete: avg price $0.0000
2026-07-03 05:19:20,625 | INFO     | keeper.strategy      | TWAP order created: $1,250 in 4 chunks of $312 every 6 blocks
2026-07-03 05:20:31,598 | INFO     | keeper.strategy      | TWAP chunk 1/4: $312 (progress: 25%)
2026-07-03 05:21:33,637 | INFO     | keeper.strategy      | TWAP order complete: avg price $0.0000
2026-07-03 05:21:33,638 | INFO     | keeper.strategy      | TWAP order created: $1,250 in 4 chunks of $312 every 6 blocks
2026-07-03 05:22:04,292 | INFO     | keeper.strategy      | TWAP chunk 2/4: $312 (progress: 50%)
2026-07-03 05:22:12,624 | INFO     | keeper.strategy      | TWAP chunk 1/4: $312 (progress: 25%)
2026-07-03 05:22:42,408 | INFO     | keeper.strategy      | TWAP chunk 3/4: $312 (progress: 75%)
2026-07-03 05:23:12,880 | INFO     | keeper.strategy      | TWAP chunk 2/4: $312 (progress: 50%)
2026-07-03 05:23:18,393 | INFO     | keeper.strategy      | TWAP chunk 4/4: $1,250 (progress: 100%)
2026-07-03 05:23:51,618 | INFO     | keeper.strategy      | TWAP chunk 3/4: $312 (progress: 75%)
2026-07-03 05:24:21,533 | INFO     | keeper.strategy      | TWAP order complete: avg price $0.0000
2026-07-03 05:24:21,533 | INFO     | keeper.strategy      | TWAP order created: $1,250 in 4 chunks of $312 every 6 blocks
2026-07-03 05:24:25,525 | INFO     | keeper.strategy      | TWAP chunk 4/4: $1,250 (progress: 100%)
2026-07-03 05:24:54,974 | INFO     | keeper.strategy      | TWAP chunk 1/4: $312 (progress: 25%)
2026-07-03 05:25:01,529 | INFO     | keeper.strategy      | TWAP order complete: avg price $0.0000
2026-07-03 05:25:01,529 | INFO     | keeper.strategy      | TWAP order created: $1,250 in 4 chunks of $312 every 6 blocks
2026-07-03 05:25:32,453 | INFO     | keeper.strategy      | TWAP chunk 2/4: $312 (progress: 50%)
2026-07-03 05:25:38,035 | INFO     | keeper.strategy      | TWAP chunk 1/4: $312 (progress: 25%)
2026-07-03 05:26:05,905 | INFO     | keeper.strategy      | TWAP chunk 3/4: $312 (progress: 75%)
2026-07-03 05:26:38,375 | INFO     | keeper.strategy      | TWAP chunk 2/4: $312 (progress: 50%)
2026-07-03 05:26:42,296 | INFO     | keeper.strategy      | TWAP chunk 4/4: $1,250 (progress: 100%)
2026-07-03 05:27:14,455 | INFO     | keeper.strategy      | TWAP chunk 3/4: $312 (progress: 75%)
2026-07-03 05:27:20,688 | INFO     | keeper.strategy      | TWAP order complete: avg price $0.0000
2026-07-03 05:27:20,688 | INFO     | keeper.strategy      | TWAP order created: $1,250 in 4 chunks of $312 every 6 blocks
2026-07-03 05:27:52,049 | INFO     | keeper.strategy      | TWAP chunk 4/4: $1,250 (progress: 100%)
2026-07-03 05:28:19,334 | INFO     | keeper.strategy      | TWAP chunk 1/4: $312 (progress: 25%)
2026-07-03 05:28:31,786 | INFO     | keeper.strategy      | TWAP order complete: avg price $0.0000
2026-07-03 05:28:31,786 | INFO     | keeper.strategy      | TWAP order created: $1,250 in 4 chunks of $312 every 6 blocks
2026-07-03 05:28:52,649 | INFO     | keeper.strategy      | TWAP chunk 2/4: $312 (progress: 50%)
2026-07-03 05:29:07,640 | INFO     | keeper.strategy      | TWAP chunk 1/4: $312 (progress: 25%)
2026-07-03 05:29:52,158 | INFO     | keeper.strategy      | TWAP chunk 3/4: $312 (progress: 75%)
2026-07-03 05:30:03,101 | INFO     | keeper.strategy      | TWAP chunk 2/4: $312 (progress: 50%)
2026-07-03 05:31:21,399 | INFO     | keeper.strategy      | TWAP chunk 4/4: $1,250 (progress: 100%)
2026-07-03 05:31:22,758 | INFO     | keeper.strategy      | TWAP chunk 3/4: $312 (progress: 75%)
2026-07-03 05:32:00,007 | INFO     | keeper.strategy      | TWAP chunk 4/4: $1,250 (progress: 100%)
2026-07-03 05:32:31,066 | INFO     | keeper.strategy      | TWAP order complete: avg price $0.0000
2026-07-03 05:32:31,066 | INFO     | keeper.strategy      | TWAP order created: $1,250 in 4 chunks of $312 every 6 blocks
2026-07-03 05:32:33,537 | INFO     | keeper.strategy      | TWAP order complete: avg price $0.0000
2026-07-03 05:32:33,538 | INFO     | keeper.strategy      | TWAP order created: $1,250 in 4 chunks of $312 every 6 blocks
2026-07-03 05:33:07,841 | INFO     | keeper.strategy      | TWAP chunk 1/4: $312 (progress: 25%)
2026-07-03 05:33:12,236 | INFO     | keeper.strategy      | TWAP chunk 1/4: $312 (progress: 25%)
2026-07-03 05:33:44,702 | INFO     | keeper.strategy      | TWAP chunk 2/4: $312 (progress: 50%)
2026-07-03 05:33:49,596 | INFO     | keeper.strategy      | TWAP chunk 2/4: $312 (progress: 50%)
2026-07-03 05:34:22,585 | INFO     | keeper.strategy      | TWAP chunk 3/4: $312 (progress: 75%)
2026-07-03 05:34:37,811 | INFO     | keeper.strategy      | TWAP chunk 3/4: $312 (progress: 75%)
2026-07-03 05:37:10,656 | INFO     | keeper.strategy      | TWAP chunk 4/4: $1,250 (progress: 100%)
2026-07-03 05:38:25,619 | INFO     | keeper.strategy      | TWAP chunk 4/4: $1,250 (progress: 100%)
2026-07-03 05:41:10,117 | INFO     | keeper.strategy      | TWAP order complete: avg price $0.0000
2026-07-03 05:41:10,117 | INFO     | keeper.strategy      | TWAP order created: $1,250 in 4 chunks of $312 every 6 blocks
2026-07-03 05:41:21,694 | INFO     | keeper.strategy      | TWAP order complete: avg price $0.0000
2026-07-03 05:41:21,695 | INFO     | keeper.strategy      | TWAP order created: $1,250 in 4 chunks of $312 every 6 blocks
2026-07-03 05:41:42,959 | INFO     | keeper.strategy      | TWAP chunk 1/4: $312 (progress: 25%)
2026-07-03 05:42:01,287 | INFO     | keeper.strategy      | TWAP chunk 1/4: $312 (progress: 25%)
2026-07-03 05:42:22,399 | INFO     | keeper.strategy      | TWAP chunk 2/4: $312 (progress: 50%)
2026-07-03 05:42:52,564 | INFO     | keeper.strategy      | TWAP chunk 2/4: $312 (progress: 50%)
2026-07-03 05:43:22,169 | INFO     | keeper.strategy      | TWAP chunk 3/4: $312 (progress: 75%)
2026-07-03 05:43:28,673 | INFO     | keeper.strategy      | TWAP chunk 3/4: $312 (progress: 75%)
2026-07-03 05:43:55,070 | INFO     | keeper.strategy      | TWAP chunk 4/4: $1,250 (progress: 100%)
2026-07-03 05:44:22,439 | INFO     | keeper.strategy      | TWAP chunk 4/4: $1,250 (progress: 100%)
2026-07-03 05:44:31,004 | INFO     | keeper.strategy      | TWAP order complete: avg price $0.0000
2026-07-03 05:44:31,004 | INFO     | keeper.strategy      | TWAP order created: $1,250 in 4 chunks of $312 every 6 blocks
2026-07-03 05:45:07,838 | INFO     | keeper.strategy      | TWAP order complete: avg price $0.0000
2026-07-03 05:45:07,839 | INFO     | keeper.strategy      | TWAP order created: $1,250 in 4 chunks of $312 every 6 blocks
2026-07-03 05:45:17,254 | INFO     | keeper.strategy      | TWAP chunk 1/4: $312 (progress: 25%)
2026-07-03 05:47:12,190 | INFO     | keeper.strategy      | TWAP chunk 2/4: $312 (progress: 50%)
2026-07-03 05:47:47,052 | INFO     | keeper.strategy      | TWAP chunk 1/4: $312 (progress: 25%)
2026-07-03 05:48:19,441 | INFO     | keeper.strategy      | TWAP chunk 3/4: $312 (progress: 75%)
2026-07-03 05:48:23,525 | INFO     | keeper.strategy      | TWAP chunk 2/4: $312 (progress: 50%)
2026-07-03 05:48:53,801 | INFO     | keeper.strategy      | TWAP chunk 4/4: $1,250 (progress: 100%)
2026-07-03 05:49:01,904 | INFO     | keeper.strategy      | TWAP chunk 3/4: $312 (progress: 75%)
2026-07-03 05:49:26,559 | INFO     | keeper.strategy      | TWAP order complete: avg price $0.0000
2026-07-03 05:49:26,560 | INFO     | keeper.strategy      | TWAP order created: $1,250 in 4 chunks of $312 every 6 blocks
2026-07-03 05:49:42,490 | INFO     | keeper.strategy      | TWAP chunk 4/4: $1,250 (progress: 100%)
2026-07-03 05:50:16,558 | INFO     | keeper.strategy      | TWAP chunk 1/4: $312 (progress: 25%)
2026-07-03 05:50:40,551 | INFO     | keeper.strategy      | TWAP order complete: avg price $0.0000
2026-07-03 05:50:40,551 | INFO     | keeper.strategy      | TWAP order created: $1,250 in 4 chunks of $312 every 6 blocks
2026-07-03 05:50:54,212 | INFO     | keeper.strategy      | TWAP chunk 2/4: $312 (progress: 50%)
2026-07-03 05:51:47,930 | INFO     | keeper.strategy      | TWAP chunk 1/4: $312 (progress: 25%)
2026-07-03 05:52:19,229 | INFO     | keeper.strategy      | TWAP chunk 3/4: $312 (progress: 75%)
2026-07-03 05:52:22,505 | INFO     | keeper.strategy      | TWAP chunk 2/4: $312 (progress: 50%)
2026-07-03 05:52:53,052 | INFO     | keeper.strategy      | TWAP chunk 4/4: $1,250 (progress: 100%)
2026-07-03 05:52:55,246 | INFO     | keeper.strategy      | TWAP chunk 3/4: $312 (progress: 75%)
2026-07-03 05:53:25,866 | INFO     | keeper.strategy      | TWAP order complete: avg price $0.0000
2026-07-03 05:53:25,866 | INFO     | keeper.strategy      | TWAP order created: $1,250 in 4 chunks of $312 every 6 blocks
2026-07-03 05:53:49,652 | INFO     | keeper.strategy      | TWAP chunk 4/4: $1,250 (progress: 100%)
2026-07-03 05:54:01,572 | INFO     | keeper.strategy      | TWAP chunk 1/4: $312 (progress: 25%)
2026-07-03 05:54:23,236 | INFO     | keeper.strategy      | TWAP order complete: avg price $0.0000
2026-07-03 05:54:23,236 | INFO     | keeper.strategy      | TWAP order created: $1,250 in 4 chunks of $312 every 6 blocks
2026-07-03 05:54:35,043 | INFO     | keeper.strategy      | TWAP chunk 2/4: $312 (progress: 50%)
2026-07-03 05:55:01,237 | INFO     | keeper.strategy      | TWAP chunk 1/4: $312 (progress: 25%)
2026-07-03 05:55:12,133 | INFO     | keeper.strategy      | TWAP chunk 3/4: $312 (progress: 75%)
2026-07-03 05:55:34,559 | INFO     | keeper.strategy      | TWAP chunk 2/4: $312 (progress: 50%)
2026-07-03 05:56:07,442 | INFO     | keeper.strategy      | TWAP chunk 4/4: $1,250 (progress: 100%)
2026-07-03 05:56:30,103 | INFO     | keeper.strategy      | TWAP chunk 3/4: $312 (progress: 75%)
2026-07-03 05:56:42,848 | INFO     | keeper.strategy      | TWAP order complete: avg price $0.0000
2026-07-03 05:56:42,848 | INFO     | keeper.strategy      | TWAP order created: $1,250 in 4 chunks of $312 every 6 blocks
2026-07-03 05:57:05,474 | INFO     | keeper.strategy      | TWAP chunk 4/4: $1,250 (progress: 100%)
2026-07-03 05:57:22,328 | INFO     | keeper.strategy      | TWAP chunk 1/4: $312 (progress: 25%)
2026-07-03 05:57:57,382 | INFO     | keeper.strategy      | TWAP order complete: avg price $0.0000
2026-07-03 05:57:57,383 | INFO     | keeper.strategy      | TWAP order created: $1,250 in 4 chunks of $312 every 6 blocks
2026-07-03 05:58:16,162 | INFO     | keeper.strategy      | TWAP chunk 2/4: $312 (progress: 50%)
2026-07-03 05:58:36,437 | INFO     | keeper.strategy      | TWAP chunk 1/4: $312 (progress: 25%)
2026-07-03 05:58:51,791 | INFO     | keeper.strategy      | TWAP chunk 3/4: $312 (progress: 75%)
2026-07-03 05:59:31,120 | INFO     | keeper.strategy      | TWAP chunk 2/4: $312 (progress: 50%)
2026-07-03 05:59:49,590 | INFO     | keeper.strategy      | TWAP chunk 4/4: $1,250 (progress: 100%)
2026-07-03 06:00:07,129 | INFO     | keeper.strategy      | TWAP chunk 3/4: $312 (progress: 75%)
2026-07-03 06:00:23,596 | INFO     | keeper.strategy      | TWAP order complete: avg price $0.0000
2026-07-03 06:00:23,596 | INFO     | keeper.strategy      | TWAP order created: $1,250 in 4 chunks of $312 every 6 blocks
2026-07-03 06:00:46,172 | INFO     | keeper.strategy      | TWAP chunk 4/4: $1,250 (progress: 100%)
2026-07-03 06:01:01,736 | INFO     | keeper.strategy      | TWAP chunk 1/4: $312 (progress: 25%)
2026-07-03 06:01:37,266 | INFO     | keeper.strategy      | TWAP order complete: avg price $0.0000
2026-07-03 06:01:37,266 | INFO     | keeper.strategy      | TWAP order created: $1,250 in 4 chunks of $312 every 6 blocks
2026-07-03 06:02:02,009 | INFO     | keeper.strategy      | TWAP chunk 2/4: $312 (progress: 50%)
2026-07-03 06:02:12,998 | INFO     | keeper.strategy      | TWAP chunk 1/4: $312 (progress: 25%)
2026-07-03 06:02:42,011 | INFO     | keeper.strategy      | TWAP chunk 3/4: $312 (progress: 75%)
2026-07-03 06:02:52,169 | INFO     | keeper.strategy      | TWAP chunk 2/4: $312 (progress: 50%)
2026-07-03 06:03:32,103 | INFO     | keeper.strategy      | TWAP chunk 4/4: $1,250 (progress: 100%)
2026-07-03 06:03:51,303 | INFO     | keeper.strategy      | TWAP chunk 3/4: $312 (progress: 75%)
2026-07-03 06:04:10,991 | INFO     | keeper.strategy      | TWAP order complete: avg price $0.0000
2026-07-03 06:04:10,991 | INFO     | keeper.strategy      | TWAP order created: $1,250 in 4 chunks of $312 every 6 blocks
2026-07-03 06:04:26,485 | INFO     | keeper.strategy      | TWAP chunk 4/4: $1,250 (progress: 100%)
2026-07-03 06:05:05,882 | INFO     | keeper.strategy      | TWAP chunk 1/4: $312 (progress: 25%)
2026-07-03 06:05:22,006 | INFO     | keeper.strategy      | TWAP order complete: avg price $0.0000
2026-07-03 06:05:22,006 | INFO     | keeper.strategy      | TWAP order created: $1,250 in 4 chunks of $312 every 6 blocks
2026-07-03 06:06:01,626 | INFO     | keeper.strategy      | TWAP chunk 2/4: $312 (progress: 50%)
2026-07-03 06:06:03,251 | INFO     | keeper.strategy      | TWAP chunk 1/4: $312 (progress: 25%)
2026-07-03 06:06:34,466 | INFO     | keeper.strategy      | TWAP chunk 3/4: $312 (progress: 75%)
2026-07-03 06:07:01,853 | INFO     | keeper.strategy      | TWAP chunk 2/4: $312 (progress: 50%)
2026-07-03 06:07:10,424 | INFO     | keeper.strategy      | TWAP chunk 4/4: $1,250 (progress: 100%)
2026-07-03 06:07:37,059 | INFO     | keeper.strategy      | TWAP chunk 3/4: $312 (progress: 75%)
2026-07-03 06:08:11,956 | INFO     | keeper.strategy      | TWAP order complete: avg price $0.0000
2026-07-03 06:08:11,956 | INFO     | keeper.strategy      | TWAP order created: $1,250 in 4 chunks of $312 every 6 blocks
2026-07-03 06:08:31,999 | INFO     | keeper.strategy      | TWAP chunk 4/4: $1,250 (progress: 100%)
2026-07-03 06:08:47,146 | INFO     | keeper.strategy      | TWAP chunk 1/4: $312 (progress: 25%)
2026-07-03 06:09:11,132 | INFO     | keeper.strategy      | TWAP order complete: avg price $0.0000
2026-07-03 06:09:11,132 | INFO     | keeper.strategy      | TWAP order created: $1,250 in 4 chunks of $312 every 6 blocks
2026-07-03 06:09:41,090 | INFO     | keeper.strategy      | TWAP chunk 2/4: $312 (progress: 50%)
2026-07-03 06:10:11,094 | INFO     | keeper.strategy      | TWAP chunk 1/4: $312 (progress: 25%)
2026-07-03 06:10:13,887 | INFO     | keeper.strategy      | TWAP chunk 3/4: $312 (progress: 75%)
2026-07-03 06:10:43,946 | INFO     | keeper.strategy      | TWAP chunk 2/4: $312 (progress: 50%)
2026-07-03 06:10:51,857 | INFO     | keeper.strategy      | TWAP chunk 4/4: $1,250 (progress: 100%)
2026-07-03 06:11:19,807 | INFO     | keeper.strategy      | TWAP chunk 3/4: $312 (progress: 75%)
2026-07-03 06:11:50,953 | INFO     | keeper.strategy      | TWAP order complete: avg price $0.0000
2026-07-03 06:11:50,953 | INFO     | keeper.strategy      | TWAP order created: $1,250 in 4 chunks of $312 every 6 blocks
2026-07-03 06:12:12,113 | INFO     | keeper.strategy      | TWAP chunk 4/4: $1,250 (progress: 100%)
2026-07-03 06:12:26,230 | INFO     | keeper.strategy      | TWAP chunk 1/4: $312 (progress: 25%)
2026-07-03 06:12:49,953 | INFO     | keeper.strategy      | TWAP order complete: avg price $0.0000
2026-07-03 06:12:49,954 | INFO     | keeper.strategy      | TWAP order created: $1,250 in 4 chunks of $312 every 6 blocks
2026-07-03 06:13:01,847 | INFO     | keeper.strategy      | TWAP chunk 2/4: $312 (progress: 50%)
2026-07-03 06:13:40,802 | INFO     | keeper.strategy      | TWAP chunk 3/4: $312 (progress: 75%)
2026-07-03 06:13:47,297 | INFO     | keeper.strategy      | TWAP chunk 1/4: $312 (progress: 25%)
2026-07-03 06:14:27,956 | INFO     | keeper.strategy      | TWAP chunk 2/4: $312 (progress: 50%)
2026-07-03 06:14:42,138 | INFO     | keeper.strategy      | TWAP chunk 4/4: $1,250 (progress: 100%)
2026-07-03 06:15:22,146 | INFO     | keeper.strategy      | TWAP order complete: avg price $0.0000
2026-07-03 06:15:22,147 | INFO     | keeper.strategy      | TWAP order created: $1,250 in 4 chunks of $312 every 6 blocks
2026-07-03 06:15:31,166 | INFO     | keeper.strategy      | TWAP chunk 3/4: $312 (progress: 75%)
2026-07-03 06:16:04,646 | INFO     | keeper.strategy      | TWAP chunk 4/4: $1,250 (progress: 100%)
2026-07-03 06:16:19,013 | INFO     | keeper.strategy      | TWAP chunk 1/4: $312 (progress: 25%)
2026-07-03 06:16:41,730 | INFO     | keeper.strategy      | TWAP order complete: avg price $0.0000
2026-07-03 06:16:41,731 | INFO     | keeper.strategy      | TWAP order created: $1,250 in 4 chunks of $312 every 6 blocks
2026-07-03 06:16:52,514 | INFO     | keeper.strategy      | TWAP chunk 2/4: $312 (progress: 50%)
2026-07-03 06:17:32,059 | INFO     | keeper.strategy      | TWAP chunk 3/4: $312 (progress: 75%)
2026-07-03 06:17:41,401 | INFO     | keeper.strategy      | TWAP chunk 1/4: $312 (progress: 25%)
2026-07-03 06:18:16,603 | INFO     | keeper.strategy      | TWAP chunk 2/4: $312 (progress: 50%)
2026-07-03 06:18:29,102 | INFO     | keeper.strategy      | TWAP chunk 4/4: $1,250 (progress: 100%)
2026-07-03 06:19:02,689 | INFO     | keeper.strategy      | TWAP order complete: avg price $0.0000
2026-07-03 06:19:02,689 | INFO     | keeper.strategy      | TWAP order created: $1,250 in 4 chunks of $312 every 6 blocks
2026-07-03 06:19:13,217 | INFO     | keeper.strategy      | TWAP chunk 3/4: $312 (progress: 75%)
2026-07-03 06:19:42,544 | INFO     | keeper.strategy      | TWAP chunk 1/4: $312 (progress: 25%)
2026-07-03 06:19:51,258 | INFO     | keeper.strategy      | TWAP chunk 4/4: $1,250 (progress: 100%)
2026-07-03 06:20:35,803 | INFO     | keeper.strategy      | TWAP chunk 2/4: $312 (progress: 50%)
2026-07-03 06:20:47,043 | INFO     | keeper.strategy      | TWAP order complete: avg price $0.0000
2026-07-03 06:20:47,043 | INFO     | keeper.strategy      | TWAP order created: $1,250 in 4 chunks of $312 every 6 blocks
2026-07-03 06:21:11,900 | INFO     | keeper.strategy      | TWAP chunk 3/4: $312 (progress: 75%)
2026-07-03 06:21:25,579 | INFO     | keeper.strategy      | TWAP chunk 1/4: $312 (progress: 25%)
2026-07-03 06:22:02,779 | INFO     | keeper.strategy      | TWAP chunk 4/4: $1,250 (progress: 100%)
2026-07-03 06:22:21,678 | INFO     | keeper.strategy      | TWAP chunk 2/4: $312 (progress: 50%)
2026-07-03 06:22:40,931 | INFO     | keeper.strategy      | TWAP order complete: avg price $0.0000
2026-07-03 06:22:40,932 | INFO     | keeper.strategy      | TWAP order created: $1,250 in 4 chunks of $312 every 6 blocks
2026-07-03 06:22:57,132 | INFO     | keeper.strategy      | TWAP chunk 3/4: $312 (progress: 75%)
2026-07-03 06:23:13,510 | INFO     | keeper.strategy      | TWAP chunk 1/4: $312 (progress: 25%)
2026-07-03 06:23:32,565 | INFO     | keeper.strategy      | TWAP chunk 4/4: $1,250 (progress: 100%)
2026-07-03 06:23:51,994 | INFO     | keeper.strategy      | TWAP chunk 2/4: $312 (progress: 50%)
2026-07-03 06:24:30,452 | INFO     | keeper.strategy      | TWAP order complete: avg price $0.0000
2026-07-03 06:24:30,452 | INFO     | keeper.strategy      | TWAP order created: $1,250 in 4 chunks of $312 every 6 blocks
2026-07-03 06:24:49,339 | INFO     | keeper.strategy      | TWAP chunk 3/4: $312 (progress: 75%)
2026-07-03 06:25:04,041 | INFO     | keeper.strategy      | TWAP chunk 1/4: $312 (progress: 25%)
2026-07-03 06:25:22,794 | INFO     | keeper.strategy      | TWAP chunk 4/4: $1,250 (progress: 100%)
2026-07-03 06:26:01,546 | INFO     | keeper.strategy      | TWAP chunk 2/4: $312 (progress: 50%)
2026-07-03 06:26:02,526 | INFO     | keeper.strategy      | TWAP order complete: avg price $0.0000
2026-07-03 06:26:02,527 | INFO     | keeper.strategy      | TWAP order created: $1,250 in 4 chunks of $312 every 6 blocks
2026-07-03 06:26:35,454 | INFO     | keeper.strategy      | TWAP chunk 3/4: $312 (progress: 75%)
2026-07-03 06:27:01,475 | INFO     | keeper.strategy      | TWAP chunk 1/4: $312 (progress: 25%)
2026-07-03 06:27:11,194 | INFO     | keeper.strategy      | TWAP chunk 4/4: $1,250 (progress: 100%)
2026-07-03 06:27:35,770 | INFO     | keeper.strategy      | TWAP chunk 2/4: $312 (progress: 50%)
2026-07-03 06:28:11,029 | INFO     | keeper.strategy      | TWAP order complete: avg price $0.0000
2026-07-03 06:28:11,030 | INFO     | keeper.strategy      | TWAP order created: $1,250 in 4 chunks of $312 every 6 blocks
2026-07-03 06:28:31,127 | INFO     | keeper.strategy      | TWAP chunk 3/4: $312 (progress: 75%)
2026-07-03 06:28:49,634 | INFO     | keeper.strategy      | TWAP chunk 1/4: $312 (progress: 25%)
2026-07-03 06:29:06,932 | INFO     | keeper.strategy      | TWAP chunk 4/4: $1,250 (progress: 100%)
2026-07-03 06:29:22,805 | INFO     | keeper.strategy      | TWAP chunk 2/4: $312 (progress: 50%)
2026-07-03 06:30:05,105 | INFO     | keeper.strategy      | TWAP order complete: avg price $0.0000
2026-07-03 06:30:05,105 | INFO     | keeper.strategy      | TWAP order created: $1,250 in 4 chunks of $312 every 6 blocks
2026-07-03 06:30:21,065 | INFO     | keeper.strategy      | TWAP chunk 3/4: $312 (progress: 75%)
2026-07-03 06:30:41,624 | INFO     | keeper.strategy      | TWAP chunk 1/4: $312 (progress: 25%)
2026-07-03 06:30:56,205 | INFO     | keeper.strategy      | TWAP chunk 4/4: $1,250 (progress: 100%)
2026-07-03 06:31:36,390 | INFO     | keeper.strategy      | TWAP chunk 2/4: $312 (progress: 50%)
2026-07-03 06:31:52,523 | INFO     | keeper.strategy      | TWAP order complete: avg price $0.0000
2026-07-03 06:31:52,523 | INFO     | keeper.strategy      | TWAP order created: $1,250 in 4 chunks of $312 every 6 blocks
2026-07-03 06:32:12,387 | INFO     | keeper.strategy      | TWAP chunk 3/4: $312 (progress: 75%)
2026-07-03 06:32:30,873 | INFO     | keeper.strategy      | TWAP chunk 1/4: $312 (progress: 25%)
2026-07-03 06:32:52,288 | INFO     | keeper.strategy      | TWAP chunk 4/4: $1,250 (progress: 100%)
2026-07-03 06:33:23,057 | INFO     | keeper.strategy      | TWAP chunk 2/4: $312 (progress: 50%)
2026-07-03 06:33:42,328 | INFO     | keeper.strategy      | TWAP order complete: avg price $0.0000
2026-07-03 06:33:42,328 | INFO     | keeper.strategy      | TWAP order created: $1,250 in 4 chunks of $312 every 6 blocks
2026-07-03 06:34:01,088 | INFO     | keeper.strategy      | TWAP chunk 3/4: $312 (progress: 75%)
2026-07-03 06:34:20,896 | INFO     | keeper.strategy      | TWAP chunk 1/4: $312 (progress: 25%)
2026-07-03 06:34:36,289 | INFO     | keeper.strategy      | TWAP chunk 4/4: $1,250 (progress: 100%)
2026-07-03 06:35:13,453 | INFO     | keeper.strategy      | TWAP chunk 2/4: $312 (progress: 50%)
2026-07-03 06:35:35,650 | INFO     | keeper.strategy      | TWAP order complete: avg price $0.0000
2026-07-03 06:35:35,650 | INFO     | keeper.strategy      | TWAP order created: $1,250 in 4 chunks of $312 every 6 blocks
2026-07-03 06:35:46,125 | INFO     | keeper.strategy      | TWAP chunk 3/4: $312 (progress: 75%)
2026-07-03 06:36:12,806 | INFO     | keeper.strategy      | TWAP chunk 1/4: $312 (progress: 25%)
2026-07-03 06:36:22,298 | INFO     | keeper.strategy      | TWAP chunk 4/4: $1,250 (progress: 100%)
2026-07-03 06:36:46,054 | INFO     | keeper.strategy      | TWAP chunk 2/4: $312 (progress: 50%)
2026-07-03 06:37:21,648 | INFO     | keeper.strategy      | TWAP order complete: avg price $0.0000
2026-07-03 06:37:21,648 | INFO     | keeper.strategy      | TWAP order created: $1,250 in 4 chunks of $312 every 6 blocks
2026-07-03 06:37:38,581 | INFO     | keeper.strategy      | TWAP chunk 3/4: $312 (progress: 75%)
2026-07-03 06:37:55,584 | INFO     | keeper.strategy      | TWAP chunk 1/4: $312 (progress: 25%)
2026-07-03 06:38:16,773 | INFO     | keeper.strategy      | TWAP chunk 4/4: $1,250 (progress: 100%)
2026-07-03 06:38:53,016 | INFO     | keeper.strategy      | TWAP chunk 2/4: $312 (progress: 50%)
2026-07-03 06:39:12,432 | INFO     | keeper.strategy      | TWAP order complete: avg price $0.0000
2026-07-03 06:39:12,432 | INFO     | keeper.strategy      | TWAP order created: $1,250 in 4 chunks of $312 every 6 blocks
2026-07-03 06:39:30,948 | INFO     | keeper.strategy      | TWAP chunk 3/4: $312 (progress: 75%)
2026-07-03 06:39:55,122 | INFO     | keeper.strategy      | TWAP chunk 1/4: $312 (progress: 25%)
2026-07-03 06:40:06,641 | INFO     | keeper.strategy      | TWAP chunk 4/4: $1,250 (progress: 100%)
2026-07-03 06:40:51,287 | INFO     | keeper.strategy      | TWAP chunk 2/4: $312 (progress: 50%)
2026-07-03 06:41:01,992 | INFO     | keeper.strategy      | TWAP order complete: avg price $0.0000
2026-07-03 06:41:01,992 | INFO     | keeper.strategy      | TWAP order created: $1,250 in 4 chunks of $312 every 6 blocks
2026-07-03 06:41:26,784 | INFO     | keeper.strategy      | TWAP chunk 3/4: $312 (progress: 75%)
2026-07-03 06:41:41,044 | INFO     | keeper.strategy      | TWAP chunk 1/4: $312 (progress: 25%)
2026-07-03 06:42:16,324 | INFO     | keeper.strategy      | TWAP chunk 2/4: $312 (progress: 50%)
2026-07-03 06:42:21,704 | INFO     | keeper.strategy      | TWAP chunk 4/4: $1,250 (progress: 100%)
2026-07-03 06:43:01,815 | INFO     | keeper.strategy      | TWAP order complete: avg price $0.0000
2026-07-03 06:43:01,816 | INFO     | keeper.strategy      | TWAP order created: $1,250 in 4 chunks of $312 every 6 blocks
2026-07-03 06:43:09,756 | INFO     | keeper.strategy      | TWAP chunk 3/4: $312 (progress: 75%)
2026-07-03 06:43:42,495 | INFO     | keeper.strategy      | TWAP chunk 4/4: $1,250 (progress: 100%)
2026-07-03 06:44:00,945 | INFO     | keeper.strategy      | TWAP chunk 1/4: $312 (progress: 25%)
2026-07-03 06:44:20,306 | INFO     | keeper.strategy      | TWAP order complete: avg price $0.0000
2026-07-03 06:44:20,306 | INFO     | keeper.strategy      | TWAP order created: $1,250 in 4 chunks of $312 every 6 blocks
2026-07-03 06:44:36,329 | INFO     | keeper.strategy      | TWAP chunk 2/4: $312 (progress: 50%)
2026-07-03 06:45:11,259 | INFO     | keeper.strategy      | TWAP chunk 1/4: $312 (progress: 25%)
2026-07-03 06:45:29,543 | INFO     | keeper.strategy      | TWAP chunk 3/4: $312 (progress: 75%)
2026-07-03 06:45:46,404 | INFO     | keeper.strategy      | TWAP chunk 2/4: $312 (progress: 50%)
2026-07-03 06:46:02,760 | INFO     | keeper.strategy      | TWAP chunk 4/4: $1,250 (progress: 100%)
2026-07-03 06:46:22,281 | INFO     | keeper.strategy      | TWAP chunk 3/4: $312 (progress: 75%)
2026-07-03 06:46:57,652 | INFO     | keeper.strategy      | TWAP order complete: avg price $0.0000
2026-07-03 06:46:57,652 | INFO     | keeper.strategy      | TWAP order created: $1,250 in 4 chunks of $312 every 6 blocks
2026-07-03 06:47:01,036 | INFO     | keeper.strategy      | TWAP chunk 4/4: $1,250 (progress: 100%)
2026-07-03 06:47:33,143 | INFO     | keeper.strategy      | TWAP chunk 1/4: $312 (progress: 25%)
2026-07-03 06:48:01,767 | INFO     | keeper.strategy      | TWAP order complete: avg price $0.0000
2026-07-03 06:48:01,768 | INFO     | keeper.strategy      | TWAP order created: $1,250 in 4 chunks of $312 every 6 blocks
2026-07-03 06:48:06,050 | INFO     | keeper.strategy      | TWAP chunk 2/4: $312 (progress: 50%)
2026-07-03 06:48:34,639 | INFO     | keeper.strategy      | TWAP chunk 1/4: $312 (progress: 25%)
2026-07-03 06:49:04,731 | INFO     | keeper.strategy      | TWAP chunk 3/4: $312 (progress: 75%)
2026-07-03 06:49:12,080 | INFO     | keeper.strategy      | TWAP chunk 2/4: $312 (progress: 50%)
2026-07-03 06:49:43,335 | INFO     | keeper.strategy      | TWAP chunk 4/4: $1,250 (progress: 100%)
2026-07-03 06:50:06,744 | INFO     | keeper.strategy      | TWAP chunk 3/4: $312 (progress: 75%)
2026-07-03 06:50:21,946 | INFO     | keeper.strategy      | TWAP order complete: avg price $0.0000
2026-07-03 06:50:21,946 | INFO     | keeper.strategy      | TWAP order created: $1,250 in 4 chunks of $312 every 6 blocks
2026-07-03 06:50:46,068 | INFO     | keeper.strategy      | TWAP chunk 4/4: $1,250 (progress: 100%)
2026-07-03 06:50:57,578 | INFO     | keeper.strategy      | TWAP chunk 1/4: $312 (progress: 25%)
2026-07-03 06:51:33,110 | INFO     | keeper.strategy      | TWAP order complete: avg price $0.0000
2026-07-03 06:51:33,110 | INFO     | keeper.strategy      | TWAP order created: $1,250 in 4 chunks of $312 every 6 blocks
2026-07-03 06:51:52,432 | INFO     | keeper.strategy      | TWAP chunk 2/4: $312 (progress: 50%)
2026-07-03 06:52:10,924 | INFO     | keeper.strategy      | TWAP chunk 1/4: $312 (progress: 25%)
2026-07-03 06:52:30,433 | INFO     | keeper.strategy      | TWAP chunk 3/4: $312 (progress: 75%)
2026-07-03 06:52:50,047 | INFO     | keeper.strategy      | TWAP chunk 2/4: $312 (progress: 50%)
2026-07-03 06:53:03,099 | INFO     | keeper.strategy      | TWAP chunk 4/4: $1,250 (progress: 100%)
2026-07-03 06:53:42,093 | INFO     | keeper.strategy      | TWAP chunk 3/4: $312 (progress: 75%)
2026-07-03 06:54:01,703 | INFO     | keeper.strategy      | TWAP order complete: avg price $0.0000
2026-07-03 06:54:01,703 | INFO     | keeper.strategy      | TWAP order created: $1,250 in 4 chunks of $312 every 6 blocks
2026-07-03 06:54:21,348 | INFO     | keeper.strategy      | TWAP chunk 4/4: $1,250 (progress: 100%)
2026-07-03 06:54:41,689 | INFO     | keeper.strategy      | TWAP chunk 1/4: $312 (progress: 25%)
2026-07-03 06:55:13,578 | INFO     | keeper.strategy      | TWAP order complete: avg price $0.0000
2026-07-03 06:55:13,578 | INFO     | keeper.strategy      | TWAP order created: $1,250 in 4 chunks of $312 every 6 blocks
2026-07-03 06:55:41,172 | INFO     | keeper.strategy      | TWAP chunk 2/4: $312 (progress: 50%)
2026-07-03 06:55:52,029 | INFO     | keeper.strategy      | TWAP chunk 1/4: $312 (progress: 25%)
2026-07-03 06:56:19,883 | INFO     | keeper.strategy      | TWAP chunk 3/4: $312 (progress: 75%)
2026-07-03 06:56:48,641 | INFO     | keeper.strategy      | TWAP chunk 2/4: $312 (progress: 50%)
2026-07-03 06:57:11,101 | INFO     | keeper.strategy      | TWAP chunk 4/4: $1,250 (progress: 100%)
2026-07-03 06:57:23,311 | INFO     | keeper.strategy      | TWAP chunk 3/4: $312 (progress: 75%)
2026-07-03 06:57:47,708 | INFO     | keeper.strategy      | TWAP order complete: avg price $0.0000
2026-07-03 06:57:47,709 | INFO     | keeper.strategy      | TWAP order created: $1,250 in 4 chunks of $312 every 6 blocks
2026-07-03 06:58:01,860 | INFO     | keeper.strategy      | TWAP chunk 4/4: $1,250 (progress: 100%)
2026-07-03 06:58:37,346 | INFO     | keeper.strategy      | TWAP order complete: avg price $0.0000
2026-07-03 06:58:37,346 | INFO     | keeper.strategy      | TWAP order created: $1,250 in 4 chunks of $312 every 6 blocks
2026-07-03 06:58:51,282 | INFO     | keeper.strategy      | TWAP chunk 1/4: $312 (progress: 25%)
2026-07-03 06:59:24,009 | INFO     | keeper.strategy      | TWAP chunk 2/4: $312 (progress: 50%)
2026-07-03 06:59:41,804 | INFO     | keeper.strategy      | TWAP chunk 1/4: $312 (progress: 25%)
2026-07-03 07:00:18,184 | INFO     | keeper.strategy      | TWAP chunk 2/4: $312 (progress: 50%)
2026-07-03 07:00:31,393 | INFO     | keeper.strategy      | TWAP chunk 3/4: $312 (progress: 75%)
2026-07-03 07:01:06,857 | INFO     | keeper.strategy      | TWAP chunk 4/4: $1,250 (progress: 100%)
2026-07-03 07:01:18,107 | INFO     | keeper.strategy      | TWAP chunk 3/4: $312 (progress: 75%)
2026-07-03 07:01:53,350 | INFO     | keeper.strategy      | TWAP chunk 4/4: $1,250 (progress: 100%)
2026-07-03 07:02:07,142 | INFO     | keeper.strategy      | TWAP order complete: avg price $0.0000
2026-07-03 07:02:07,142 | INFO     | keeper.strategy      | TWAP order created: $1,250 in 4 chunks of $312 every 6 blocks
2026-07-03 07:02:31,102 | INFO     | keeper.strategy      | TWAP order complete: avg price $0.0000
2026-07-03 07:02:31,102 | INFO     | keeper.strategy      | TWAP order created: $1,250 in 4 chunks of $312 every 6 blocks
2026-07-03 07:02:43,131 | INFO     | keeper.strategy      | TWAP chunk 1/4: $312 (progress: 25%)
2026-07-03 07:03:06,394 | INFO     | keeper.strategy      | TWAP chunk 1/4: $312 (progress: 25%)
2026-07-03 07:03:22,522 | INFO     | keeper.strategy      | TWAP chunk 2/4: $312 (progress: 50%)
2026-07-03 07:04:01,161 | INFO     | keeper.strategy      | TWAP chunk 2/4: $312 (progress: 50%)
2026-07-03 07:04:20,836 | INFO     | keeper.strategy      | TWAP chunk 3/4: $312 (progress: 75%)
2026-07-03 07:04:39,863 | INFO     | keeper.strategy      | TWAP chunk 3/4: $312 (progress: 75%)
2026-07-03 07:04:54,072 | INFO     | keeper.strategy      | TWAP chunk 4/4: $1,250 (progress: 100%)
2026-07-03 07:05:12,537 | INFO     | keeper.strategy      | TWAP chunk 4/4: $1,250 (progress: 100%)
2026-07-03 07:05:52,348 | INFO     | keeper.strategy      | TWAP order complete: avg price $0.0000
2026-07-03 07:05:52,348 | INFO     | keeper.strategy      | TWAP order created: $1,250 in 4 chunks of $312 every 6 blocks
2026-07-03 07:06:05,744 | INFO     | keeper.strategy      | TWAP order complete: avg price $0.0000
2026-07-03 07:06:05,744 | INFO     | keeper.strategy      | TWAP order created: $1,250 in 4 chunks of $312 every 6 blocks
2026-07-03 07:06:33,581 | INFO     | keeper.strategy      | TWAP chunk 1/4: $312 (progress: 25%)
2026-07-03 07:06:42,866 | INFO     | keeper.strategy      | TWAP chunk 1/4: $312 (progress: 25%)
2026-07-03 07:07:14,673 | INFO     | keeper.strategy      | TWAP chunk 2/4: $312 (progress: 50%)
2026-07-03 07:07:21,141 | INFO     | keeper.strategy      | TWAP chunk 2/4: $312 (progress: 50%)
2026-07-03 07:08:11,178 | INFO     | keeper.strategy      | TWAP chunk 3/4: $312 (progress: 75%)
2026-07-03 07:08:20,389 | INFO     | keeper.strategy      | TWAP chunk 3/4: $312 (progress: 75%)
2026-07-03 07:08:43,952 | INFO     | keeper.strategy      | TWAP chunk 4/4: $1,250 (progress: 100%)
2026-07-03 07:08:56,294 | INFO     | keeper.strategy      | TWAP chunk 4/4: $1,250 (progress: 100%)
2026-07-03 07:09:43,667 | INFO     | keeper.strategy      | TWAP order complete: avg price $0.0000
2026-07-03 07:09:43,667 | INFO     | keeper.strategy      | TWAP order created: $1,250 in 4 chunks of $312 every 6 blocks
2026-07-03 07:09:52,116 | INFO     | keeper.strategy      | TWAP order complete: avg price $0.0000
2026-07-03 07:09:52,117 | INFO     | keeper.strategy      | TWAP order created: $1,250 in 4 chunks of $312 every 6 blocks
2026-07-03 07:10:23,467 | INFO     | keeper.strategy      | TWAP chunk 1/4: $312 (progress: 25%)
2026-07-03 07:10:24,817 | INFO     | keeper.strategy      | TWAP chunk 1/4: $312 (progress: 25%)
2026-07-03 07:10:59,711 | INFO     | keeper.strategy      | TWAP chunk 2/4: $312 (progress: 50%)
2026-07-03 07:11:01,163 | INFO     | keeper.strategy      | TWAP chunk 2/4: $312 (progress: 50%)
2026-07-03 07:11:34,567 | INFO     | keeper.strategy      | TWAP chunk 3/4: $312 (progress: 75%)
2026-07-03 07:11:56,046 | INFO     | keeper.strategy      | TWAP chunk 3/4: $312 (progress: 75%)
2026-07-03 07:12:31,796 | INFO     | keeper.strategy      | TWAP chunk 4/4: $1,250 (progress: 100%)
2026-07-03 07:12:32,452 | INFO     | keeper.strategy      | TWAP chunk 4/4: $1,250 (progress: 100%)
2026-07-03 07:13:04,431 | INFO     | keeper.strategy      | TWAP order complete: avg price $0.0000
2026-07-03 07:13:04,432 | INFO     | keeper.strategy      | TWAP order created: $1,250 in 4 chunks of $312 every 6 blocks
2026-07-03 07:13:30,899 | INFO     | keeper.strategy      | TWAP order complete: avg price $0.0000
2026-07-03 07:13:30,900 | INFO     | keeper.strategy      | TWAP order created: $1,250 in 4 chunks of $312 every 6 blocks
2026-07-03 07:13:37,154 | INFO     | keeper.strategy      | TWAP chunk 1/4: $312 (progress: 25%)
2026-07-03 07:14:03,541 | INFO     | keeper.strategy      | TWAP chunk 1/4: $312 (progress: 25%)
2026-07-03 07:14:41,820 | INFO     | keeper.strategy      | TWAP chunk 2/4: $312 (progress: 50%)
2026-07-03 07:14:42,318 | INFO     | keeper.strategy      | TWAP chunk 2/4: $312 (progress: 50%)
2026-07-03 07:15:32,428 | INFO     | keeper.strategy      | TWAP chunk 3/4: $312 (progress: 75%)
2026-07-03 07:15:39,630 | INFO     | keeper.strategy      | TWAP chunk 3/4: $312 (progress: 75%)
2026-07-03 07:16:10,997 | INFO     | keeper.strategy      | TWAP chunk 4/4: $1,250 (progress: 100%)
2026-07-03 07:16:12,426 | INFO     | keeper.strategy      | TWAP chunk 4/4: $1,250 (progress: 100%)
2026-07-03 07:17:06,560 | INFO     | keeper.strategy      | TWAP order complete: avg price $0.0000
2026-07-03 07:17:06,560 | INFO     | keeper.strategy      | TWAP order created: $1,250 in 4 chunks of $312 every 6 blocks
2026-07-03 07:17:11,354 | INFO     | keeper.strategy      | TWAP order complete: avg price $0.0000
2026-07-03 07:17:11,354 | INFO     | keeper.strategy      | TWAP order created: $1,250 in 4 chunks of $312 every 6 blocks
2026-07-03 07:17:42,321 | INFO     | keeper.strategy      | TWAP chunk 1/4: $312 (progress: 25%)
2026-07-03 07:17:47,947 | INFO     | keeper.strategy      | TWAP chunk 1/4: $312 (progress: 25%)
2026-07-03 07:18:18,882 | INFO     | keeper.strategy      | TWAP chunk 2/4: $312 (progress: 50%)
2026-07-03 07:18:51,083 | INFO     | keeper.strategy      | TWAP chunk 2/4: $312 (progress: 50%)
2026-07-03 07:18:52,533 | INFO     | keeper.strategy      | TWAP chunk 3/4: $312 (progress: 75%)
2026-07-03 07:19:23,993 | INFO     | keeper.strategy      | TWAP chunk 3/4: $312 (progress: 75%)
2026-07-03 07:19:28,269 | INFO     | keeper.strategy      | TWAP chunk 4/4: $1,250 (progress: 100%)
2026-07-03 07:19:57,088 | INFO     | keeper.strategy      | TWAP chunk 4/4: $1,250 (progress: 100%)
2026-07-03 07:20:28,034 | INFO     | keeper.strategy      | TWAP order complete: avg price $0.0000
2026-07-03 07:20:28,034 | INFO     | keeper.strategy      | TWAP order created: $1,250 in 4 chunks of $312 every 6 blocks
2026-07-03 07:20:51,107 | INFO     | keeper.strategy      | TWAP order complete: avg price $0.0000
2026-07-03 07:20:51,107 | INFO     | keeper.strategy      | TWAP order created: $1,250 in 4 chunks of $312 every 6 blocks
2026-07-03 07:21:02,424 | INFO     | keeper.strategy      | TWAP chunk 1/4: $312 (progress: 25%)
2026-07-03 07:21:26,755 | INFO     | keeper.strategy      | TWAP chunk 1/4: $312 (progress: 25%)
2026-07-03 07:21:42,195 | INFO     | keeper.strategy      | TWAP chunk 2/4: $312 (progress: 50%)
2026-07-03 07:22:21,255 | INFO     | keeper.strategy      | TWAP chunk 2/4: $312 (progress: 50%)
2026-07-03 07:22:41,656 | INFO     | keeper.strategy      | TWAP chunk 3/4: $312 (progress: 75%)
2026-07-03 07:22:56,516 | INFO     | keeper.strategy      | TWAP chunk 3/4: $312 (progress: 75%)
2026-07-03 07:23:20,346 | INFO     | keeper.strategy      | TWAP chunk 4/4: $1,250 (progress: 100%)
2026-07-03 07:23:50,236 | INFO     | keeper.strategy      | TWAP chunk 4/4: $1,250 (progress: 100%)
2026-07-03 07:24:12,644 | INFO     | keeper.strategy      | TWAP order complete: avg price $0.0000
2026-07-03 07:24:12,644 | INFO     | keeper.strategy      | TWAP order created: $1,250 in 4 chunks of $312 every 6 blocks
2026-07-03 07:24:25,688 | INFO     | keeper.strategy      | TWAP order complete: avg price $0.0000
2026-07-03 07:24:25,688 | INFO     | keeper.strategy      | TWAP order created: $1,250 in 4 chunks of $312 every 6 blocks
2026-07-03 07:24:50,974 | INFO     | keeper.strategy      | TWAP chunk 1/4: $312 (progress: 25%)
2026-07-03 07:25:02,627 | INFO     | keeper.strategy      | TWAP chunk 1/4: $312 (progress: 25%)
2026-07-03 07:25:41,253 | INFO     | keeper.strategy      | TWAP chunk 2/4: $312 (progress: 50%)
2026-07-03 07:25:56,107 | INFO     | keeper.strategy      | TWAP chunk 2/4: $312 (progress: 50%)
2026-07-03 07:26:21,000 | INFO     | keeper.strategy      | TWAP chunk 3/4: $312 (progress: 75%)
2026-07-03 07:26:31,671 | INFO     | keeper.strategy      | TWAP chunk 3/4: $312 (progress: 75%)
2026-07-03 07:27:16,599 | INFO     | keeper.strategy      | TWAP chunk 4/4: $1,250 (progress: 100%)
2026-07-03 07:27:31,764 | INFO     | keeper.strategy      | TWAP chunk 4/4: $1,250 (progress: 100%)
2026-07-03 07:27:51,958 | INFO     | keeper.strategy      | TWAP order complete: avg price $0.0000
2026-07-03 07:27:51,959 | INFO     | keeper.strategy      | TWAP order created: $1,250 in 4 chunks of $312 every 6 blocks
2026-07-03 07:28:12,119 | INFO     | keeper.strategy      | TWAP order complete: avg price $0.0000
2026-07-03 07:28:12,119 | INFO     | keeper.strategy      | TWAP order created: $1,250 in 4 chunks of $312 every 6 blocks
2026-07-03 07:28:24,738 | INFO     | keeper.strategy      | TWAP chunk 1/4: $312 (progress: 25%)
2026-07-03 07:29:11,527 | INFO     | keeper.strategy      | TWAP chunk 1/4: $312 (progress: 25%)
2026-07-03 07:29:22,531 | INFO     | keeper.strategy      | TWAP chunk 2/4: $312 (progress: 50%)
2026-07-03 07:29:52,308 | INFO     | keeper.strategy      | TWAP chunk 2/4: $312 (progress: 50%)
2026-07-03 07:30:01,166 | INFO     | keeper.strategy      | TWAP chunk 3/4: $312 (progress: 75%)
2026-07-03 07:30:34,085 | INFO     | keeper.strategy      | TWAP chunk 4/4: $1,250 (progress: 100%)
2026-07-03 07:30:53,257 | INFO     | keeper.strategy      | TWAP chunk 3/4: $312 (progress: 75%)
2026-07-03 07:31:31,658 | INFO     | keeper.strategy      | TWAP chunk 4/4: $1,250 (progress: 100%)
2026-07-03 07:31:41,538 | INFO     | keeper.strategy      | TWAP order complete: avg price $0.0000
2026-07-03 07:31:41,538 | INFO     | keeper.strategy      | TWAP order created: $1,250 in 4 chunks of $312 every 6 blocks
2026-07-03 07:32:17,070 | INFO     | keeper.strategy      | TWAP chunk 1/4: $312 (progress: 25%)
2026-07-03 07:32:32,257 | INFO     | keeper.strategy      | TWAP order complete: avg price $0.0000
2026-07-03 07:32:32,258 | INFO     | keeper.strategy      | TWAP order created: $1,250 in 4 chunks of $312 every 6 blocks
2026-07-03 07:33:10,062 | INFO     | keeper.strategy      | TWAP chunk 1/4: $312 (progress: 25%)
2026-07-03 07:33:13,084 | INFO     | keeper.strategy      | TWAP chunk 2/4: $312 (progress: 50%)
2026-07-03 07:34:02,831 | INFO     | keeper.strategy      | TWAP chunk 2/4: $312 (progress: 50%)
2026-07-03 07:34:11,103 | INFO     | keeper.strategy      | TWAP chunk 3/4: $312 (progress: 75%)
2026-07-03 07:34:41,410 | INFO     | keeper.strategy      | TWAP chunk 3/4: $312 (progress: 75%)
2026-07-03 07:34:46,786 | INFO     | keeper.strategy      | TWAP chunk 4/4: $1,250 (progress: 100%)
2026-07-03 07:35:32,604 | INFO     | keeper.strategy      | TWAP chunk 4/4: $1,250 (progress: 100%)
2026-07-03 07:35:42,169 | INFO     | keeper.strategy      | TWAP order complete: avg price $0.0000
2026-07-03 07:35:42,170 | INFO     | keeper.strategy      | TWAP order created: $1,250 in 4 chunks of $312 every 6 blocks
2026-07-03 07:36:11,901 | INFO     | keeper.strategy      | TWAP order complete: avg price $0.0000
2026-07-03 07:36:11,901 | INFO     | keeper.strategy      | TWAP order created: $1,250 in 4 chunks of $312 every 6 blocks
2026-07-03 07:36:21,194 | INFO     | keeper.strategy      | TWAP chunk 1/4: $312 (progress: 25%)
2026-07-03 07:37:03,016 | INFO     | keeper.strategy      | TWAP chunk 1/4: $312 (progress: 25%)
2026-07-03 07:37:20,949 | INFO     | keeper.strategy      | TWAP chunk 2/4: $312 (progress: 50%)
2026-07-03 07:37:42,776 | INFO     | keeper.strategy      | TWAP chunk 2/4: $312 (progress: 50%)
2026-07-03 07:37:57,239 | INFO     | keeper.strategy      | TWAP chunk 3/4: $312 (progress: 75%)
2026-07-03 07:38:35,992 | INFO     | keeper.strategy      | TWAP chunk 3/4: $312 (progress: 75%)
2026-07-03 07:38:51,212 | INFO     | keeper.strategy      | TWAP chunk 4/4: $1,250 (progress: 100%)
2026-07-03 07:39:13,666 | INFO     | keeper.strategy      | TWAP chunk 4/4: $1,250 (progress: 100%)
2026-07-03 07:39:23,766 | INFO     | keeper.strategy      | TWAP order complete: avg price $0.0000
2026-07-03 07:39:23,766 | INFO     | keeper.strategy      | TWAP order created: $1,250 in 4 chunks of $312 every 6 blocks
2026-07-03 07:40:11,039 | INFO     | keeper.strategy      | TWAP order complete: avg price $0.0000
2026-07-03 07:40:11,039 | INFO     | keeper.strategy      | TWAP order created: $1,250 in 4 chunks of $312 every 6 blocks
2026-07-03 07:40:17,068 | INFO     | keeper.strategy      | TWAP chunk 1/4: $312 (progress: 25%)
2026-07-03 07:40:47,245 | INFO     | keeper.strategy      | TWAP chunk 1/4: $312 (progress: 25%)
2026-07-03 07:40:59,684 | INFO     | keeper.strategy      | TWAP chunk 2/4: $312 (progress: 50%)
2026-07-03 07:41:34,963 | INFO     | keeper.strategy      | TWAP chunk 3/4: $312 (progress: 75%)
2026-07-03 07:41:45,746 | INFO     | keeper.strategy      | TWAP chunk 2/4: $312 (progress: 50%)
2026-07-03 07:42:22,393 | INFO     | keeper.strategy      | TWAP chunk 3/4: $312 (progress: 75%)
2026-07-03 07:42:32,158 | INFO     | keeper.strategy      | TWAP chunk 4/4: $1,250 (progress: 100%)
2026-07-03 07:43:01,883 | INFO     | keeper.strategy      | TWAP chunk 4/4: $1,250 (progress: 100%)
2026-07-03 07:43:11,473 | INFO     | keeper.strategy      | TWAP order complete: avg price $0.0000
2026-07-03 07:43:11,473 | INFO     | keeper.strategy      | TWAP order created: $1,250 in 4 chunks of $312 every 6 blocks
2026-07-03 07:43:52,313 | INFO     | keeper.strategy      | TWAP order complete: avg price $0.0000
2026-07-03 07:43:52,314 | INFO     | keeper.strategy      | TWAP order created: $1,250 in 4 chunks of $312 every 6 blocks
2026-07-03 07:44:02,960 | INFO     | keeper.strategy      | TWAP chunk 1/4: $312 (progress: 25%)
2026-07-03 07:44:30,945 | INFO     | keeper.strategy      | TWAP chunk 1/4: $312 (progress: 25%)
2026-07-03 07:44:41,029 | INFO     | keeper.strategy      | TWAP chunk 2/4: $312 (progress: 50%)
2026-07-03 07:45:22,903 | INFO     | keeper.strategy      | TWAP chunk 3/4: $312 (progress: 75%)
2026-07-03 07:45:23,167 | INFO     | keeper.strategy      | TWAP chunk 2/4: $312 (progress: 50%)
2026-07-03 07:45:58,392 | INFO     | keeper.strategy      | TWAP chunk 3/4: $312 (progress: 75%)
2026-07-03 07:46:19,296 | INFO     | keeper.strategy      | TWAP chunk 4/4: $1,250 (progress: 100%)
2026-07-03 07:46:33,462 | INFO     | keeper.strategy      | TWAP chunk 4/4: $1,250 (progress: 100%)
2026-07-03 07:46:52,495 | INFO     | keeper.strategy      | TWAP order complete: avg price $0.0000
2026-07-03 07:46:52,495 | INFO     | keeper.strategy      | TWAP order created: $1,250 in 4 chunks of $312 every 6 blocks
2026-07-03 07:47:11,967 | INFO     | keeper.strategy      | TWAP order complete: avg price $0.0000
2026-07-03 07:47:11,968 | INFO     | keeper.strategy      | TWAP order created: $1,250 in 4 chunks of $312 every 6 blocks
2026-07-03 07:47:31,736 | INFO     | keeper.strategy      | TWAP chunk 1/4: $312 (progress: 25%)
2026-07-03 07:48:06,511 | INFO     | keeper.strategy      | TWAP chunk 1/4: $312 (progress: 25%)
2026-07-03 07:48:21,192 | INFO     | keeper.strategy      | TWAP chunk 2/4: $312 (progress: 50%)
2026-07-03 07:48:42,437 | INFO     | keeper.strategy      | TWAP chunk 2/4: $312 (progress: 50%)
2026-07-03 07:48:57,073 | INFO     | keeper.strategy      | TWAP chunk 3/4: $312 (progress: 75%)
2026-07-03 07:49:21,229 | INFO     | keeper.strategy      | TWAP chunk 3/4: $312 (progress: 75%)
2026-07-03 07:49:32,926 | INFO     | keeper.strategy      | TWAP chunk 4/4: $1,250 (progress: 100%)
2026-07-03 07:50:18,602 | INFO     | keeper.strategy      | TWAP chunk 4/4: $1,250 (progress: 100%)
2026-07-03 07:50:29,345 | INFO     | keeper.strategy      | TWAP order complete: avg price $0.0000
2026-07-03 07:50:29,345 | INFO     | keeper.strategy      | TWAP order created: $1,250 in 4 chunks of $312 every 6 blocks
2026-07-03 07:50:52,922 | INFO     | keeper.strategy      | TWAP order complete: avg price $0.0000
2026-07-03 07:50:52,923 | INFO     | keeper.strategy      | TWAP order created: $1,250 in 4 chunks of $312 every 6 blocks
2026-07-03 07:51:02,384 | INFO     | keeper.strategy      | TWAP chunk 1/4: $312 (progress: 25%)
2026-07-03 07:51:31,614 | INFO     | keeper.strategy      | TWAP chunk 1/4: $312 (progress: 25%)
2026-07-03 07:51:41,397 | INFO     | keeper.strategy      | TWAP chunk 2/4: $312 (progress: 50%)
2026-07-03 07:52:21,151 | INFO     | keeper.strategy      | TWAP chunk 2/4: $312 (progress: 50%)
2026-07-03 07:52:41,761 | INFO     | keeper.strategy      | TWAP chunk 3/4: $312 (progress: 75%)
2026-07-03 07:52:54,270 | INFO     | keeper.strategy      | TWAP chunk 3/4: $312 (progress: 75%)
2026-07-03 07:53:21,191 | INFO     | keeper.strategy      | TWAP chunk 4/4: $1,250 (progress: 100%)
2026-07-03 07:53:32,481 | INFO     | keeper.strategy      | TWAP chunk 4/4: $1,250 (progress: 100%)
2026-07-03 07:54:11,881 | INFO     | keeper.strategy      | TWAP order complete: avg price $0.0000
2026-07-03 07:54:11,882 | INFO     | keeper.strategy      | TWAP order created: $1,250 in 4 chunks of $312 every 6 blocks
2026-07-03 07:54:25,593 | INFO     | keeper.strategy      | TWAP order complete: avg price $0.0000
2026-07-03 07:54:25,594 | INFO     | keeper.strategy      | TWAP order created: $1,250 in 4 chunks of $312 every 6 blocks
2026-07-03 07:54:50,799 | INFO     | keeper.strategy      | TWAP chunk 1/4: $312 (progress: 25%)
2026-07-03 07:55:01,619 | INFO     | keeper.strategy      | TWAP chunk 1/4: $312 (progress: 25%)
2026-07-03 07:55:42,604 | INFO     | keeper.strategy      | TWAP chunk 2/4: $312 (progress: 50%)
2026-07-03 07:55:46,065 | INFO     | keeper.strategy      | TWAP chunk 2/4: $312 (progress: 50%)
2026-07-03 07:56:22,609 | INFO     | keeper.strategy      | TWAP chunk 3/4: $312 (progress: 75%)
2026-07-03 07:56:39,219 | INFO     | keeper.strategy      | TWAP chunk 3/4: $312 (progress: 75%)
2026-07-03 07:57:13,588 | INFO     | keeper.strategy      | TWAP chunk 4/4: $1,250 (progress: 100%)
2026-07-03 07:57:20,336 | INFO     | keeper.strategy      | TWAP chunk 4/4: $1,250 (progress: 100%)
2026-07-03 07:57:53,650 | INFO     | keeper.strategy      | TWAP order complete: avg price $0.0000
2026-07-03 07:57:53,650 | INFO     | keeper.strategy      | TWAP order created: $1,250 in 4 chunks of $312 every 6 blocks
2026-07-03 07:58:13,911 | INFO     | keeper.strategy      | TWAP order complete: avg price $0.0000
2026-07-03 07:58:13,911 | INFO     | keeper.strategy      | TWAP order created: $1,250 in 4 chunks of $312 every 6 blocks
2026-07-03 07:58:32,402 | INFO     | keeper.strategy      | TWAP chunk 1/4: $312 (progress: 25%)
2026-07-03 07:59:07,346 | INFO     | keeper.strategy      | TWAP chunk 1/4: $312 (progress: 25%)
2026-07-03 07:59:30,951 | INFO     | keeper.strategy      | TWAP chunk 2/4: $312 (progress: 50%)
2026-07-03 07:59:42,879 | INFO     | keeper.strategy      | TWAP chunk 2/4: $312 (progress: 50%)
2026-07-03 08:00:06,186 | INFO     | keeper.strategy      | TWAP chunk 3/4: $312 (progress: 75%)
2026-07-03 08:00:23,071 | INFO     | keeper.strategy      | TWAP chunk 3/4: $312 (progress: 75%)
2026-07-03 08:01:01,021 | INFO     | keeper.strategy      | TWAP chunk 4/4: $1,250 (progress: 100%)
2026-07-03 08:01:20,825 | INFO     | keeper.strategy      | TWAP chunk 4/4: $1,250 (progress: 100%)
2026-07-03 08:01:33,871 | INFO     | keeper.strategy      | TWAP order complete: avg price $0.0000
2026-07-03 08:01:33,871 | INFO     | keeper.strategy      | TWAP order created: $1,250 in 4 chunks of $312 every 6 blocks
2026-07-03 08:01:59,853 | INFO     | keeper.strategy      | TWAP order complete: avg price $0.0000
2026-07-03 08:01:59,853 | INFO     | keeper.strategy      | TWAP order created: $1,250 in 4 chunks of $312 every 6 blocks
2026-07-03 08:02:12,166 | INFO     | keeper.strategy      | TWAP chunk 1/4: $312 (progress: 25%)
2026-07-03 08:02:49,398 | INFO     | keeper.strategy      | TWAP chunk 1/4: $312 (progress: 25%)
2026-07-03 08:03:06,489 | INFO     | keeper.strategy      | TWAP chunk 2/4: $312 (progress: 50%)
2026-07-03 08:03:22,346 | INFO     | keeper.strategy      | TWAP chunk 2/4: $312 (progress: 50%)
2026-07-03 08:03:41,667 | INFO     | keeper.strategy      | TWAP chunk 3/4: $312 (progress: 75%)
2026-07-03 08:04:01,637 | INFO     | keeper.strategy      | TWAP chunk 3/4: $312 (progress: 75%)
2026-07-03 08:04:22,557 | INFO     | keeper.strategy      | TWAP chunk 4/4: $1,250 (progress: 100%)
2026-07-03 08:04:56,911 | INFO     | keeper.strategy      | TWAP chunk 4/4: $1,250 (progress: 100%)
2026-07-03 08:05:15,274 | INFO     | keeper.strategy      | TWAP order complete: avg price $0.0000
2026-07-03 08:05:15,274 | INFO     | keeper.strategy      | TWAP order created: $1,250 in 4 chunks of $312 every 6 blocks
2026-07-03 08:05:32,335 | INFO     | keeper.strategy      | TWAP order complete: avg price $0.0000
2026-07-03 08:05:32,335 | INFO     | keeper.strategy      | TWAP order created: $1,250 in 4 chunks of $312 every 6 blocks
2026-07-03 08:05:55,469 | INFO     | keeper.strategy      | TWAP chunk 1/4: $312 (progress: 25%)
2026-07-03 08:06:11,578 | INFO     | keeper.strategy      | TWAP chunk 1/4: $312 (progress: 25%)
2026-07-03 08:06:32,998 | INFO     | keeper.strategy      | TWAP chunk 2/4: $312 (progress: 50%)
2026-07-03 08:07:01,919 | INFO     | keeper.strategy      | TWAP chunk 2/4: $312 (progress: 50%)
2026-07-03 08:07:28,835 | INFO     | keeper.strategy      | TWAP chunk 3/4: $312 (progress: 75%)
2026-07-03 08:07:34,564 | INFO     | keeper.strategy      | TWAP chunk 3/4: $312 (progress: 75%)
2026-07-03 08:08:02,428 | INFO     | keeper.strategy      | TWAP chunk 4/4: $1,250 (progress: 100%)
2026-07-03 08:08:11,226 | INFO     | keeper.strategy      | TWAP chunk 4/4: $1,250 (progress: 100%)
2026-07-03 08:08:35,095 | INFO     | keeper.strategy      | TWAP order complete: avg price $0.0000
2026-07-03 08:08:35,095 | INFO     | keeper.strategy      | TWAP order created: $1,250 in 4 chunks of $312 every 6 blocks
2026-07-03 08:08:44,668 | INFO     | keeper.strategy      | TWAP order complete: avg price $0.0000
2026-07-03 08:08:44,668 | INFO     | keeper.strategy      | TWAP order created: $1,250 in 4 chunks of $312 every 6 blocks
2026-07-03 08:09:12,004 | INFO     | keeper.strategy      | TWAP chunk 1/4: $312 (progress: 25%)
2026-07-03 08:09:21,761 | INFO     | keeper.strategy      | TWAP chunk 1/4: $312 (progress: 25%)
2026-07-03 08:10:02,776 | INFO     | keeper.strategy      | TWAP chunk 2/4: $312 (progress: 50%)
2026-07-03 08:10:10,987 | INFO     | keeper.strategy      | TWAP chunk 2/4: $312 (progress: 50%)
2026-07-03 08:10:46,195 | INFO     | keeper.strategy      | TWAP chunk 3/4: $312 (progress: 75%)
2026-07-03 08:10:58,989 | INFO     | keeper.strategy      | TWAP chunk 3/4: $312 (progress: 75%)
2026-07-03 08:11:32,709 | INFO     | keeper.strategy      | TWAP chunk 4/4: $1,250 (progress: 100%)
2026-07-03 08:11:45,504 | INFO     | keeper.strategy      | TWAP chunk 4/4: $1,250 (progress: 100%)
2026-07-03 08:12:11,958 | INFO     | keeper.strategy      | TWAP order complete: avg price $0.0000
2026-07-03 08:12:11,959 | INFO     | keeper.strategy      | TWAP order created: $1,250 in 4 chunks of $312 every 6 blocks
2026-07-03 08:12:21,677 | INFO     | keeper.strategy      | TWAP order complete: avg price $0.0000
2026-07-03 08:12:21,678 | INFO     | keeper.strategy      | TWAP order created: $1,250 in 4 chunks of $312 every 6 blocks
2026-07-03 08:13:02,357 | INFO     | keeper.strategy      | TWAP chunk 1/4: $312 (progress: 25%)
2026-07-03 08:13:21,221 | INFO     | keeper.strategy      | TWAP chunk 1/4: $312 (progress: 25%)
2026-07-03 08:13:41,326 | INFO     | keeper.strategy      | TWAP chunk 2/4: $312 (progress: 50%)
2026-07-03 08:13:56,503 | INFO     | keeper.strategy      | TWAP chunk 2/4: $312 (progress: 50%)
2026-07-03 08:14:16,639 | INFO     | keeper.strategy      | TWAP chunk 3/4: $312 (progress: 75%)
2026-07-03 08:14:47,707 | INFO     | keeper.strategy      | TWAP chunk 3/4: $312 (progress: 75%)
2026-07-03 08:15:11,527 | INFO     | keeper.strategy      | TWAP chunk 4/4: $1,250 (progress: 100%)
2026-07-03 08:15:22,622 | INFO     | keeper.strategy      | TWAP chunk 4/4: $1,250 (progress: 100%)
2026-07-03 08:15:46,658 | INFO     | keeper.strategy      | TWAP order complete: avg price $0.0000
2026-07-03 08:15:46,659 | INFO     | keeper.strategy      | TWAP order created: $1,250 in 4 chunks of $312 every 6 blocks
2026-07-03 08:16:00,917 | INFO     | keeper.strategy      | TWAP order complete: avg price $0.0000
2026-07-03 08:16:00,917 | INFO     | keeper.strategy      | TWAP order created: $1,250 in 4 chunks of $312 every 6 blocks
2026-07-03 08:16:34,023 | INFO     | keeper.strategy      | TWAP chunk 1/4: $312 (progress: 25%)
2026-07-03 08:16:45,505 | INFO     | keeper.strategy      | TWAP chunk 1/4: $312 (progress: 25%)
2026-07-03 08:17:29,814 | INFO     | keeper.strategy      | TWAP chunk 2/4: $312 (progress: 50%)
2026-07-03 08:17:42,039 | INFO     | keeper.strategy      | TWAP chunk 2/4: $312 (progress: 50%)
2026-07-03 08:18:02,619 | INFO     | keeper.strategy      | TWAP chunk 3/4: $312 (progress: 75%)
2026-07-03 08:18:21,446 | INFO     | keeper.strategy      | TWAP chunk 3/4: $312 (progress: 75%)
2026-07-03 08:18:56,439 | INFO     | keeper.strategy      | TWAP chunk 4/4: $1,250 (progress: 100%)
2026-07-03 08:19:15,467 | INFO     | keeper.strategy      | TWAP chunk 4/4: $1,250 (progress: 100%)
2026-07-03 08:19:31,799 | INFO     | keeper.strategy      | TWAP order complete: avg price $0.0000
2026-07-03 08:19:31,800 | INFO     | keeper.strategy      | TWAP order created: $1,250 in 4 chunks of $312 every 6 blocks
2026-07-03 08:19:52,411 | INFO     | keeper.strategy      | TWAP order complete: avg price $0.0000
2026-07-03 08:19:52,412 | INFO     | keeper.strategy      | TWAP order created: $1,250 in 4 chunks of $312 every 6 blocks
2026-07-03 08:20:11,182 | INFO     | keeper.strategy      | TWAP chunk 1/4: $312 (progress: 25%)
2026-07-03 08:20:31,839 | INFO     | keeper.strategy      | TWAP chunk 1/4: $312 (progress: 25%)
2026-07-03 08:21:01,748 | INFO     | keeper.strategy      | TWAP chunk 2/4: $312 (progress: 50%)
2026-07-03 08:21:28,440 | INFO     | keeper.strategy      | TWAP chunk 2/4: $312 (progress: 50%)
2026-07-03 08:21:34,583 | INFO     | keeper.strategy      | TWAP chunk 3/4: $312 (progress: 75%)
2026-07-03 08:22:02,854 | INFO     | keeper.strategy      | TWAP chunk 3/4: $312 (progress: 75%)
2026-07-03 08:22:11,182 | INFO     | keeper.strategy      | TWAP chunk 4/4: $1,250 (progress: 100%)
2026-07-03 08:22:41,924 | INFO     | keeper.strategy      | TWAP chunk 4/4: $1,250 (progress: 100%)
2026-07-03 08:22:46,449 | INFO     | keeper.strategy      | TWAP order complete: avg price $0.0000
2026-07-03 08:22:46,450 | INFO     | keeper.strategy      | TWAP order created: $1,250 in 4 chunks of $312 every 6 blocks
2026-07-03 08:23:22,415 | INFO     | keeper.strategy      | TWAP chunk 1/4: $312 (progress: 25%)
2026-07-03 08:23:35,353 | INFO     | keeper.strategy      | TWAP order complete: avg price $0.0000
2026-07-03 08:23:35,353 | INFO     | keeper.strategy      | TWAP order created: $1,250 in 4 chunks of $312 every 6 blocks
2026-07-03 08:24:01,837 | INFO     | keeper.strategy      | TWAP chunk 2/4: $312 (progress: 50%)
2026-07-03 08:24:11,946 | INFO     | keeper.strategy      | TWAP chunk 1/4: $312 (progress: 25%)
2026-07-03 08:24:50,417 | INFO     | keeper.strategy      | TWAP chunk 2/4: $312 (progress: 50%)
2026-07-03 08:24:58,863 | INFO     | keeper.strategy      | TWAP chunk 3/4: $312 (progress: 75%)
2026-07-03 08:25:32,542 | INFO     | keeper.strategy      | TWAP chunk 4/4: $1,250 (progress: 100%)
2026-07-03 08:25:46,130 | INFO     | keeper.strategy      | TWAP chunk 3/4: $312 (progress: 75%)
2026-07-03 08:26:11,640 | INFO     | keeper.strategy      | TWAP order complete: avg price $0.0000
2026-07-03 08:26:11,640 | INFO     | keeper.strategy      | TWAP order created: $1,250 in 4 chunks of $312 every 6 blocks
2026-07-03 08:26:21,951 | INFO     | keeper.strategy      | TWAP chunk 4/4: $1,250 (progress: 100%)
2026-07-03 08:27:06,541 | INFO     | keeper.strategy      | TWAP chunk 1/4: $312 (progress: 25%)
2026-07-03 08:27:19,927 | INFO     | keeper.strategy      | TWAP order complete: avg price $0.0000
2026-07-03 08:27:19,927 | INFO     | keeper.strategy      | TWAP order created: $1,250 in 4 chunks of $312 every 6 blocks
2026-07-03 08:27:42,559 | INFO     | keeper.strategy      | TWAP chunk 2/4: $312 (progress: 50%)
2026-07-03 08:27:56,781 | INFO     | keeper.strategy      | TWAP chunk 1/4: $312 (progress: 25%)
2026-07-03 08:28:41,809 | INFO     | keeper.strategy      | TWAP chunk 3/4: $312 (progress: 75%)
2026-07-03 08:28:51,799 | INFO     | keeper.strategy      | TWAP chunk 2/4: $312 (progress: 50%)
2026-07-03 08:29:21,310 | INFO     | keeper.strategy      | TWAP chunk 4/4: $1,250 (progress: 100%)
2026-07-03 08:29:26,954 | INFO     | keeper.strategy      | TWAP chunk 3/4: $312 (progress: 75%)
2026-07-03 08:30:15,938 | INFO     | keeper.strategy      | TWAP order complete: avg price $0.0000
2026-07-03 08:30:15,938 | INFO     | keeper.strategy      | TWAP order created: $1,250 in 4 chunks of $312 every 6 blocks
2026-07-03 08:30:21,879 | INFO     | keeper.strategy      | TWAP chunk 4/4: $1,250 (progress: 100%)
2026-07-03 08:31:01,269 | INFO     | keeper.strategy      | TWAP order complete: avg price $0.0000
2026-07-03 08:31:01,269 | INFO     | keeper.strategy      | TWAP order created: $1,250 in 4 chunks of $312 every 6 blocks
2026-07-03 08:31:10,886 | INFO     | keeper.strategy      | TWAP chunk 1/4: $312 (progress: 25%)
2026-07-03 08:31:51,714 | INFO     | keeper.strategy      | TWAP chunk 2/4: $312 (progress: 50%)
2026-07-03 08:31:55,609 | INFO     | keeper.strategy      | TWAP chunk 1/4: $312 (progress: 25%)
2026-07-03 08:32:31,769 | INFO     | keeper.strategy      | TWAP chunk 2/4: $312 (progress: 50%)
2026-07-03 08:32:51,006 | INFO     | keeper.strategy      | TWAP chunk 3/4: $312 (progress: 75%)
2026-07-03 08:33:11,491 | INFO     | keeper.strategy      | TWAP chunk 3/4: $312 (progress: 75%)
2026-07-03 08:33:26,250 | INFO     | keeper.strategy      | TWAP chunk 4/4: $1,250 (progress: 100%)
2026-07-03 08:34:08,422 | INFO     | keeper.strategy      | TWAP chunk 4/4: $1,250 (progress: 100%)
2026-07-03 08:34:17,451 | INFO     | keeper.strategy      | TWAP order complete: avg price $0.0000
2026-07-03 08:34:17,451 | INFO     | keeper.strategy      | TWAP order created: $1,250 in 4 chunks of $312 every 6 blocks
2026-07-03 08:34:46,098 | INFO     | keeper.strategy      | TWAP order complete: avg price $0.0000
2026-07-03 08:34:46,098 | INFO     | keeper.strategy      | TWAP order created: $1,250 in 4 chunks of $312 every 6 blocks
2026-07-03 08:34:53,012 | INFO     | keeper.strategy      | TWAP chunk 1/4: $312 (progress: 25%)
2026-07-03 08:35:31,748 | INFO     | keeper.strategy      | TWAP chunk 2/4: $312 (progress: 50%)
2026-07-03 08:35:41,552 | INFO     | keeper.strategy      | TWAP chunk 1/4: $312 (progress: 25%)
2026-07-03 08:36:11,041 | INFO     | keeper.strategy      | TWAP chunk 3/4: $312 (progress: 75%)
2026-07-03 08:36:16,963 | INFO     | keeper.strategy      | TWAP chunk 2/4: $312 (progress: 50%)
2026-07-03 08:37:05,992 | INFO     | keeper.strategy      | TWAP chunk 4/4: $1,250 (progress: 100%)
2026-07-03 08:37:12,190 | INFO     | keeper.strategy      | TWAP chunk 3/4: $312 (progress: 75%)
2026-07-03 08:37:41,992 | INFO     | keeper.strategy      | TWAP order complete: avg price $0.0000
2026-07-03 08:37:41,992 | INFO     | keeper.strategy      | TWAP order created: $1,250 in 4 chunks of $312 every 6 blocks
2026-07-03 08:37:47,362 | INFO     | keeper.strategy      | TWAP chunk 4/4: $1,250 (progress: 100%)
2026-07-03 08:38:18,054 | INFO     | keeper.strategy      | TWAP chunk 1/4: $312 (progress: 25%)
2026-07-03 08:38:24,334 | INFO     | keeper.strategy      | TWAP order complete: avg price $0.0000
2026-07-03 08:38:24,334 | INFO     | keeper.strategy      | TWAP order created: $1,250 in 4 chunks of $312 every 6 blocks
2026-07-03 08:39:11,618 | INFO     | keeper.strategy      | TWAP chunk 2/4: $312 (progress: 50%)
2026-07-03 08:39:21,150 | INFO     | keeper.strategy      | TWAP chunk 1/4: $312 (progress: 25%)
2026-07-03 08:39:49,415 | INFO     | keeper.strategy      | TWAP chunk 3/4: $312 (progress: 75%)
2026-07-03 08:39:56,848 | INFO     | keeper.strategy      | TWAP chunk 2/4: $312 (progress: 50%)
2026-07-03 08:40:39,853 | INFO     | keeper.strategy      | TWAP chunk 4/4: $1,250 (progress: 100%)
2026-07-03 08:40:52,129 | INFO     | keeper.strategy      | TWAP chunk 3/4: $312 (progress: 75%)
2026-07-03 08:41:12,442 | INFO     | keeper.strategy      | TWAP order complete: avg price $0.0000
2026-07-03 08:41:12,442 | INFO     | keeper.strategy      | TWAP order created: $1,250 in 4 chunks of $312 every 6 blocks
2026-07-03 08:41:31,360 | INFO     | keeper.strategy      | TWAP chunk 4/4: $1,250 (progress: 100%)
2026-07-03 08:41:51,325 | INFO     | keeper.strategy      | TWAP chunk 1/4: $312 (progress: 25%)
2026-07-03 08:42:21,553 | INFO     | keeper.strategy      | TWAP order complete: avg price $0.0000
2026-07-03 08:42:21,553 | INFO     | keeper.strategy      | TWAP order created: $1,250 in 4 chunks of $312 every 6 blocks
2026-07-03 08:42:49,530 | INFO     | keeper.strategy      | TWAP chunk 2/4: $312 (progress: 50%)
2026-07-03 08:42:54,190 | INFO     | keeper.strategy      | TWAP chunk 1/4: $312 (progress: 25%)
2026-07-03 08:43:22,963 | INFO     | keeper.strategy      | TWAP chunk 3/4: $312 (progress: 75%)
2026-07-03 08:43:31,094 | INFO     | keeper.strategy      | TWAP chunk 2/4: $312 (progress: 50%)
2026-07-03 08:44:01,440 | INFO     | keeper.strategy      | TWAP chunk 4/4: $1,250 (progress: 100%)
2026-07-03 08:44:06,619 | INFO     | keeper.strategy      | TWAP chunk 3/4: $312 (progress: 75%)
2026-07-03 08:44:55,939 | INFO     | keeper.strategy      | TWAP order complete: avg price $0.0000
2026-07-03 08:44:55,939 | INFO     | keeper.strategy      | TWAP order created: $1,250 in 4 chunks of $312 every 6 blocks
2026-07-03 08:45:01,022 | INFO     | keeper.strategy      | TWAP chunk 4/4: $1,250 (progress: 100%)
2026-07-03 08:45:31,667 | INFO     | keeper.strategy      | TWAP chunk 1/4: $312 (progress: 25%)
2026-07-03 08:45:34,052 | INFO     | keeper.strategy      | TWAP order complete: avg price $0.0000
2026-07-03 08:45:34,052 | INFO     | keeper.strategy      | TWAP order created: $1,250 in 4 chunks of $312 every 6 blocks
2026-07-03 08:46:04,391 | INFO     | keeper.strategy      | TWAP chunk 2/4: $312 (progress: 50%)
2026-07-03 08:46:12,190 | INFO     | keeper.strategy      | TWAP chunk 1/4: $312 (progress: 25%)
2026-07-03 08:46:37,001 | INFO     | keeper.strategy      | TWAP chunk 3/4: $312 (progress: 75%)
2026-07-03 08:47:11,413 | INFO     | keeper.strategy      | TWAP chunk 2/4: $312 (progress: 50%)
2026-07-03 08:47:13,798 | INFO     | keeper.strategy      | TWAP chunk 4/4: $1,250 (progress: 100%)
2026-07-03 08:47:44,639 | INFO     | keeper.strategy      | TWAP chunk 3/4: $312 (progress: 75%)
2026-07-03 08:48:19,908 | INFO     | keeper.strategy      | TWAP chunk 4/4: $1,250 (progress: 100%)
2026-07-03 08:48:21,322 | INFO     | keeper.strategy      | TWAP order complete: avg price $0.0000
2026-07-03 08:48:21,322 | INFO     | keeper.strategy      | TWAP order created: $1,250 in 4 chunks of $312 every 6 blocks
2026-07-03 08:48:57,529 | INFO     | keeper.strategy      | TWAP chunk 1/4: $312 (progress: 25%)
2026-07-03 08:49:11,694 | INFO     | keeper.strategy      | TWAP order complete: avg price $0.0000
2026-07-03 08:49:11,695 | INFO     | keeper.strategy      | TWAP order created: $1,250 in 4 chunks of $312 every 6 blocks
2026-07-03 08:49:33,056 | INFO     | keeper.strategy      | TWAP chunk 2/4: $312 (progress: 50%)
2026-07-03 08:50:11,823 | INFO     | keeper.strategy      | TWAP chunk 1/4: $312 (progress: 25%)
2026-07-03 08:50:29,627 | INFO     | keeper.strategy      | TWAP chunk 3/4: $312 (progress: 75%)
2026-07-03 08:50:50,384 | INFO     | keeper.strategy      | TWAP chunk 2/4: $312 (progress: 50%)
2026-07-03 08:51:06,112 | INFO     | keeper.strategy      | TWAP chunk 4/4: $1,250 (progress: 100%)
2026-07-03 08:51:26,009 | INFO     | keeper.strategy      | TWAP chunk 3/4: $312 (progress: 75%)
2026-07-03 08:52:01,515 | INFO     | keeper.strategy      | TWAP order complete: avg price $0.0000
2026-07-03 08:52:01,515 | INFO     | keeper.strategy      | TWAP order created: $1,250 in 4 chunks of $312 every 6 blocks
2026-07-03 08:52:21,183 | INFO     | keeper.strategy      | TWAP chunk 4/4: $1,250 (progress: 100%)
2026-07-03 08:52:41,862 | INFO     | keeper.strategy      | TWAP chunk 1/4: $312 (progress: 25%)
2026-07-03 08:52:56,681 | INFO     | keeper.strategy      | TWAP order complete: avg price $0.0000
2026-07-03 08:52:56,681 | INFO     | keeper.strategy      | TWAP order created: $1,250 in 4 chunks of $312 every 6 blocks
2026-07-03 08:53:41,098 | INFO     | keeper.strategy      | TWAP chunk 2/4: $312 (progress: 50%)
2026-07-03 08:53:51,618 | INFO     | keeper.strategy      | TWAP chunk 1/4: $312 (progress: 25%)
2026-07-03 08:54:21,159 | INFO     | keeper.strategy      | TWAP chunk 3/4: $312 (progress: 75%)
2026-07-03 08:54:24,253 | INFO     | keeper.strategy      | TWAP chunk 2/4: $312 (progress: 50%)
2026-07-03 08:54:54,499 | INFO     | keeper.strategy      | TWAP chunk 4/4: $1,250 (progress: 100%)
2026-07-03 08:54:59,817 | INFO     | keeper.strategy      | TWAP chunk 3/4: $312 (progress: 75%)
2026-07-03 08:55:28,325 | INFO     | keeper.strategy      | TWAP order complete: avg price $0.0000
2026-07-03 08:55:28,325 | INFO     | keeper.strategy      | TWAP order created: $1,250 in 4 chunks of $312 every 6 blocks
2026-07-03 08:55:59,314 | INFO     | keeper.strategy      | TWAP chunk 4/4: $1,250 (progress: 100%)
2026-07-03 08:56:02,613 | INFO     | keeper.strategy      | TWAP chunk 1/4: $312 (progress: 25%)
2026-07-03 08:56:34,030 | INFO     | keeper.strategy      | TWAP order complete: avg price $0.0000
2026-07-03 08:56:34,030 | INFO     | keeper.strategy      | TWAP order created: $1,250 in 4 chunks of $312 every 6 blocks
2026-07-03 08:56:38,267 | INFO     | keeper.strategy      | TWAP chunk 2/4: $312 (progress: 50%)
2026-07-03 08:57:11,374 | INFO     | keeper.strategy      | TWAP chunk 1/4: $312 (progress: 25%)
2026-07-03 08:57:31,165 | INFO     | keeper.strategy      | TWAP chunk 3/4: $312 (progress: 75%)
2026-07-03 08:57:46,606 | INFO     | keeper.strategy      | TWAP chunk 2/4: $312 (progress: 50%)
2026-07-03 08:58:09,897 | INFO     | keeper.strategy      | TWAP chunk 4/4: $1,250 (progress: 100%)
2026-07-03 08:58:43,009 | INFO     | keeper.strategy      | TWAP chunk 3/4: $312 (progress: 75%)
2026-07-03 08:59:01,859 | INFO     | keeper.strategy      | TWAP order complete: avg price $0.0000
2026-07-03 08:59:01,860 | INFO     | keeper.strategy      | TWAP order created: $1,250 in 4 chunks of $312 every 6 blocks
2026-07-03 08:59:21,184 | INFO     | keeper.strategy      | TWAP chunk 4/4: $1,250 (progress: 100%)
2026-07-03 08:59:41,044 | INFO     | keeper.strategy      | TWAP chunk 1/4: $312 (progress: 25%)
2026-07-03 09:00:12,104 | INFO     | keeper.strategy      | TWAP order complete: avg price $0.0000
2026-07-03 09:00:12,104 | INFO     | keeper.strategy      | TWAP order created: $1,250 in 4 chunks of $312 every 6 blocks
2026-07-03 09:00:41,103 | INFO     | keeper.strategy      | TWAP chunk 2/4: $312 (progress: 50%)
2026-07-03 09:00:45,004 | INFO     | keeper.strategy      | TWAP chunk 1/4: $312 (progress: 25%)
2026-07-03 09:01:14,656 | INFO     | keeper.strategy      | TWAP chunk 3/4: $312 (progress: 75%)
2026-07-03 09:01:21,342 | INFO     | keeper.strategy      | TWAP chunk 2/4: $312 (progress: 50%)
2026-07-03 09:01:51,478 | INFO     | keeper.strategy      | TWAP chunk 4/4: $1,250 (progress: 100%)
2026-07-03 09:01:56,756 | INFO     | keeper.strategy      | TWAP chunk 3/4: $312 (progress: 75%)
2026-07-03 09:02:46,039 | INFO     | keeper.strategy      | TWAP order complete: avg price $0.0000
2026-07-03 09:02:46,039 | INFO     | keeper.strategy      | TWAP order created: $1,250 in 4 chunks of $312 every 6 blocks
2026-07-03 09:03:00,313 | INFO     | keeper.strategy      | TWAP chunk 4/4: $1,250 (progress: 100%)
2026-07-03 09:03:21,633 | INFO     | keeper.strategy      | TWAP chunk 1/4: $312 (progress: 25%)
2026-07-03 09:03:33,093 | INFO     | keeper.strategy      | TWAP order complete: avg price $0.0000
2026-07-03 09:03:33,093 | INFO     | keeper.strategy      | TWAP order created: $1,250 in 4 chunks of $312 every 6 blocks
2026-07-03 09:04:02,323 | INFO     | keeper.strategy      | TWAP chunk 2/4: $312 (progress: 50%)
2026-07-03 09:04:12,963 | INFO     | keeper.strategy      | TWAP chunk 1/4: $312 (progress: 25%)
2026-07-03 09:04:55,176 | INFO     | keeper.strategy      | TWAP chunk 3/4: $312 (progress: 75%)
2026-07-03 09:05:11,372 | INFO     | keeper.strategy      | TWAP chunk 2/4: $312 (progress: 50%)
2026-07-03 09:05:32,027 | INFO     | keeper.strategy      | TWAP chunk 4/4: $1,250 (progress: 100%)
2026-07-03 09:05:46,718 | INFO     | keeper.strategy      | TWAP chunk 3/4: $312 (progress: 75%)
2026-07-03 09:06:26,701 | INFO     | keeper.strategy      | TWAP order complete: avg price $0.0000
2026-07-03 09:06:26,701 | INFO     | keeper.strategy      | TWAP order created: $1,250 in 4 chunks of $312 every 6 blocks
2026-07-03 09:06:41,434 | INFO     | keeper.strategy      | TWAP chunk 4/4: $1,250 (progress: 100%)
2026-07-03 09:07:02,959 | INFO     | keeper.strategy      | TWAP chunk 1/4: $312 (progress: 25%)
2026-07-03 09:07:18,438 | INFO     | keeper.strategy      | TWAP order complete: avg price $0.0000
2026-07-03 09:07:18,438 | INFO     | keeper.strategy      | TWAP order created: $1,250 in 4 chunks of $312 every 6 blocks
2026-07-03 09:07:42,815 | INFO     | keeper.strategy      | TWAP chunk 2/4: $312 (progress: 50%)
2026-07-03 09:08:11,344 | INFO     | keeper.strategy      | TWAP chunk 1/4: $312 (progress: 25%)
2026-07-03 09:08:21,780 | INFO     | keeper.strategy      | TWAP chunk 3/4: $312 (progress: 75%)
2026-07-03 09:08:45,007 | INFO     | keeper.strategy      | TWAP chunk 2/4: $312 (progress: 50%)
2026-07-03 09:09:20,157 | INFO     | keeper.strategy      | TWAP chunk 4/4: $1,250 (progress: 100%)
2026-07-03 09:09:41,398 | INFO     | keeper.strategy      | TWAP chunk 3/4: $312 (progress: 75%)
2026-07-03 09:09:53,233 | INFO     | keeper.strategy      | TWAP order complete: avg price $0.0000
2026-07-03 09:09:53,233 | INFO     | keeper.strategy      | TWAP order created: $1,250 in 4 chunks of $312 every 6 blocks
2026-07-03 09:10:17,352 | INFO     | keeper.strategy      | TWAP chunk 4/4: $1,250 (progress: 100%)
2026-07-03 09:10:32,087 | INFO     | keeper.strategy      | TWAP chunk 1/4: $312 (progress: 25%)
2026-07-03 09:11:11,828 | INFO     | keeper.strategy      | TWAP order complete: avg price $0.0000
2026-07-03 09:11:11,828 | INFO     | keeper.strategy      | TWAP order created: $1,250 in 4 chunks of $312 every 6 blocks
2026-07-03 09:11:22,630 | INFO     | keeper.strategy      | TWAP chunk 2/4: $312 (progress: 50%)
2026-07-03 09:11:51,258 | INFO     | keeper.strategy      | TWAP chunk 1/4: $312 (progress: 25%)
2026-07-03 09:12:00,989 | INFO     | keeper.strategy      | TWAP chunk 3/4: $312 (progress: 75%)
2026-07-03 09:12:26,966 | INFO     | keeper.strategy      | TWAP chunk 2/4: $312 (progress: 50%)
2026-07-03 09:13:01,763 | INFO     | keeper.strategy      | TWAP chunk 4/4: $1,250 (progress: 100%)
2026-07-03 09:13:21,237 | INFO     | keeper.strategy      | TWAP chunk 3/4: $312 (progress: 75%)
2026-07-03 09:13:41,450 | INFO     | keeper.strategy      | TWAP order complete: avg price $0.0000
2026-07-03 09:13:41,450 | INFO     | keeper.strategy      | TWAP order created: $1,250 in 4 chunks of $312 every 6 blocks
2026-07-03 09:14:02,481 | INFO     | keeper.strategy      | TWAP chunk 4/4: $1,250 (progress: 100%)
2026-07-03 09:14:31,950 | INFO     | keeper.strategy      | TWAP chunk 1/4: $312 (progress: 25%)
2026-07-03 09:15:01,888 | INFO     | keeper.strategy      | TWAP order complete: avg price $0.0000
2026-07-03 09:15:01,888 | INFO     | keeper.strategy      | TWAP order created: $1,250 in 4 chunks of $312 every 6 blocks
2026-07-03 09:15:05,079 | INFO     | keeper.strategy      | TWAP chunk 2/4: $312 (progress: 50%)
2026-07-03 09:15:34,759 | INFO     | keeper.strategy      | TWAP chunk 1/4: $312 (progress: 25%)
2026-07-03 09:16:01,264 | INFO     | keeper.strategy      | TWAP chunk 3/4: $312 (progress: 75%)
2026-07-03 09:16:11,719 | INFO     | keeper.strategy      | TWAP chunk 2/4: $312 (progress: 50%)
2026-07-03 09:16:40,910 | INFO     | keeper.strategy      | TWAP chunk 4/4: $1,250 (progress: 100%)
2026-07-03 09:16:47,441 | INFO     | keeper.strategy      | TWAP chunk 3/4: $312 (progress: 75%)
2026-07-03 09:17:31,518 | INFO     | keeper.strategy      | TWAP order complete: avg price $0.0000
2026-07-03 09:17:31,518 | INFO     | keeper.strategy      | TWAP order created: $1,250 in 4 chunks of $312 every 6 blocks
2026-07-03 09:17:41,373 | INFO     | keeper.strategy      | TWAP chunk 4/4: $1,250 (progress: 100%)
2026-07-03 09:18:11,030 | INFO     | keeper.strategy      | TWAP chunk 1/4: $312 (progress: 25%)
2026-07-03 09:18:16,952 | INFO     | keeper.strategy      | TWAP order complete: avg price $0.0000
2026-07-03 09:18:16,952 | INFO     | keeper.strategy      | TWAP order created: $1,250 in 4 chunks of $312 every 6 blocks
2026-07-03 09:18:44,496 | INFO     | keeper.strategy      | TWAP chunk 2/4: $312 (progress: 50%)
2026-07-03 09:19:20,987 | INFO     | keeper.strategy      | TWAP chunk 1/4: $312 (progress: 25%)
2026-07-03 09:19:42,807 | INFO     | keeper.strategy      | TWAP chunk 3/4: $312 (progress: 75%)
2026-07-03 09:19:56,214 | INFO     | keeper.strategy      | TWAP chunk 2/4: $312 (progress: 50%)
2026-07-03 09:20:21,829 | INFO     | keeper.strategy      | TWAP chunk 4/4: $1,250 (progress: 100%)
2026-07-03 09:20:52,478 | INFO     | keeper.strategy      | TWAP chunk 3/4: $312 (progress: 75%)
2026-07-03 09:21:19,142 | INFO     | keeper.strategy      | TWAP order complete: avg price $0.0000
2026-07-03 09:21:19,142 | INFO     | keeper.strategy      | TWAP order created: $1,250 in 4 chunks of $312 every 6 blocks
2026-07-03 09:21:28,619 | INFO     | keeper.strategy      | TWAP chunk 4/4: $1,250 (progress: 100%)
2026-07-03 09:21:56,465 | INFO     | keeper.strategy      | TWAP chunk 1/4: $312 (progress: 25%)
2026-07-03 09:22:03,970 | INFO     | keeper.strategy      | TWAP order complete: avg price $0.0000
2026-07-03 09:22:03,970 | INFO     | keeper.strategy      | TWAP order created: $1,250 in 4 chunks of $312 every 6 blocks
2026-07-03 09:22:31,917 | INFO     | keeper.strategy      | TWAP chunk 2/4: $312 (progress: 50%)
2026-07-03 09:22:41,135 | INFO     | keeper.strategy      | TWAP chunk 1/4: $312 (progress: 25%)
2026-07-03 09:23:07,245 | INFO     | keeper.strategy      | TWAP chunk 3/4: $312 (progress: 75%)
2026-07-03 09:23:16,486 | INFO     | keeper.strategy      | TWAP chunk 2/4: $312 (progress: 50%)
2026-07-03 09:24:02,263 | INFO     | keeper.strategy      | TWAP chunk 4/4: $1,250 (progress: 100%)
2026-07-03 09:24:11,369 | INFO     | keeper.strategy      | TWAP chunk 3/4: $312 (progress: 75%)
2026-07-03 09:24:40,945 | INFO     | keeper.strategy      | TWAP order complete: avg price $0.0000
2026-07-03 09:24:40,945 | INFO     | keeper.strategy      | TWAP order created: $1,250 in 4 chunks of $312 every 6 blocks
2026-07-03 09:24:44,152 | INFO     | keeper.strategy      | TWAP chunk 4/4: $1,250 (progress: 100%)
2026-07-03 09:25:13,984 | INFO     | keeper.strategy      | TWAP chunk 1/4: $312 (progress: 25%)
2026-07-03 09:25:22,358 | INFO     | keeper.strategy      | TWAP order complete: avg price $0.0000
2026-07-03 09:25:22,358 | INFO     | keeper.strategy      | TWAP order created: $1,250 in 4 chunks of $312 every 6 blocks
2026-07-03 09:25:46,620 | INFO     | keeper.strategy      | TWAP chunk 2/4: $312 (progress: 50%)
2026-07-03 09:26:17,278 | INFO     | keeper.strategy      | TWAP chunk 1/4: $312 (progress: 25%)
2026-07-03 09:26:39,523 | INFO     | keeper.strategy      | TWAP chunk 3/4: $312 (progress: 75%)
2026-07-03 09:26:53,004 | INFO     | keeper.strategy      | TWAP chunk 2/4: $312 (progress: 50%)
2026-07-03 09:27:12,679 | INFO     | keeper.strategy      | TWAP chunk 4/4: $1,250 (progress: 100%)
2026-07-03 09:27:31,013 | INFO     | keeper.strategy      | TWAP chunk 3/4: $312 (progress: 75%)
2026-07-03 09:27:51,235 | INFO     | keeper.strategy      | TWAP order complete: avg price $0.0000
2026-07-03 09:27:51,235 | INFO     | keeper.strategy      | TWAP order created: $1,250 in 4 chunks of $312 every 6 blocks
2026-07-03 09:28:29,202 | INFO     | keeper.strategy      | TWAP chunk 4/4: $1,250 (progress: 100%)
2026-07-03 09:28:41,089 | INFO     | keeper.strategy      | TWAP chunk 1/4: $312 (progress: 25%)
2026-07-03 09:29:02,888 | INFO     | keeper.strategy      | TWAP order complete: avg price $0.0000
2026-07-03 09:29:02,888 | INFO     | keeper.strategy      | TWAP order created: $1,250 in 4 chunks of $312 every 6 blocks
2026-07-03 09:29:14,613 | INFO     | keeper.strategy      | TWAP chunk 2/4: $312 (progress: 50%)
2026-07-03 09:29:41,332 | INFO     | keeper.strategy      | TWAP chunk 1/4: $312 (progress: 25%)
2026-07-03 09:29:52,129 | INFO     | keeper.strategy      | TWAP chunk 3/4: $312 (progress: 75%)
2026-07-03 09:30:35,781 | INFO     | keeper.strategy      | TWAP chunk 2/4: $312 (progress: 50%)
2026-07-03 09:30:47,164 | INFO     | keeper.strategy      | TWAP chunk 4/4: $1,250 (progress: 100%)
2026-07-03 09:31:11,902 | INFO     | keeper.strategy      | TWAP chunk 3/4: $312 (progress: 75%)
2026-07-03 09:31:26,567 | INFO     | keeper.strategy      | TWAP order complete: avg price $0.0000
2026-07-03 09:31:26,568 | INFO     | keeper.strategy      | TWAP order created: $1,250 in 4 chunks of $312 every 6 blocks
2026-07-03 09:31:51,430 | INFO     | keeper.strategy      | TWAP chunk 4/4: $1,250 (progress: 100%)
2026-07-03 09:32:21,009 | INFO     | keeper.strategy      | TWAP chunk 1/4: $312 (progress: 25%)
2026-07-03 09:32:47,366 | INFO     | keeper.strategy      | TWAP order complete: avg price $0.0000
2026-07-03 09:32:47,366 | INFO     | keeper.strategy      | TWAP order created: $1,250 in 4 chunks of $312 every 6 blocks
2026-07-03 09:32:56,454 | INFO     | keeper.strategy      | TWAP chunk 2/4: $312 (progress: 50%)
2026-07-03 09:33:22,912 | INFO     | keeper.strategy      | TWAP chunk 1/4: $312 (progress: 25%)
2026-07-03 09:33:36,462 | INFO     | keeper.strategy      | TWAP chunk 3/4: $312 (progress: 75%)
2026-07-03 09:34:13,130 | INFO     | keeper.strategy      | TWAP chunk 4/4: $1,250 (progress: 100%)
2026-07-03 09:34:20,541 | INFO     | keeper.strategy      | TWAP chunk 2/4: $312 (progress: 50%)
2026-07-03 09:34:52,416 | INFO     | keeper.strategy      | TWAP order complete: avg price $0.0000
2026-07-03 09:34:52,416 | INFO     | keeper.strategy      | TWAP order created: $1,250 in 4 chunks of $312 every 6 blocks
2026-07-03 09:34:53,647 | INFO     | keeper.strategy      | TWAP chunk 3/4: $312 (progress: 75%)
2026-07-03 09:35:31,727 | INFO     | keeper.strategy      | TWAP chunk 4/4: $1,250 (progress: 100%)
2026-07-03 09:35:43,207 | INFO     | keeper.strategy      | TWAP chunk 1/4: $312 (progress: 25%)
2026-07-03 09:36:11,945 | INFO     | keeper.strategy      | TWAP order complete: avg price $0.0000
2026-07-03 09:36:11,945 | INFO     | keeper.strategy      | TWAP order created: $1,250 in 4 chunks of $312 every 6 blocks
2026-07-03 09:36:21,760 | INFO     | keeper.strategy      | TWAP chunk 2/4: $312 (progress: 50%)
2026-07-03 09:37:03,298 | INFO     | keeper.strategy      | TWAP chunk 3/4: $312 (progress: 75%)
2026-07-03 09:37:09,423 | INFO     | keeper.strategy      | TWAP chunk 1/4: $312 (progress: 25%)
2026-07-03 09:37:43,085 | INFO     | keeper.strategy      | TWAP chunk 2/4: $312 (progress: 50%)
2026-07-03 09:38:00,950 | INFO     | keeper.strategy      | TWAP chunk 4/4: $1,250 (progress: 100%)
2026-07-03 09:38:36,445 | INFO     | keeper.strategy      | TWAP order complete: avg price $0.0000
2026-07-03 09:38:36,446 | INFO     | keeper.strategy      | TWAP order created: $1,250 in 4 chunks of $312 every 6 blocks
2026-07-03 09:38:41,831 | INFO     | keeper.strategy      | TWAP chunk 3/4: $312 (progress: 75%)
2026-07-03 09:39:21,241 | INFO     | keeper.strategy      | TWAP chunk 4/4: $1,250 (progress: 100%)
2026-07-03 09:39:31,182 | INFO     | keeper.strategy      | TWAP chunk 1/4: $312 (progress: 25%)
2026-07-03 09:40:03,868 | INFO     | keeper.strategy      | TWAP chunk 2/4: $312 (progress: 50%)
2026-07-03 09:40:20,853 | INFO     | keeper.strategy      | TWAP order complete: avg price $0.0000
2026-07-03 09:40:20,853 | INFO     | keeper.strategy      | TWAP order created: $1,250 in 4 chunks of $312 every 6 blocks
2026-07-03 09:40:54,369 | INFO     | keeper.strategy      | TWAP chunk 1/4: $312 (progress: 25%)
2026-07-03 09:41:01,763 | INFO     | keeper.strategy      | TWAP chunk 3/4: $312 (progress: 75%)
2026-07-03 09:41:32,498 | INFO     | keeper.strategy      | TWAP chunk 2/4: $312 (progress: 50%)
2026-07-03 09:41:41,281 | INFO     | keeper.strategy      | TWAP chunk 4/4: $1,250 (progress: 100%)
2026-07-03 09:42:26,812 | INFO     | keeper.strategy      | TWAP chunk 3/4: $312 (progress: 75%)
2026-07-03 09:42:41,164 | INFO     | keeper.strategy      | TWAP order complete: avg price $0.0000
2026-07-03 09:42:41,164 | INFO     | keeper.strategy      | TWAP order created: $1,250 in 4 chunks of $312 every 6 blocks
2026-07-03 09:43:02,370 | INFO     | keeper.strategy      | TWAP chunk 4/4: $1,250 (progress: 100%)
2026-07-03 09:43:16,838 | INFO     | keeper.strategy      | TWAP chunk 1/4: $312 (progress: 25%)
2026-07-03 09:43:41,116 | INFO     | keeper.strategy      | TWAP order complete: avg price $0.0000
2026-07-03 09:43:41,116 | INFO     | keeper.strategy      | TWAP order created: $1,250 in 4 chunks of $312 every 6 blocks
2026-07-03 09:44:12,140 | INFO     | keeper.strategy      | TWAP chunk 2/4: $312 (progress: 50%)
2026-07-03 09:44:38,667 | INFO     | keeper.strategy      | TWAP chunk 1/4: $312 (progress: 25%)
2026-07-03 09:44:47,755 | INFO     | keeper.strategy      | TWAP chunk 3/4: $312 (progress: 75%)
2026-07-03 09:45:13,214 | INFO     | keeper.strategy      | TWAP chunk 2/4: $312 (progress: 50%)
2026-07-03 09:45:42,070 | INFO     | keeper.strategy      | TWAP chunk 4/4: $1,250 (progress: 100%)
2026-07-03 09:45:51,268 | INFO     | keeper.strategy      | TWAP chunk 3/4: $312 (progress: 75%)
2026-07-03 09:46:15,149 | INFO     | keeper.strategy      | TWAP order complete: avg price $0.0000
2026-07-03 09:46:15,149 | INFO     | keeper.strategy      | TWAP order created: $1,250 in 4 chunks of $312 every 6 blocks
2026-07-03 09:46:45,667 | INFO     | keeper.strategy      | TWAP chunk 4/4: $1,250 (progress: 100%)
2026-07-03 09:46:52,329 | INFO     | keeper.strategy      | TWAP chunk 1/4: $312 (progress: 25%)
2026-07-03 09:47:22,836 | INFO     | keeper.strategy      | TWAP order complete: avg price $0.0000
2026-07-03 09:47:22,836 | INFO     | keeper.strategy      | TWAP order created: $1,250 in 4 chunks of $312 every 6 blocks
2026-07-03 09:47:25,122 | INFO     | keeper.strategy      | TWAP chunk 2/4: $312 (progress: 50%)
2026-07-03 09:47:56,510 | INFO     | keeper.strategy      | TWAP chunk 1/4: $312 (progress: 25%)
2026-07-03 09:48:29,128 | INFO     | keeper.strategy      | TWAP chunk 3/4: $312 (progress: 75%)
2026-07-03 09:48:51,287 | INFO     | keeper.strategy      | TWAP chunk 2/4: $312 (progress: 50%)
2026-07-03 09:49:05,429 | INFO     | keeper.strategy      | TWAP chunk 4/4: $1,250 (progress: 100%)
2026-07-03 09:49:31,091 | INFO     | keeper.strategy      | TWAP chunk 3/4: $312 (progress: 75%)
2026-07-03 09:50:00,921 | INFO     | keeper.strategy      | TWAP order complete: avg price $0.0000
2026-07-03 09:50:00,921 | INFO     | keeper.strategy      | TWAP order created: $1,250 in 4 chunks of $312 every 6 blocks
2026-07-03 09:50:27,237 | INFO     | keeper.strategy      | TWAP chunk 4/4: $1,250 (progress: 100%)
2026-07-03 09:50:40,455 | INFO     | keeper.strategy      | TWAP chunk 1/4: $312 (progress: 25%)
2026-07-03 09:51:03,366 | INFO     | keeper.strategy      | TWAP order complete: avg price $0.0000
2026-07-03 09:51:03,366 | INFO     | keeper.strategy      | TWAP order created: $1,250 in 4 chunks of $312 every 6 blocks
2026-07-03 09:51:31,908 | INFO     | keeper.strategy      | TWAP chunk 2/4: $312 (progress: 50%)
2026-07-03 09:51:36,600 | INFO     | keeper.strategy      | TWAP chunk 1/4: $312 (progress: 25%)
2026-07-03 09:52:04,678 | INFO     | keeper.strategy      | TWAP chunk 3/4: $312 (progress: 75%)
2026-07-03 09:52:31,827 | INFO     | keeper.strategy      | TWAP chunk 2/4: $312 (progress: 50%)
2026-07-03 09:52:41,500 | INFO     | keeper.strategy      | TWAP chunk 4/4: $1,250 (progress: 100%)
2026-07-03 09:53:11,542 | INFO     | keeper.strategy      | TWAP chunk 3/4: $312 (progress: 75%)
2026-07-03 09:53:17,266 | INFO     | keeper.strategy      | TWAP order complete: avg price $0.0000
2026-07-03 09:53:17,267 | INFO     | keeper.strategy      | TWAP order created: $1,250 in 4 chunks of $312 every 6 blocks
2026-07-03 09:54:06,054 | INFO     | keeper.strategy      | TWAP chunk 4/4: $1,250 (progress: 100%)
2026-07-03 09:54:12,278 | INFO     | keeper.strategy      | TWAP chunk 1/4: $312 (progress: 25%)
2026-07-03 09:54:41,724 | INFO     | keeper.strategy      | TWAP order complete: avg price $0.0000
2026-07-03 09:54:41,724 | INFO     | keeper.strategy      | TWAP order created: $1,250 in 4 chunks of $312 every 6 blocks
2026-07-03 09:54:48,340 | INFO     | keeper.strategy      | TWAP chunk 2/4: $312 (progress: 50%)
2026-07-03 09:55:14,395 | INFO     | keeper.strategy      | TWAP chunk 1/4: $312 (progress: 25%)
2026-07-03 09:55:47,575 | INFO     | keeper.strategy      | TWAP chunk 3/4: $312 (progress: 75%)
2026-07-03 09:55:52,562 | INFO     | keeper.strategy      | TWAP chunk 2/4: $312 (progress: 50%)
2026-07-03 09:56:23,271 | INFO     | keeper.strategy      | TWAP chunk 4/4: $1,250 (progress: 100%)
2026-07-03 09:56:49,826 | INFO     | keeper.strategy      | TWAP chunk 3/4: $312 (progress: 75%)
2026-07-03 09:56:56,003 | INFO     | keeper.strategy      | TWAP order complete: avg price $0.0000
2026-07-03 09:56:56,003 | INFO     | keeper.strategy      | TWAP order created: $1,250 in 4 chunks of $312 every 6 blocks
2026-07-03 09:57:22,574 | INFO     | keeper.strategy      | TWAP chunk 4/4: $1,250 (progress: 100%)
2026-07-03 09:57:32,046 | INFO     | keeper.strategy      | TWAP chunk 1/4: $312 (progress: 25%)
2026-07-03 09:58:02,021 | INFO     | keeper.strategy      | TWAP order complete: avg price $0.0000
2026-07-03 09:58:02,021 | INFO     | keeper.strategy      | TWAP order created: $1,250 in 4 chunks of $312 every 6 blocks
2026-07-03 09:58:10,905 | INFO     | keeper.strategy      | TWAP chunk 2/4: $312 (progress: 50%)
2026-07-03 09:58:37,668 | INFO     | keeper.strategy      | TWAP chunk 1/4: $312 (progress: 25%)
2026-07-03 09:59:11,191 | INFO     | keeper.strategy      | TWAP chunk 3/4: $312 (progress: 75%)
2026-07-03 09:59:39,690 | INFO     | keeper.strategy      | TWAP chunk 2/4: $312 (progress: 50%)
2026-07-03 09:59:44,242 | INFO     | keeper.strategy      | TWAP chunk 4/4: $1,250 (progress: 100%)
2026-07-03 10:00:13,556 | INFO     | keeper.strategy      | TWAP chunk 3/4: $312 (progress: 75%)
2026-07-03 10:00:22,618 | INFO     | keeper.strategy      | TWAP order complete: avg price $0.0000
2026-07-03 10:00:22,618 | INFO     | keeper.strategy      | TWAP order created: $1,250 in 4 chunks of $312 every 6 blocks
2026-07-03 10:01:01,594 | INFO     | keeper.strategy      | TWAP chunk 1/4: $312 (progress: 25%)
2026-07-03 10:01:06,071 | INFO     | keeper.strategy      | TWAP chunk 4/4: $1,250 (progress: 100%)
2026-07-03 10:01:41,755 | INFO     | keeper.strategy      | TWAP order complete: avg price $0.0000
2026-07-03 10:01:41,755 | INFO     | keeper.strategy      | TWAP order created: $1,250 in 4 chunks of $312 every 6 blocks
2026-07-03 10:01:51,884 | INFO     | keeper.strategy      | TWAP chunk 2/4: $312 (progress: 50%)
2026-07-03 10:02:31,569 | INFO     | keeper.strategy      | TWAP chunk 3/4: $312 (progress: 75%)
2026-07-03 10:02:36,284 | INFO     | keeper.strategy      | TWAP chunk 1/4: $312 (progress: 25%)
2026-07-03 10:03:11,718 | INFO     | keeper.strategy      | TWAP chunk 2/4: $312 (progress: 50%)
2026-07-03 10:03:25,432 | INFO     | keeper.strategy      | TWAP chunk 4/4: $1,250 (progress: 100%)
2026-07-03 10:04:05,920 | INFO     | keeper.strategy      | TWAP order complete: avg price $0.0000
2026-07-03 10:04:05,920 | INFO     | keeper.strategy      | TWAP order created: $1,250 in 4 chunks of $312 every 6 blocks
2026-07-03 10:04:11,656 | INFO     | keeper.strategy      | TWAP chunk 3/4: $312 (progress: 75%)
2026-07-03 10:05:01,699 | INFO     | keeper.strategy      | TWAP chunk 1/4: $312 (progress: 25%)
2026-07-03 10:05:09,495 | INFO     | keeper.strategy      | TWAP chunk 4/4: $1,250 (progress: 100%)
2026-07-03 10:05:41,141 | INFO     | keeper.strategy      | TWAP chunk 2/4: $312 (progress: 50%)
2026-07-03 10:05:42,641 | INFO     | keeper.strategy      | TWAP order complete: avg price $0.0000
2026-07-03 10:05:42,641 | INFO     | keeper.strategy      | TWAP order created: $1,250 in 4 chunks of $312 every 6 blocks
2026-07-03 10:06:32,429 | INFO     | keeper.strategy      | TWAP chunk 3/4: $312 (progress: 75%)
2026-07-03 10:06:43,347 | INFO     | keeper.strategy      | TWAP chunk 1/4: $312 (progress: 25%)
2026-07-03 10:07:11,103 | INFO     | keeper.strategy      | TWAP chunk 4/4: $1,250 (progress: 100%)
2026-07-03 10:07:22,255 | INFO     | keeper.strategy      | TWAP chunk 2/4: $312 (progress: 50%)
2026-07-03 10:08:02,178 | INFO     | keeper.strategy      | TWAP order complete: avg price $0.0000
2026-07-03 10:08:02,178 | INFO     | keeper.strategy      | TWAP order created: $1,250 in 4 chunks of $312 every 6 blocks
2026-07-03 10:08:14,578 | INFO     | keeper.strategy      | TWAP chunk 3/4: $312 (progress: 75%)
2026-07-03 10:08:51,910 | INFO     | keeper.strategy      | TWAP chunk 4/4: $1,250 (progress: 100%)
2026-07-03 10:08:59,182 | INFO     | keeper.strategy      | TWAP chunk 1/4: $312 (progress: 25%)
2026-07-03 10:09:31,538 | INFO     | keeper.strategy      | TWAP order complete: avg price $0.0000
2026-07-03 10:09:31,538 | INFO     | keeper.strategy      | TWAP order created: $1,250 in 4 chunks of $312 every 6 blocks
2026-07-03 10:09:34,030 | INFO     | keeper.strategy      | TWAP chunk 2/4: $312 (progress: 50%)
2026-07-03 10:10:27,203 | INFO     | keeper.strategy      | TWAP chunk 3/4: $312 (progress: 75%)
2026-07-03 10:10:30,861 | INFO     | keeper.strategy      | TWAP chunk 1/4: $312 (progress: 25%)
2026-07-03 10:11:06,283 | INFO     | keeper.strategy      | TWAP chunk 4/4: $1,250 (progress: 100%)
2026-07-03 10:11:06,928 | INFO     | keeper.strategy      | TWAP chunk 2/4: $312 (progress: 50%)
2026-07-03 10:11:41,999 | INFO     | keeper.strategy      | TWAP order complete: avg price $0.0000
2026-07-03 10:11:41,999 | INFO     | keeper.strategy      | TWAP order created: $1,250 in 4 chunks of $312 every 6 blocks
2026-07-03 10:12:01,272 | INFO     | keeper.strategy      | TWAP chunk 3/4: $312 (progress: 75%)
2026-07-03 10:12:21,441 | INFO     | keeper.strategy      | TWAP chunk 1/4: $312 (progress: 25%)
2026-07-03 10:12:36,570 | INFO     | keeper.strategy      | TWAP chunk 4/4: $1,250 (progress: 100%)
2026-07-03 10:12:57,009 | INFO     | keeper.strategy      | TWAP chunk 2/4: $312 (progress: 50%)
2026-07-03 10:13:29,672 | INFO     | keeper.strategy      | TWAP order complete: avg price $0.0000
2026-07-03 10:13:29,673 | INFO     | keeper.strategy      | TWAP order created: $1,250 in 4 chunks of $312 every 6 blocks
2026-07-03 10:13:51,766 | INFO     | keeper.strategy      | TWAP chunk 3/4: $312 (progress: 75%)
2026-07-03 10:14:05,778 | INFO     | keeper.strategy      | TWAP chunk 1/4: $312 (progress: 25%)
2026-07-03 10:14:31,654 | INFO     | keeper.strategy      | TWAP chunk 4/4: $1,250 (progress: 100%)
2026-07-03 10:14:41,915 | INFO     | keeper.strategy      | TWAP chunk 2/4: $312 (progress: 50%)
2026-07-03 10:15:22,278 | INFO     | keeper.strategy      | TWAP chunk 3/4: $312 (progress: 75%)
2026-07-03 10:15:31,159 | INFO     | keeper.strategy      | TWAP order complete: avg price $0.0000
2026-07-03 10:15:31,160 | INFO     | keeper.strategy      | TWAP order created: $1,250 in 4 chunks of $312 every 6 blocks
2026-07-03 10:16:03,857 | INFO     | keeper.strategy      | TWAP chunk 1/4: $312 (progress: 25%)
2026-07-03 10:16:22,124 | INFO     | keeper.strategy      | TWAP chunk 4/4: $1,250 (progress: 100%)
2026-07-03 10:17:01,128 | INFO     | keeper.strategy      | TWAP chunk 2/4: $312 (progress: 50%)
2026-07-03 10:17:02,180 | INFO     | keeper.strategy      | TWAP order complete: avg price $0.0000
2026-07-03 10:17:02,180 | INFO     | keeper.strategy      | TWAP order created: $1,250 in 4 chunks of $312 every 6 blocks
2026-07-03 10:17:33,766 | INFO     | keeper.strategy      | TWAP chunk 3/4: $312 (progress: 75%)
2026-07-03 10:17:59,127 | INFO     | keeper.strategy      | TWAP chunk 1/4: $312 (progress: 25%)
2026-07-03 10:18:06,537 | INFO     | keeper.strategy      | TWAP chunk 4/4: $1,250 (progress: 100%)
2026-07-03 10:18:32,837 | INFO     | keeper.strategy      | TWAP chunk 2/4: $312 (progress: 50%)
2026-07-03 10:18:41,765 | INFO     | keeper.strategy      | TWAP order complete: avg price $0.0000
2026-07-03 10:18:41,766 | INFO     | keeper.strategy      | TWAP order created: $1,250 in 4 chunks of $312 every 6 blocks
2026-07-03 10:19:10,495 | INFO     | keeper.strategy      | TWAP chunk 3/4: $312 (progress: 75%)
2026-07-03 10:19:21,723 | INFO     | keeper.strategy      | TWAP chunk 1/4: $312 (progress: 25%)
2026-07-03 10:20:01,539 | INFO     | keeper.strategy      | TWAP chunk 4/4: $1,250 (progress: 100%)
2026-07-03 10:20:19,889 | INFO     | keeper.strategy      | TWAP chunk 2/4: $312 (progress: 50%)
2026-07-03 10:20:36,799 | INFO     | keeper.strategy      | TWAP order complete: avg price $0.0000
2026-07-03 10:20:36,799 | INFO     | keeper.strategy      | TWAP order created: $1,250 in 4 chunks of $312 every 6 blocks
2026-07-03 10:20:52,543 | INFO     | keeper.strategy      | TWAP chunk 3/4: $312 (progress: 75%)
2026-07-03 10:21:31,303 | INFO     | keeper.strategy      | TWAP chunk 1/4: $312 (progress: 25%)
2026-07-03 10:21:32,775 | INFO     | keeper.strategy      | TWAP chunk 4/4: $1,250 (progress: 100%)
2026-07-03 10:22:04,850 | INFO     | keeper.strategy      | TWAP chunk 2/4: $312 (progress: 50%)
2026-07-03 10:22:31,093 | INFO     | keeper.strategy      | TWAP order complete: avg price $0.0000
2026-07-03 10:22:31,093 | INFO     | keeper.strategy      | TWAP order created: $1,250 in 4 chunks of $312 every 6 blocks
2026-07-03 10:22:41,039 | INFO     | keeper.strategy      | TWAP chunk 3/4: $312 (progress: 75%)
2026-07-03 10:23:06,532 | INFO     | keeper.strategy      | TWAP chunk 1/4: $312 (progress: 25%)
2026-07-03 10:23:13,732 | INFO     | keeper.strategy      | TWAP chunk 4/4: $1,250 (progress: 100%)
2026-07-03 10:23:41,779 | INFO     | keeper.strategy      | TWAP chunk 2/4: $312 (progress: 50%)
2026-07-03 10:23:52,832 | INFO     | keeper.strategy      | TWAP order complete: avg price $0.0000
2026-07-03 10:23:52,832 | INFO     | keeper.strategy      | TWAP order created: $1,250 in 4 chunks of $312 every 6 blocks
2026-07-03 10:24:15,036 | INFO     | keeper.strategy      | TWAP chunk 3/4: $312 (progress: 75%)
2026-07-03 10:24:51,763 | INFO     | keeper.strategy      | TWAP chunk 1/4: $312 (progress: 25%)
2026-07-03 10:25:10,904 | INFO     | keeper.strategy      | TWAP chunk 4/4: $1,250 (progress: 100%)
2026-07-03 10:25:31,310 | INFO     | keeper.strategy      | TWAP chunk 2/4: $312 (progress: 50%)
2026-07-03 10:25:52,510 | INFO     | keeper.strategy      | TWAP order complete: avg price $0.0000
2026-07-03 10:25:52,511 | INFO     | keeper.strategy      | TWAP order created: $1,250 in 4 chunks of $312 every 6 blocks
2026-07-03 10:26:22,306 | INFO     | keeper.strategy      | TWAP chunk 3/4: $312 (progress: 75%)
2026-07-03 10:26:49,547 | INFO     | keeper.strategy      | TWAP chunk 1/4: $312 (progress: 25%)
2026-07-03 10:26:57,867 | INFO     | keeper.strategy      | TWAP chunk 4/4: $1,250 (progress: 100%)
2026-07-03 10:27:22,621 | INFO     | keeper.strategy      | TWAP chunk 2/4: $312 (progress: 50%)
2026-07-03 10:27:33,403 | INFO     | keeper.strategy      | TWAP order complete: avg price $0.0000
2026-07-03 10:27:33,403 | INFO     | keeper.strategy      | TWAP order created: $1,250 in 4 chunks of $312 every 6 blocks
2026-07-03 10:28:11,731 | INFO     | keeper.strategy      | TWAP chunk 1/4: $312 (progress: 25%)
2026-07-03 10:28:16,262 | INFO     | keeper.strategy      | TWAP chunk 3/4: $312 (progress: 75%)
2026-07-03 10:28:51,630 | INFO     | keeper.strategy      | TWAP chunk 4/4: $1,250 (progress: 100%)
2026-07-03 10:29:02,976 | INFO     | keeper.strategy      | TWAP chunk 2/4: $312 (progress: 50%)
2026-07-03 10:29:32,183 | INFO     | keeper.strategy      | TWAP order complete: avg price $0.0000
2026-07-03 10:29:32,183 | INFO     | keeper.strategy      | TWAP order created: $1,250 in 4 chunks of $312 every 6 blocks
2026-07-03 10:29:42,022 | INFO     | keeper.strategy      | TWAP chunk 3/4: $312 (progress: 75%)
2026-07-03 10:30:21,629 | INFO     | keeper.strategy      | TWAP chunk 4/4: $1,250 (progress: 100%)
2026-07-03 10:30:29,743 | INFO     | keeper.strategy      | TWAP chunk 1/4: $312 (progress: 25%)
2026-07-03 10:31:02,519 | INFO     | keeper.strategy      | TWAP chunk 2/4: $312 (progress: 50%)
2026-07-03 10:31:11,662 | INFO     | keeper.strategy      | TWAP order complete: avg price $0.0000
2026-07-03 10:31:11,663 | INFO     | keeper.strategy      | TWAP order created: $1,250 in 4 chunks of $312 every 6 blocks
2026-07-03 10:31:42,389 | INFO     | keeper.strategy      | TWAP chunk 3/4: $312 (progress: 75%)
2026-07-03 10:31:47,182 | INFO     | keeper.strategy      | TWAP chunk 1/4: $312 (progress: 25%)
2026-07-03 10:32:39,717 | INFO     | keeper.strategy      | TWAP chunk 4/4: $1,250 (progress: 100%)
2026-07-03 10:32:46,726 | INFO     | keeper.strategy      | TWAP chunk 2/4: $312 (progress: 50%)
2026-07-03 10:33:12,547 | INFO     | keeper.strategy      | TWAP order complete: avg price $0.0000
2026-07-03 10:33:12,547 | INFO     | keeper.strategy      | TWAP order created: $1,250 in 4 chunks of $312 every 6 blocks
2026-07-03 10:33:23,162 | INFO     | keeper.strategy      | TWAP chunk 3/4: $312 (progress: 75%)
2026-07-03 10:33:51,075 | INFO     | keeper.strategy      | TWAP chunk 1/4: $312 (progress: 25%)
2026-07-03 10:34:01,759 | INFO     | keeper.strategy      | TWAP chunk 4/4: $1,250 (progress: 100%)
2026-07-03 10:34:41,956 | INFO     | keeper.strategy      | TWAP chunk 2/4: $312 (progress: 50%)
2026-07-03 10:35:00,858 | INFO     | keeper.strategy      | TWAP order complete: avg price $0.0000
2026-07-03 10:35:00,858 | INFO     | keeper.strategy      | TWAP order created: $1,250 in 4 chunks of $312 every 6 blocks
2026-07-03 10:35:36,285 | INFO     | keeper.strategy      | TWAP chunk 1/4: $312 (progress: 25%)
2026-07-03 10:35:42,577 | INFO     | keeper.strategy      | TWAP chunk 3/4: $312 (progress: 75%)
2026-07-03 10:36:12,172 | INFO     | keeper.strategy      | TWAP chunk 2/4: $312 (progress: 50%)
2026-07-03 10:36:20,487 | INFO     | keeper.strategy      | TWAP chunk 4/4: $1,250 (progress: 100%)
2026-07-03 10:37:09,607 | INFO     | keeper.strategy      | TWAP chunk 3/4: $312 (progress: 75%)
2026-07-03 10:37:21,876 | INFO     | keeper.strategy      | TWAP order complete: avg price $0.0000
2026-07-03 10:37:21,876 | INFO     | keeper.strategy      | TWAP order created: $1,250 in 4 chunks of $312 every 6 blocks
2026-07-03 10:37:49,289 | INFO     | keeper.strategy      | TWAP chunk 4/4: $1,250 (progress: 100%)
2026-07-03 10:38:01,361 | INFO     | keeper.strategy      | TWAP chunk 1/4: $312 (progress: 25%)
2026-07-03 10:38:22,444 | INFO     | keeper.strategy      | TWAP order complete: avg price $0.0000
2026-07-03 10:38:22,444 | INFO     | keeper.strategy      | TWAP order created: $1,250 in 4 chunks of $312 every 6 blocks
2026-07-03 10:38:54,930 | INFO     | keeper.strategy      | TWAP chunk 2/4: $312 (progress: 50%)
2026-07-03 10:39:21,151 | INFO     | keeper.strategy      | TWAP chunk 1/4: $312 (progress: 25%)
2026-07-03 10:39:32,238 | INFO     | keeper.strategy      | TWAP chunk 3/4: $312 (progress: 75%)
2026-07-03 10:39:56,533 | INFO     | keeper.strategy      | TWAP chunk 2/4: $312 (progress: 50%)
2026-07-03 10:40:11,004 | INFO     | keeper.strategy      | TWAP chunk 4/4: $1,250 (progress: 100%)
2026-07-03 10:40:51,878 | INFO     | keeper.strategy      | TWAP chunk 3/4: $312 (progress: 75%)
2026-07-03 10:41:01,741 | INFO     | keeper.strategy      | TWAP order complete: avg price $0.0000
2026-07-03 10:41:01,742 | INFO     | keeper.strategy      | TWAP order created: $1,250 in 4 chunks of $312 every 6 blocks
2026-07-03 10:41:31,417 | INFO     | keeper.strategy      | TWAP chunk 4/4: $1,250 (progress: 100%)
2026-07-03 10:41:39,643 | INFO     | keeper.strategy      | TWAP chunk 1/4: $312 (progress: 25%)
2026-07-03 10:42:26,585 | INFO     | keeper.strategy      | TWAP order complete: avg price $0.0000
2026-07-03 10:42:26,585 | INFO     | keeper.strategy      | TWAP order created: $1,250 in 4 chunks of $312 every 6 blocks
2026-07-03 10:42:32,038 | INFO     | keeper.strategy      | TWAP chunk 2/4: $312 (progress: 50%)
2026-07-03 10:43:11,387 | INFO     | keeper.strategy      | TWAP chunk 3/4: $312 (progress: 75%)
2026-07-03 10:43:20,871 | INFO     | keeper.strategy      | TWAP chunk 1/4: $312 (progress: 25%)
2026-07-03 10:43:56,302 | INFO     | keeper.strategy      | TWAP chunk 2/4: $312 (progress: 50%)
2026-07-03 10:44:09,079 | INFO     | keeper.strategy      | TWAP chunk 4/4: $1,250 (progress: 100%)
2026-07-03 10:44:42,798 | INFO     | keeper.strategy      | TWAP order complete: avg price $0.0000
2026-07-03 10:44:42,798 | INFO     | keeper.strategy      | TWAP order created: $1,250 in 4 chunks of $312 every 6 blocks
2026-07-03 10:44:50,145 | INFO     | keeper.strategy      | TWAP chunk 3/4: $312 (progress: 75%)
2026-07-03 10:45:21,633 | INFO     | keeper.strategy      | TWAP chunk 1/4: $312 (progress: 25%)
2026-07-03 10:45:25,937 | INFO     | keeper.strategy      | TWAP chunk 4/4: $1,250 (progress: 100%)
2026-07-03 10:46:12,938 | INFO     | keeper.strategy      | TWAP chunk 2/4: $312 (progress: 50%)
2026-07-03 10:46:23,059 | INFO     | keeper.strategy      | TWAP order complete: avg price $0.0000
2026-07-03 10:46:23,060 | INFO     | keeper.strategy      | TWAP order created: $1,250 in 4 chunks of $312 every 6 blocks
2026-07-03 10:46:51,179 | INFO     | keeper.strategy      | TWAP chunk 3/4: $312 (progress: 75%)
2026-07-03 10:47:01,024 | INFO     | keeper.strategy      | TWAP chunk 1/4: $312 (progress: 25%)
2026-07-03 10:47:42,997 | INFO     | keeper.strategy      | TWAP chunk 4/4: $1,250 (progress: 100%)
2026-07-03 10:47:55,794 | INFO     | keeper.strategy      | TWAP chunk 2/4: $312 (progress: 50%)
2026-07-03 10:48:22,045 | INFO     | keeper.strategy      | TWAP order complete: avg price $0.0000
2026-07-03 10:48:22,045 | INFO     | keeper.strategy      | TWAP order created: $1,250 in 4 chunks of $312 every 6 blocks
2026-07-03 10:48:32,546 | INFO     | keeper.strategy      | TWAP chunk 3/4: $312 (progress: 75%)
2026-07-03 10:49:11,604 | INFO     | keeper.strategy      | TWAP chunk 4/4: $1,250 (progress: 100%)
2026-07-03 10:49:19,351 | INFO     | keeper.strategy      | TWAP chunk 1/4: $312 (progress: 25%)
2026-07-03 10:49:53,079 | INFO     | keeper.strategy      | TWAP chunk 2/4: $312 (progress: 50%)
2026-07-03 10:50:11,631 | INFO     | keeper.strategy      | TWAP order complete: avg price $0.0000
2026-07-03 10:50:11,631 | INFO     | keeper.strategy      | TWAP order created: $1,250 in 4 chunks of $312 every 6 blocks
2026-07-03 10:50:31,608 | INFO     | keeper.strategy      | TWAP chunk 3/4: $312 (progress: 75%)
2026-07-03 10:50:52,246 | INFO     | keeper.strategy      | TWAP chunk 1/4: $312 (progress: 25%)
2026-07-03 10:51:23,777 | INFO     | keeper.strategy      | TWAP chunk 4/4: $1,250 (progress: 100%)
2026-07-03 10:51:49,056 | INFO     | keeper.strategy      | TWAP chunk 2/4: $312 (progress: 50%)
2026-07-03 10:52:02,456 | INFO     | keeper.strategy      | TWAP order complete: avg price $0.0000
2026-07-03 10:52:02,456 | INFO     | keeper.strategy      | TWAP order created: $1,250 in 4 chunks of $312 every 6 blocks
2026-07-03 10:52:24,235 | INFO     | keeper.strategy      | TWAP chunk 3/4: $312 (progress: 75%)
2026-07-03 10:52:41,073 | INFO     | keeper.strategy      | TWAP chunk 1/4: $312 (progress: 25%)
2026-07-03 10:53:01,882 | INFO     | keeper.strategy      | TWAP chunk 4/4: $1,250 (progress: 100%)
2026-07-03 10:53:34,470 | INFO     | keeper.strategy      | TWAP chunk 2/4: $312 (progress: 50%)
2026-07-03 10:54:01,333 | INFO     | keeper.strategy      | TWAP order complete: avg price $0.0000
2026-07-03 10:54:01,333 | INFO     | keeper.strategy      | TWAP order created: $1,250 in 4 chunks of $312 every 6 blocks
2026-07-03 10:54:12,967 | INFO     | keeper.strategy      | TWAP chunk 3/4: $312 (progress: 75%)
2026-07-03 10:54:34,089 | INFO     | keeper.strategy      | TWAP chunk 1/4: $312 (progress: 25%)
2026-07-03 10:54:51,184 | INFO     | keeper.strategy      | TWAP chunk 4/4: $1,250 (progress: 100%)
2026-07-03 10:55:26,519 | INFO     | keeper.strategy      | TWAP chunk 2/4: $312 (progress: 50%)
2026-07-03 10:55:26,522 | INFO     | keeper.strategy      | TWAP order complete: avg price $0.0000
2026-07-03 10:55:26,523 | INFO     | keeper.strategy      | TWAP order created: $1,250 in 4 chunks of $312 every 6 blocks
2026-07-03 10:56:05,168 | INFO     | keeper.strategy      | TWAP chunk 3/4: $312 (progress: 75%)
2026-07-03 10:56:21,956 | INFO     | keeper.strategy      | TWAP chunk 1/4: $312 (progress: 25%)
2026-07-03 10:56:57,635 | INFO     | keeper.strategy      | TWAP chunk 4/4: $1,250 (progress: 100%)
2026-07-03 10:57:01,722 | INFO     | keeper.strategy      | TWAP chunk 2/4: $312 (progress: 50%)
2026-07-03 10:57:33,961 | INFO     | keeper.strategy      | TWAP order complete: avg price $0.0000
2026-07-03 10:57:33,962 | INFO     | keeper.strategy      | TWAP order created: $1,250 in 4 chunks of $312 every 6 blocks
2026-07-03 10:58:01,521 | INFO     | keeper.strategy      | TWAP chunk 3/4: $312 (progress: 75%)
2026-07-03 10:58:06,599 | INFO     | keeper.strategy      | TWAP chunk 1/4: $312 (progress: 25%)
2026-07-03 10:58:34,274 | INFO     | keeper.strategy      | TWAP chunk 4/4: $1,250 (progress: 100%)
2026-07-03 10:58:41,902 | INFO     | keeper.strategy      | TWAP chunk 2/4: $312 (progress: 50%)
2026-07-03 10:59:07,112 | INFO     | keeper.strategy      | TWAP order complete: avg price $0.0000
2026-07-03 10:59:07,113 | INFO     | keeper.strategy      | TWAP order created: $1,250 in 4 chunks of $312 every 6 blocks
2026-07-03 10:59:39,899 | INFO     | keeper.strategy      | TWAP chunk 3/4: $312 (progress: 75%)
2026-07-03 10:59:55,857 | INFO     | keeper.strategy      | TWAP chunk 1/4: $312 (progress: 25%)
2026-07-03 11:00:13,105 | INFO     | keeper.strategy      | TWAP chunk 4/4: $1,250 (progress: 100%)
2026-07-03 11:00:32,099 | INFO     | keeper.strategy      | TWAP chunk 2/4: $312 (progress: 50%)
2026-07-03 11:01:07,515 | INFO     | keeper.strategy      | TWAP order complete: avg price $0.0000
2026-07-03 11:01:07,515 | INFO     | keeper.strategy      | TWAP order created: $1,250 in 4 chunks of $312 every 6 blocks
2026-07-03 11:01:11,097 | INFO     | keeper.strategy      | TWAP chunk 3/4: $312 (progress: 75%)
2026-07-03 11:01:43,036 | INFO     | keeper.strategy      | TWAP chunk 1/4: $312 (progress: 25%)
2026-07-03 11:02:11,370 | INFO     | keeper.strategy      | TWAP chunk 4/4: $1,250 (progress: 100%)
2026-07-03 11:02:15,651 | INFO     | keeper.strategy      | TWAP chunk 2/4: $312 (progress: 50%)
2026-07-03 11:02:44,712 | INFO     | keeper.strategy      | TWAP order complete: avg price $0.0000
2026-07-03 11:02:44,712 | INFO     | keeper.strategy      | TWAP order created: $1,250 in 4 chunks of $312 every 6 blocks
2026-07-03 11:02:50,892 | INFO     | keeper.strategy      | TWAP chunk 3/4: $312 (progress: 75%)
2026-07-03 11:03:17,384 | INFO     | keeper.strategy      | TWAP chunk 1/4: $312 (progress: 25%)
2026-07-03 11:03:45,900 | INFO     | keeper.strategy      | TWAP chunk 4/4: $1,250 (progress: 100%)
2026-07-03 11:03:52,902 | INFO     | keeper.strategy      | TWAP chunk 2/4: $312 (progress: 50%)
2026-07-03 11:04:22,861 | INFO     | keeper.strategy      | TWAP order complete: avg price $0.0000
2026-07-03 11:04:22,861 | INFO     | keeper.strategy      | TWAP order created: $1,250 in 4 chunks of $312 every 6 blocks
2026-07-03 11:04:28,200 | INFO     | keeper.strategy      | TWAP chunk 3/4: $312 (progress: 75%)
2026-07-03 11:04:56,023 | INFO     | keeper.strategy      | TWAP chunk 1/4: $312 (progress: 25%)
2026-07-03 11:05:22,346 | INFO     | keeper.strategy      | TWAP chunk 4/4: $1,250 (progress: 100%)
2026-07-03 11:05:31,920 | INFO     | keeper.strategy      | TWAP chunk 2/4: $312 (progress: 50%)
2026-07-03 11:06:01,078 | INFO     | keeper.strategy      | TWAP order complete: avg price $0.0000
2026-07-03 11:06:01,078 | INFO     | keeper.strategy      | TWAP order created: $1,250 in 4 chunks of $312 every 6 blocks
2026-07-03 11:06:11,114 | INFO     | keeper.strategy      | TWAP chunk 3/4: $312 (progress: 75%)
2026-07-03 11:06:52,559 | INFO     | keeper.strategy      | TWAP chunk 1/4: $312 (progress: 25%)
2026-07-03 11:07:02,660 | INFO     | keeper.strategy      | TWAP chunk 4/4: $1,250 (progress: 100%)
2026-07-03 11:07:30,967 | INFO     | keeper.strategy      | TWAP chunk 2/4: $312 (progress: 50%)
2026-07-03 11:07:41,269 | INFO     | keeper.strategy      | TWAP order complete: avg price $0.0000
2026-07-03 11:07:41,269 | INFO     | keeper.strategy      | TWAP order created: $1,250 in 4 chunks of $312 every 6 blocks
2026-07-03 11:08:14,291 | INFO     | keeper.strategy      | TWAP chunk 1/4: $312 (progress: 25%)
2026-07-03 11:08:30,927 | INFO     | keeper.strategy      | TWAP chunk 3/4: $312 (progress: 75%)
2026-07-03 11:08:53,239 | INFO     | keeper.strategy      | TWAP chunk 2/4: $312 (progress: 50%)
2026-07-03 11:09:06,219 | INFO     | keeper.strategy      | TWAP chunk 4/4: $1,250 (progress: 100%)
2026-07-03 11:09:51,179 | INFO     | keeper.strategy      | TWAP chunk 3/4: $312 (progress: 75%)
2026-07-03 11:10:00,931 | INFO     | keeper.strategy      | TWAP order complete: avg price $0.0000
2026-07-03 11:10:00,931 | INFO     | keeper.strategy      | TWAP order created: $1,250 in 4 chunks of $312 every 6 blocks
2026-07-03 11:10:26,887 | INFO     | keeper.strategy      | TWAP chunk 4/4: $1,250 (progress: 100%)
2026-07-03 11:10:34,251 | INFO     | keeper.strategy      | TWAP chunk 1/4: $312 (progress: 25%)
2026-07-03 11:11:03,144 | INFO     | keeper.strategy      | TWAP order complete: avg price $0.0000
2026-07-03 11:11:03,144 | INFO     | keeper.strategy      | TWAP order created: $1,250 in 4 chunks of $312 every 6 blocks
2026-07-03 11:11:12,362 | INFO     | keeper.strategy      | TWAP chunk 2/4: $312 (progress: 50%)
2026-07-03 11:11:42,289 | INFO     | keeper.strategy      | TWAP chunk 1/4: $312 (progress: 25%)
2026-07-03 11:11:52,005 | INFO     | keeper.strategy      | TWAP chunk 3/4: $312 (progress: 75%)
2026-07-03 11:12:32,599 | INFO     | keeper.strategy      | TWAP chunk 2/4: $312 (progress: 50%)
2026-07-03 11:12:52,304 | INFO     | keeper.strategy      | TWAP chunk 4/4: $1,250 (progress: 100%)
2026-07-03 11:13:10,894 | INFO     | keeper.strategy      | TWAP chunk 3/4: $312 (progress: 75%)
2026-07-03 11:13:31,261 | INFO     | keeper.strategy      | TWAP order complete: avg price $0.0000
2026-07-03 11:13:31,261 | INFO     | keeper.strategy      | TWAP order created: $1,250 in 4 chunks of $312 every 6 blocks
2026-07-03 11:13:46,857 | INFO     | keeper.strategy      | TWAP chunk 4/4: $1,250 (progress: 100%)
2026-07-03 11:14:31,938 | INFO     | keeper.strategy      | TWAP chunk 1/4: $312 (progress: 25%)
2026-07-03 11:14:42,555 | INFO     | keeper.strategy      | TWAP order complete: avg price $0.0000
2026-07-03 11:14:42,556 | INFO     | keeper.strategy      | TWAP order created: $1,250 in 4 chunks of $312 every 6 blocks
2026-07-03 11:15:12,598 | INFO     | keeper.strategy      | TWAP chunk 2/4: $312 (progress: 50%)
2026-07-03 11:15:21,359 | INFO     | keeper.strategy      | TWAP chunk 1/4: $312 (progress: 25%)
2026-07-03 11:15:54,087 | INFO     | keeper.strategy      | TWAP chunk 2/4: $312 (progress: 50%)
2026-07-03 11:16:09,756 | INFO     | keeper.strategy      | TWAP chunk 3/4: $312 (progress: 75%)
2026-07-03 11:16:31,847 | INFO     | keeper.strategy      | TWAP chunk 3/4: $312 (progress: 75%)
2026-07-03 11:16:42,610 | INFO     | keeper.strategy      | TWAP chunk 4/4: $1,250 (progress: 100%)
2026-07-03 11:17:21,866 | INFO     | keeper.strategy      | TWAP order complete: avg price $0.0000
2026-07-03 11:17:21,866 | INFO     | keeper.strategy      | TWAP order created: $1,250 in 4 chunks of $312 every 6 blocks
2026-07-03 11:17:26,304 | INFO     | keeper.strategy      | TWAP chunk 4/4: $1,250 (progress: 100%)
2026-07-03 11:18:01,581 | INFO     | keeper.strategy      | TWAP order complete: avg price $0.0000
2026-07-03 11:18:01,581 | INFO     | keeper.strategy      | TWAP order created: $1,250 in 4 chunks of $312 every 6 blocks
2026-07-03 11:18:17,629 | INFO     | keeper.strategy      | TWAP chunk 1/4: $312 (progress: 25%)
2026-07-03 11:18:41,188 | INFO     | keeper.strategy      | TWAP chunk 1/4: $312 (progress: 25%)
2026-07-03 11:18:55,901 | INFO     | keeper.strategy      | TWAP chunk 2/4: $312 (progress: 50%)
2026-07-03 11:19:38,633 | INFO     | keeper.strategy      | TWAP chunk 2/4: $312 (progress: 50%)
2026-07-03 11:19:49,625 | INFO     | keeper.strategy      | TWAP chunk 3/4: $312 (progress: 75%)
2026-07-03 11:20:13,153 | INFO     | keeper.strategy      | TWAP chunk 3/4: $312 (progress: 75%)
2026-07-03 11:20:23,393 | INFO     | keeper.strategy      | TWAP chunk 4/4: $1,250 (progress: 100%)
2026-07-03 11:20:51,752 | INFO     | keeper.strategy      | TWAP chunk 4/4: $1,250 (progress: 100%)
2026-07-03 11:21:01,933 | INFO     | keeper.strategy      | TWAP order complete: avg price $0.0000
2026-07-03 11:21:01,933 | INFO     | keeper.strategy      | TWAP order created: $1,250 in 4 chunks of $312 every 6 blocks
2026-07-03 11:21:48,626 | INFO     | keeper.strategy      | TWAP order complete: avg price $0.0000
2026-07-03 11:21:48,626 | INFO     | keeper.strategy      | TWAP order created: $1,250 in 4 chunks of $312 every 6 blocks
2026-07-03 11:21:59,157 | INFO     | keeper.strategy      | TWAP chunk 1/4: $312 (progress: 25%)
2026-07-03 11:22:23,157 | INFO     | keeper.strategy      | TWAP chunk 1/4: $312 (progress: 25%)
2026-07-03 11:22:32,719 | INFO     | keeper.strategy      | TWAP chunk 2/4: $312 (progress: 50%)
2026-07-03 11:23:01,808 | INFO     | keeper.strategy      | TWAP chunk 2/4: $312 (progress: 50%)
2026-07-03 11:23:11,327 | INFO     | keeper.strategy      | TWAP chunk 3/4: $312 (progress: 75%)
2026-07-03 11:23:51,956 | INFO     | keeper.strategy      | TWAP chunk 3/4: $312 (progress: 75%)
2026-07-03 11:24:11,577 | INFO     | keeper.strategy      | TWAP chunk 4/4: $1,250 (progress: 100%)
2026-07-03 11:24:30,915 | INFO     | keeper.strategy      | TWAP chunk 4/4: $1,250 (progress: 100%)
2026-07-03 11:24:47,192 | INFO     | keeper.strategy      | TWAP order complete: avg price $0.0000
2026-07-03 11:24:47,192 | INFO     | keeper.strategy      | TWAP order created: $1,250 in 4 chunks of $312 every 6 blocks
2026-07-03 11:25:07,002 | INFO     | keeper.strategy      | TWAP order complete: avg price $0.0000
2026-07-03 11:25:07,002 | INFO     | keeper.strategy      | TWAP order created: $1,250 in 4 chunks of $312 every 6 blocks
2026-07-03 11:25:42,010 | INFO     | keeper.strategy      | TWAP chunk 1/4: $312 (progress: 25%)
2026-07-03 11:26:05,499 | INFO     | keeper.strategy      | TWAP chunk 1/4: $312 (progress: 25%)
2026-07-03 11:26:14,952 | INFO     | keeper.strategy      | TWAP chunk 2/4: $312 (progress: 50%)
2026-07-03 11:26:41,624 | INFO     | keeper.strategy      | TWAP chunk 2/4: $312 (progress: 50%)
2026-07-03 11:26:52,735 | INFO     | keeper.strategy      | TWAP chunk 3/4: $312 (progress: 75%)
2026-07-03 11:27:14,687 | INFO     | keeper.strategy      | TWAP chunk 3/4: $312 (progress: 75%)
2026-07-03 11:27:51,650 | INFO     | keeper.strategy      | TWAP chunk 4/4: $1,250 (progress: 100%)
2026-07-03 11:28:09,504 | INFO     | keeper.strategy      | TWAP chunk 4/4: $1,250 (progress: 100%)
2026-07-03 11:28:27,103 | INFO     | keeper.strategy      | TWAP order complete: avg price $0.0000
2026-07-03 11:28:27,104 | INFO     | keeper.strategy      | TWAP order created: $1,250 in 4 chunks of $312 every 6 blocks
2026-07-03 11:28:43,664 | INFO     | keeper.strategy      | TWAP order complete: avg price $0.0000
2026-07-03 11:28:43,664 | INFO     | keeper.strategy      | TWAP order created: $1,250 in 4 chunks of $312 every 6 blocks
2026-07-03 11:29:25,905 | INFO     | keeper.strategy      | TWAP chunk 1/4: $312 (progress: 25%)
2026-07-03 11:29:41,262 | INFO     | keeper.strategy      | TWAP chunk 1/4: $312 (progress: 25%)
2026-07-03 11:30:01,779 | INFO     | keeper.strategy      | TWAP chunk 2/4: $312 (progress: 50%)
2026-07-03 11:30:19,941 | INFO     | keeper.strategy      | TWAP chunk 2/4: $312 (progress: 50%)
2026-07-03 11:30:40,863 | INFO     | keeper.strategy      | TWAP chunk 3/4: $312 (progress: 75%)
2026-07-03 11:31:11,080 | INFO     | keeper.strategy      | TWAP chunk 3/4: $312 (progress: 75%)
2026-07-03 11:31:42,099 | INFO     | keeper.strategy      | TWAP chunk 4/4: $1,250 (progress: 100%)
2026-07-03 11:31:44,043 | INFO     | keeper.strategy      | TWAP chunk 4/4: $1,250 (progress: 100%)
2026-07-03 11:32:15,033 | INFO     | keeper.strategy      | TWAP order complete: avg price $0.0000
2026-07-03 11:32:15,033 | INFO     | keeper.strategy      | TWAP order created: $1,250 in 4 chunks of $312 every 6 blocks
2026-07-03 11:32:50,084 | INFO     | keeper.strategy      | TWAP order complete: avg price $0.0000
2026-07-03 11:32:50,085 | INFO     | keeper.strategy      | TWAP order created: $1,250 in 4 chunks of $312 every 6 blocks
2026-07-03 11:32:50,877 | INFO     | keeper.strategy      | TWAP chunk 1/4: $312 (progress: 25%)
2026-07-03 11:33:23,344 | INFO     | keeper.strategy      | TWAP chunk 1/4: $312 (progress: 25%)
2026-07-03 11:33:49,760 | INFO     | keeper.strategy      | TWAP chunk 2/4: $312 (progress: 50%)
2026-07-03 11:33:56,413 | INFO     | keeper.strategy      | TWAP chunk 2/4: $312 (progress: 50%)
2026-07-03 11:34:22,611 | INFO     | keeper.strategy      | TWAP chunk 3/4: $312 (progress: 75%)
2026-07-03 11:34:31,811 | INFO     | keeper.strategy      | TWAP chunk 3/4: $312 (progress: 75%)
2026-07-03 11:34:56,049 | INFO     | keeper.strategy      | TWAP chunk 4/4: $1,250 (progress: 100%)
2026-07-03 11:35:31,149 | INFO     | keeper.strategy      | TWAP chunk 4/4: $1,250 (progress: 100%)
2026-07-03 11:35:51,220 | INFO     | keeper.strategy      | TWAP order complete: avg price $0.0000
2026-07-03 11:35:51,220 | INFO     | keeper.strategy      | TWAP order created: $1,250 in 4 chunks of $312 every 6 blocks
2026-07-03 11:36:06,768 | INFO     | keeper.strategy      | TWAP order complete: avg price $0.0000
2026-07-03 11:36:06,768 | INFO     | keeper.strategy      | TWAP order created: $1,250 in 4 chunks of $312 every 6 blocks
2026-07-03 11:36:26,516 | INFO     | keeper.strategy      | TWAP chunk 1/4: $312 (progress: 25%)
2026-07-03 11:36:42,439 | INFO     | keeper.strategy      | TWAP chunk 1/4: $312 (progress: 25%)
2026-07-03 11:37:20,989 | INFO     | keeper.strategy      | TWAP chunk 2/4: $312 (progress: 50%)
2026-07-03 11:37:41,352 | INFO     | keeper.strategy      | TWAP chunk 2/4: $312 (progress: 50%)
2026-07-03 11:37:56,716 | INFO     | keeper.strategy      | TWAP chunk 3/4: $312 (progress: 75%)
2026-07-03 11:38:22,120 | INFO     | keeper.strategy      | TWAP chunk 3/4: $312 (progress: 75%)
2026-07-03 11:38:52,021 | INFO     | keeper.strategy      | TWAP chunk 4/4: $1,250 (progress: 100%)
2026-07-03 11:39:21,821 | INFO     | keeper.strategy      | TWAP chunk 4/4: $1,250 (progress: 100%)
2026-07-03 11:39:26,019 | INFO     | keeper.strategy      | TWAP order complete: avg price $0.0000
2026-07-03 11:39:26,019 | INFO     | keeper.strategy      | TWAP order created: $1,250 in 4 chunks of $312 every 6 blocks
2026-07-03 11:39:54,568 | INFO     | keeper.strategy      | TWAP order complete: avg price $0.0000
2026-07-03 11:39:54,569 | INFO     | keeper.strategy      | TWAP order created: $1,250 in 4 chunks of $312 every 6 blocks
2026-07-03 11:40:01,796 | INFO     | keeper.strategy      | TWAP chunk 1/4: $312 (progress: 25%)
2026-07-03 11:40:41,751 | INFO     | keeper.strategy      | TWAP chunk 2/4: $312 (progress: 50%)
2026-07-03 11:40:49,481 | INFO     | keeper.strategy      | TWAP chunk 1/4: $312 (progress: 25%)
2026-07-03 11:41:22,681 | INFO     | keeper.strategy      | TWAP chunk 2/4: $312 (progress: 50%)
2026-07-03 11:41:42,936 | INFO     | keeper.strategy      | TWAP chunk 3/4: $312 (progress: 75%)
2026-07-03 11:42:21,597 | INFO     | keeper.strategy      | TWAP chunk 3/4: $312 (progress: 75%)
2026-07-03 11:42:41,268 | INFO     | keeper.strategy      | TWAP chunk 4/4: $1,250 (progress: 100%)
2026-07-03 11:42:57,137 | INFO     | keeper.strategy      | TWAP chunk 4/4: $1,250 (progress: 100%)
2026-07-03 11:43:21,690 | INFO     | keeper.strategy      | TWAP order complete: avg price $0.0000
2026-07-03 11:43:21,690 | INFO     | keeper.strategy      | TWAP order created: $1,250 in 4 chunks of $312 every 6 blocks
2026-07-03 11:43:52,702 | INFO     | keeper.strategy      | TWAP order complete: avg price $0.0000
2026-07-03 11:43:52,702 | INFO     | keeper.strategy      | TWAP order created: $1,250 in 4 chunks of $312 every 6 blocks
2026-07-03 11:44:16,373 | INFO     | keeper.strategy      | TWAP chunk 1/4: $312 (progress: 25%)
2026-07-03 11:44:25,430 | INFO     | keeper.strategy      | TWAP chunk 1/4: $312 (progress: 25%)
2026-07-03 11:44:52,421 | INFO     | keeper.strategy      | TWAP chunk 2/4: $312 (progress: 50%)
2026-07-03 11:45:01,881 | INFO     | keeper.strategy      | TWAP chunk 2/4: $312 (progress: 50%)
2026-07-03 11:45:31,437 | INFO     | keeper.strategy      | TWAP chunk 3/4: $312 (progress: 75%)
2026-07-03 11:45:41,580 | INFO     | keeper.strategy      | TWAP chunk 3/4: $312 (progress: 75%)
2026-07-03 11:46:26,243 | INFO     | keeper.strategy      | TWAP chunk 4/4: $1,250 (progress: 100%)
2026-07-03 11:46:41,532 | INFO     | keeper.strategy      | TWAP chunk 4/4: $1,250 (progress: 100%)
2026-07-03 11:47:01,973 | INFO     | keeper.strategy      | TWAP order complete: avg price $0.0000
2026-07-03 11:47:01,973 | INFO     | keeper.strategy      | TWAP order created: $1,250 in 4 chunks of $312 every 6 blocks
2026-07-03 11:47:14,610 | INFO     | keeper.strategy      | TWAP order complete: avg price $0.0000
2026-07-03 11:47:14,610 | INFO     | keeper.strategy      | TWAP order created: $1,250 in 4 chunks of $312 every 6 blocks
2026-07-03 11:47:59,765 | INFO     | keeper.strategy      | TWAP chunk 1/4: $312 (progress: 25%)
2026-07-03 11:48:11,852 | INFO     | keeper.strategy      | TWAP chunk 1/4: $312 (progress: 25%)
2026-07-03 11:48:35,867 | INFO     | keeper.strategy      | TWAP chunk 2/4: $312 (progress: 50%)
2026-07-03 11:48:44,551 | INFO     | keeper.strategy      | TWAP chunk 2/4: $312 (progress: 50%)
2026-07-03 11:49:11,720 | INFO     | keeper.strategy      | TWAP chunk 3/4: $312 (progress: 75%)
2026-07-03 11:49:21,690 | INFO     | keeper.strategy      | TWAP chunk 3/4: $312 (progress: 75%)
2026-07-03 11:49:48,914 | INFO     | keeper.strategy      | TWAP chunk 4/4: $1,250 (progress: 100%)
2026-07-03 11:50:21,957 | INFO     | keeper.strategy      | TWAP chunk 4/4: $1,250 (progress: 100%)
2026-07-03 11:50:39,763 | INFO     | keeper.strategy      | TWAP order complete: avg price $0.0000
2026-07-03 11:50:39,763 | INFO     | keeper.strategy      | TWAP order created: $1,250 in 4 chunks of $312 every 6 blocks
2026-07-03 11:51:00,919 | INFO     | keeper.strategy      | TWAP order complete: avg price $0.0000
2026-07-03 11:51:00,920 | INFO     | keeper.strategy      | TWAP order created: $1,250 in 4 chunks of $312 every 6 blocks
2026-07-03 11:51:12,601 | INFO     | keeper.strategy      | TWAP chunk 1/4: $312 (progress: 25%)
2026-07-03 11:51:52,798 | INFO     | keeper.strategy      | TWAP chunk 2/4: $312 (progress: 50%)
2026-07-03 11:51:56,923 | INFO     | keeper.strategy      | TWAP chunk 1/4: $312 (progress: 25%)
2026-07-03 11:52:32,546 | INFO     | keeper.strategy      | TWAP chunk 2/4: $312 (progress: 50%)
2026-07-03 11:52:45,887 | INFO     | keeper.strategy      | TWAP chunk 3/4: $312 (progress: 75%)
2026-07-03 11:53:12,191 | INFO     | keeper.strategy      | TWAP chunk 3/4: $312 (progress: 75%)
2026-07-03 11:53:21,742 | INFO     | keeper.strategy      | TWAP chunk 4/4: $1,250 (progress: 100%)
2026-07-03 11:54:01,246 | INFO     | keeper.strategy      | TWAP order complete: avg price $0.0000
2026-07-03 11:54:01,247 | INFO     | keeper.strategy      | TWAP order created: $1,250 in 4 chunks of $312 every 6 blocks
2026-07-03 11:54:09,308 | INFO     | keeper.strategy      | TWAP chunk 4/4: $1,250 (progress: 100%)
2026-07-03 11:54:42,384 | INFO     | keeper.strategy      | TWAP order complete: avg price $0.0000
2026-07-03 11:54:42,384 | INFO     | keeper.strategy      | TWAP order created: $1,250 in 4 chunks of $312 every 6 blocks
2026-07-03 11:54:59,292 | INFO     | keeper.strategy      | TWAP chunk 1/4: $312 (progress: 25%)
2026-07-03 11:55:32,514 | INFO     | keeper.strategy      | TWAP chunk 2/4: $312 (progress: 50%)
2026-07-03 11:55:41,103 | INFO     | keeper.strategy      | TWAP chunk 1/4: $312 (progress: 25%)
2026-07-03 11:56:11,293 | INFO     | keeper.strategy      | TWAP chunk 3/4: $312 (progress: 75%)
2026-07-03 11:56:16,521 | INFO     | keeper.strategy      | TWAP chunk 2/4: $312 (progress: 50%)
2026-07-03 11:57:01,782 | INFO     | keeper.strategy      | TWAP chunk 4/4: $1,250 (progress: 100%)
2026-07-03 11:57:12,881 | INFO     | keeper.strategy      | TWAP chunk 3/4: $312 (progress: 75%)
2026-07-03 11:57:40,927 | INFO     | keeper.strategy      | TWAP order complete: avg price $0.0000
2026-07-03 11:57:40,927 | INFO     | keeper.strategy      | TWAP order created: $1,250 in 4 chunks of $312 every 6 blocks
2026-07-03 11:57:50,863 | INFO     | keeper.strategy      | TWAP chunk 4/4: $1,250 (progress: 100%)
2026-07-03 11:58:32,190 | INFO     | keeper.strategy      | TWAP chunk 1/4: $312 (progress: 25%)
2026-07-03 11:58:42,274 | INFO     | keeper.strategy      | TWAP order complete: avg price $0.0000
2026-07-03 11:58:42,275 | INFO     | keeper.strategy      | TWAP order created: $1,250 in 4 chunks of $312 every 6 blocks
2026-07-03 11:59:11,616 | INFO     | keeper.strategy      | TWAP chunk 2/4: $312 (progress: 50%)
2026-07-03 11:59:26,834 | INFO     | keeper.strategy      | TWAP chunk 1/4: $312 (progress: 25%)
2026-07-03 12:00:01,909 | INFO     | keeper.strategy      | TWAP chunk 3/4: $312 (progress: 75%)
2026-07-03 12:00:22,715 | INFO     | keeper.strategy      | TWAP chunk 2/4: $312 (progress: 50%)
2026-07-03 12:00:37,358 | INFO     | keeper.strategy      | TWAP chunk 4/4: $1,250 (progress: 100%)
2026-07-03 12:01:01,014 | INFO     | keeper.strategy      | TWAP chunk 3/4: $312 (progress: 75%)
2026-07-03 12:01:13,073 | INFO     | keeper.strategy      | TWAP order complete: avg price $0.0000
2026-07-03 12:01:13,073 | INFO     | keeper.strategy      | TWAP order created: $1,250 in 4 chunks of $312 every 6 blocks
2026-07-03 12:01:52,954 | INFO     | keeper.strategy      | TWAP chunk 4/4: $1,250 (progress: 100%)
2026-07-03 12:02:10,336 | INFO     | keeper.strategy      | TWAP chunk 1/4: $312 (progress: 25%)
2026-07-03 12:02:31,265 | INFO     | keeper.strategy      | TWAP order complete: avg price $0.0000
2026-07-03 12:02:31,265 | INFO     | keeper.strategy      | TWAP order created: $1,250 in 4 chunks of $312 every 6 blocks
2026-07-03 12:02:46,242 | INFO     | keeper.strategy      | TWAP chunk 2/4: $312 (progress: 50%)
2026-07-03 12:03:13,605 | INFO     | keeper.strategy      | TWAP chunk 1/4: $312 (progress: 25%)
2026-07-03 12:03:39,180 | INFO     | keeper.strategy      | TWAP chunk 3/4: $312 (progress: 75%)
2026-07-03 12:04:11,132 | INFO     | keeper.strategy      | TWAP chunk 2/4: $312 (progress: 50%)
2026-07-03 12:04:13,003 | INFO     | keeper.strategy      | TWAP chunk 4/4: $1,250 (progress: 100%)
2026-07-03 12:04:43,873 | INFO     | keeper.strategy      | TWAP chunk 3/4: $312 (progress: 75%)
2026-07-03 12:04:48,263 | INFO     | keeper.strategy      | TWAP order complete: avg price $0.0000
2026-07-03 12:04:48,263 | INFO     | keeper.strategy      | TWAP order created: $1,250 in 4 chunks of $312 every 6 blocks
2026-07-03 12:05:16,899 | INFO     | keeper.strategy      | TWAP chunk 4/4: $1,250 (progress: 100%)
2026-07-03 12:05:40,945 | INFO     | keeper.strategy      | TWAP chunk 1/4: $312 (progress: 25%)
2026-07-03 12:05:52,791 | INFO     | keeper.strategy      | TWAP order complete: avg price $0.0000
2026-07-03 12:05:52,791 | INFO     | keeper.strategy      | TWAP order created: $1,250 in 4 chunks of $312 every 6 blocks
2026-07-03 12:06:21,548 | INFO     | keeper.strategy      | TWAP chunk 2/4: $312 (progress: 50%)
2026-07-03 12:06:51,119 | INFO     | keeper.strategy      | TWAP chunk 1/4: $312 (progress: 25%)
2026-07-03 12:06:54,305 | INFO     | keeper.strategy      | TWAP chunk 3/4: $312 (progress: 75%)
2026-07-03 12:07:24,024 | INFO     | keeper.strategy      | TWAP chunk 2/4: $312 (progress: 50%)
2026-07-03 12:07:31,074 | INFO     | keeper.strategy      | TWAP chunk 4/4: $1,250 (progress: 100%)
2026-07-03 12:07:56,916 | INFO     | keeper.strategy      | TWAP chunk 3/4: $312 (progress: 75%)
2026-07-03 12:08:31,444 | INFO     | keeper.strategy      | TWAP order complete: avg price $0.0000
2026-07-03 12:08:31,444 | INFO     | keeper.strategy      | TWAP order created: $1,250 in 4 chunks of $312 every 6 blocks
2026-07-03 12:08:32,757 | INFO     | keeper.strategy      | TWAP chunk 4/4: $1,250 (progress: 100%)
2026-07-03 12:09:05,497 | INFO     | keeper.strategy      | TWAP chunk 1/4: $312 (progress: 25%)
2026-07-03 12:09:09,595 | INFO     | keeper.strategy      | TWAP order complete: avg price $0.0000
2026-07-03 12:09:09,595 | INFO     | keeper.strategy      | TWAP order created: $1,250 in 4 chunks of $312 every 6 blocks
2026-07-03 12:09:41,789 | INFO     | keeper.strategy      | TWAP chunk 2/4: $312 (progress: 50%)
2026-07-03 12:09:42,508 | INFO     | keeper.strategy      | TWAP chunk 1/4: $312 (progress: 25%)
2026-07-03 12:10:14,926 | INFO     | keeper.strategy      | TWAP chunk 3/4: $312 (progress: 75%)
2026-07-03 12:10:21,269 | INFO     | keeper.strategy      | TWAP chunk 2/4: $312 (progress: 50%)
2026-07-03 12:10:50,969 | INFO     | keeper.strategy      | TWAP chunk 4/4: $1,250 (progress: 100%)
2026-07-03 12:11:21,658 | INFO     | keeper.strategy      | TWAP chunk 3/4: $312 (progress: 75%)
2026-07-03 12:11:41,931 | INFO     | keeper.strategy      | TWAP order complete: avg price $0.0000
2026-07-03 12:11:41,931 | INFO     | keeper.strategy      | TWAP order created: $1,250 in 4 chunks of $312 every 6 blocks
2026-07-03 12:11:57,036 | INFO     | keeper.strategy      | TWAP chunk 4/4: $1,250 (progress: 100%)
2026-07-03 12:12:20,836 | INFO     | keeper.strategy      | TWAP chunk 1/4: $312 (progress: 25%)
2026-07-03 12:12:51,149 | INFO     | keeper.strategy      | TWAP order complete: avg price $0.0000
2026-07-03 12:12:51,149 | INFO     | keeper.strategy      | TWAP order created: $1,250 in 4 chunks of $312 every 6 blocks
2026-07-03 12:13:16,322 | INFO     | keeper.strategy      | TWAP chunk 2/4: $312 (progress: 50%)
2026-07-03 12:13:24,566 | INFO     | keeper.strategy      | TWAP chunk 1/4: $312 (progress: 25%)
2026-07-03 12:13:52,526 | INFO     | keeper.strategy      | TWAP chunk 3/4: $312 (progress: 75%)
2026-07-03 12:14:01,426 | INFO     | keeper.strategy      | TWAP chunk 2/4: $312 (progress: 50%)
2026-07-03 12:14:27,928 | INFO     | keeper.strategy      | TWAP chunk 4/4: $1,250 (progress: 100%)
2026-07-03 12:14:36,838 | INFO     | keeper.strategy      | TWAP chunk 3/4: $312 (progress: 75%)
2026-07-03 12:15:21,386 | INFO     | keeper.strategy      | TWAP order complete: avg price $0.0000
2026-07-03 12:15:21,386 | INFO     | keeper.strategy      | TWAP order created: $1,250 in 4 chunks of $312 every 6 blocks
2026-07-03 12:15:38,794 | INFO     | keeper.strategy      | TWAP chunk 4/4: $1,250 (progress: 100%)
2026-07-03 12:15:59,219 | INFO     | keeper.strategy      | TWAP chunk 1/4: $312 (progress: 25%)
2026-07-03 12:16:12,581 | INFO     | keeper.strategy      | TWAP order complete: avg price $0.0000
2026-07-03 12:16:12,581 | INFO     | keeper.strategy      | TWAP order created: $1,250 in 4 chunks of $312 every 6 blocks
2026-07-03 12:16:51,905 | INFO     | keeper.strategy      | TWAP chunk 1/4: $312 (progress: 25%)
2026-07-03 12:16:55,857 | INFO     | keeper.strategy      | TWAP chunk 2/4: $312 (progress: 50%)
2026-07-03 12:17:31,733 | INFO     | keeper.strategy      | TWAP chunk 3/4: $312 (progress: 75%)
2026-07-03 12:17:51,106 | INFO     | keeper.strategy      | TWAP chunk 2/4: $312 (progress: 50%)
2026-07-03 12:18:09,868 | INFO     | keeper.strategy      | TWAP chunk 4/4: $1,250 (progress: 100%)
2026-07-03 12:18:26,564 | INFO     | keeper.strategy      | TWAP chunk 3/4: $312 (progress: 75%)
2026-07-03 12:19:01,131 | INFO     | keeper.strategy      | TWAP order complete: avg price $0.0000
2026-07-03 12:19:01,131 | INFO     | keeper.strategy      | TWAP order created: $1,250 in 4 chunks of $312 every 6 blocks
2026-07-03 12:19:22,509 | INFO     | keeper.strategy      | TWAP chunk 4/4: $1,250 (progress: 100%)
2026-07-03 12:19:34,705 | INFO     | keeper.strategy      | TWAP chunk 1/4: $312 (progress: 25%)
2026-07-03 12:20:01,175 | INFO     | keeper.strategy      | TWAP order complete: avg price $0.0000
2026-07-03 12:20:01,176 | INFO     | keeper.strategy      | TWAP order created: $1,250 in 4 chunks of $312 every 6 blocks
2026-07-03 12:20:12,858 | INFO     | keeper.strategy      | TWAP chunk 2/4: $312 (progress: 50%)
2026-07-03 12:20:33,845 | INFO     | keeper.strategy      | TWAP chunk 1/4: $312 (progress: 25%)
2026-07-03 12:21:11,583 | INFO     | keeper.strategy      | TWAP chunk 3/4: $312 (progress: 75%)
2026-07-03 12:21:30,903 | INFO     | keeper.strategy      | TWAP chunk 2/4: $312 (progress: 50%)
2026-07-03 12:21:51,436 | INFO     | keeper.strategy      | TWAP chunk 4/4: $1,250 (progress: 100%)
2026-07-03 12:22:07,609 | INFO     | keeper.strategy      | TWAP chunk 3/4: $312 (progress: 75%)
2026-07-03 12:22:46,633 | INFO     | keeper.strategy      | TWAP order complete: avg price $0.0000
2026-07-03 12:22:46,634 | INFO     | keeper.strategy      | TWAP order created: $1,250 in 4 chunks of $312 every 6 blocks
2026-07-03 12:23:00,334 | INFO     | keeper.strategy      | TWAP chunk 4/4: $1,250 (progress: 100%)
2026-07-03 12:23:23,282 | INFO     | keeper.strategy      | TWAP chunk 1/4: $312 (progress: 25%)
2026-07-03 12:23:40,608 | INFO     | keeper.strategy      | TWAP order complete: avg price $0.0000
2026-07-03 12:23:40,608 | INFO     | keeper.strategy      | TWAP order created: $1,250 in 4 chunks of $312 every 6 blocks
2026-07-03 12:24:02,221 | INFO     | keeper.strategy      | TWAP chunk 2/4: $312 (progress: 50%)
2026-07-03 12:24:13,594 | INFO     | keeper.strategy      | TWAP chunk 1/4: $312 (progress: 25%)
2026-07-03 12:24:51,762 | INFO     | keeper.strategy      | TWAP chunk 2/4: $312 (progress: 50%)
2026-07-03 12:25:01,553 | INFO     | keeper.strategy      | TWAP chunk 3/4: $312 (progress: 75%)
2026-07-03 12:25:36,960 | INFO     | keeper.strategy      | TWAP chunk 4/4: $1,250 (progress: 100%)
2026-07-03 12:25:51,374 | INFO     | keeper.strategy      | TWAP chunk 3/4: $312 (progress: 75%)
2026-07-03 12:26:30,199 | INFO     | keeper.strategy      | TWAP chunk 4/4: $1,250 (progress: 100%)
2026-07-03 12:26:33,090 | INFO     | keeper.strategy      | TWAP order complete: avg price $0.0000
2026-07-03 12:26:33,090 | INFO     | keeper.strategy      | TWAP order created: $1,250 in 4 chunks of $312 every 6 blocks
2026-07-03 12:27:10,870 | INFO     | keeper.strategy      | TWAP chunk 1/4: $312 (progress: 25%)
2026-07-03 12:27:26,180 | INFO     | keeper.strategy      | TWAP order complete: avg price $0.0000
2026-07-03 12:27:26,180 | INFO     | keeper.strategy      | TWAP order created: $1,250 in 4 chunks of $312 every 6 blocks
2026-07-03 12:27:43,611 | INFO     | keeper.strategy      | TWAP chunk 2/4: $312 (progress: 50%)
2026-07-03 12:28:01,660 | INFO     | keeper.strategy      | TWAP chunk 1/4: $312 (progress: 25%)
2026-07-03 12:28:22,651 | INFO     | keeper.strategy      | TWAP chunk 3/4: $312 (progress: 75%)
2026-07-03 12:29:00,341 | INFO     | keeper.strategy      | TWAP chunk 2/4: $312 (progress: 50%)
2026-07-03 12:29:15,561 | INFO     | keeper.strategy      | TWAP chunk 4/4: $1,250 (progress: 100%)
2026-07-03 12:29:33,211 | INFO     | keeper.strategy      | TWAP chunk 3/4: $312 (progress: 75%)
2026-07-03 12:29:51,842 | INFO     | keeper.strategy      | TWAP order complete: avg price $0.0000
2026-07-03 12:29:51,842 | INFO     | keeper.strategy      | TWAP order created: $1,250 in 4 chunks of $312 every 6 blocks
2026-07-03 12:30:12,162 | INFO     | keeper.strategy      | TWAP chunk 4/4: $1,250 (progress: 100%)
2026-07-03 12:30:46,952 | INFO     | keeper.strategy      | TWAP chunk 1/4: $312 (progress: 25%)
2026-07-03 12:31:09,272 | INFO     | keeper.strategy      | TWAP order complete: avg price $0.0000
2026-07-03 12:31:09,273 | INFO     | keeper.strategy      | TWAP order created: $1,250 in 4 chunks of $312 every 6 blocks
2026-07-03 12:31:23,482 | INFO     | keeper.strategy      | TWAP chunk 2/4: $312 (progress: 50%)
2026-07-03 12:31:42,739 | INFO     | keeper.strategy      | TWAP chunk 1/4: $312 (progress: 25%)
2026-07-03 12:32:01,723 | INFO     | keeper.strategy      | TWAP chunk 3/4: $312 (progress: 75%)
2026-07-03 12:32:20,994 | INFO     | keeper.strategy      | TWAP chunk 2/4: $312 (progress: 50%)
2026-07-03 12:32:56,435 | INFO     | keeper.strategy      | TWAP chunk 4/4: $1,250 (progress: 100%)
2026-07-03 12:33:11,236 | INFO     | keeper.strategy      | TWAP chunk 3/4: $312 (progress: 75%)
2026-07-03 12:33:32,386 | INFO     | keeper.strategy      | TWAP order complete: avg price $0.0000
2026-07-03 12:33:32,386 | INFO     | keeper.strategy      | TWAP order created: $1,250 in 4 chunks of $312 every 6 blocks
2026-07-03 12:33:47,017 | INFO     | keeper.strategy      | TWAP chunk 4/4: $1,250 (progress: 100%)
2026-07-03 12:34:22,546 | INFO     | keeper.strategy      | TWAP chunk 1/4: $312 (progress: 25%)
2026-07-03 12:34:39,198 | INFO     | keeper.strategy      | TWAP order complete: avg price $0.0000
2026-07-03 12:34:39,199 | INFO     | keeper.strategy      | TWAP order created: $1,250 in 4 chunks of $312 every 6 blocks
2026-07-03 12:34:57,919 | INFO     | keeper.strategy      | TWAP chunk 2/4: $312 (progress: 50%)
2026-07-03 12:35:13,589 | INFO     | keeper.strategy      | TWAP chunk 1/4: $312 (progress: 25%)
2026-07-03 12:35:34,069 | INFO     | keeper.strategy      | TWAP chunk 3/4: $312 (progress: 75%)
2026-07-03 12:36:01,220 | INFO     | keeper.strategy      | TWAP chunk 2/4: $312 (progress: 50%)
2026-07-03 12:36:10,071 | INFO     | keeper.strategy      | TWAP chunk 4/4: $1,250 (progress: 100%)
2026-07-03 12:36:46,465 | INFO     | keeper.strategy      | TWAP chunk 3/4: $312 (progress: 75%)
2026-07-03 12:36:55,142 | INFO     | keeper.strategy      | TWAP order complete: avg price $0.0000
2026-07-03 12:36:55,143 | INFO     | keeper.strategy      | TWAP order created: $1,250 in 4 chunks of $312 every 6 blocks
2026-07-03 12:37:27,802 | INFO     | keeper.strategy      | TWAP chunk 1/4: $312 (progress: 25%)
2026-07-03 12:37:34,283 | INFO     | keeper.strategy      | TWAP chunk 4/4: $1,250 (progress: 100%)
2026-07-03 12:38:00,594 | INFO     | keeper.strategy      | TWAP chunk 2/4: $312 (progress: 50%)
2026-07-03 12:38:11,744 | INFO     | keeper.strategy      | TWAP order complete: avg price $0.0000
2026-07-03 12:38:11,744 | INFO     | keeper.strategy      | TWAP order created: $1,250 in 4 chunks of $312 every 6 blocks
2026-07-03 12:38:51,183 | INFO     | keeper.strategy      | TWAP chunk 3/4: $312 (progress: 75%)
2026-07-03 12:38:53,207 | INFO     | keeper.strategy      | TWAP chunk 1/4: $312 (progress: 25%)
2026-07-03 12:39:23,886 | INFO     | keeper.strategy      | TWAP chunk 4/4: $1,250 (progress: 100%)
2026-07-03 12:39:31,435 | INFO     | keeper.strategy      | TWAP chunk 2/4: $312 (progress: 50%)
2026-07-03 12:40:12,087 | INFO     | keeper.strategy      | TWAP order complete: avg price $0.0000
2026-07-03 12:40:12,087 | INFO     | keeper.strategy      | TWAP order created: $1,250 in 4 chunks of $312 every 6 blocks
2026-07-03 12:40:17,316 | INFO     | keeper.strategy      | TWAP chunk 3/4: $312 (progress: 75%)
2026-07-03 12:40:45,397 | INFO     | keeper.strategy      | TWAP chunk 1/4: $312 (progress: 25%)
2026-07-03 12:41:02,458 | INFO     | keeper.strategy      | TWAP chunk 4/4: $1,250 (progress: 100%)
2026-07-03 12:41:30,919 | INFO     | keeper.strategy      | TWAP chunk 2/4: $312 (progress: 50%)
2026-07-03 12:41:46,938 | INFO     | keeper.strategy      | TWAP order complete: avg price $0.0000
2026-07-03 12:41:46,938 | INFO     | keeper.strategy      | TWAP order created: $1,250 in 4 chunks of $312 every 6 blocks
2026-07-03 12:42:03,790 | INFO     | keeper.strategy      | TWAP chunk 3/4: $312 (progress: 75%)
2026-07-03 12:42:33,419 | INFO     | keeper.strategy      | TWAP chunk 1/4: $312 (progress: 25%)
2026-07-03 12:42:42,690 | INFO     | keeper.strategy      | TWAP chunk 4/4: $1,250 (progress: 100%)
2026-07-03 12:43:06,720 | INFO     | keeper.strategy      | TWAP chunk 2/4: $312 (progress: 50%)
2026-07-03 12:43:26,140 | INFO     | keeper.strategy      | TWAP order complete: avg price $0.0000
2026-07-03 12:43:26,141 | INFO     | keeper.strategy      | TWAP order created: $1,250 in 4 chunks of $312 every 6 blocks
2026-07-03 12:43:42,681 | INFO     | keeper.strategy      | TWAP chunk 3/4: $312 (progress: 75%)
2026-07-03 12:44:01,841 | INFO     | keeper.strategy      | TWAP chunk 1/4: $312 (progress: 25%)
2026-07-03 12:44:23,480 | INFO     | keeper.strategy      | TWAP chunk 4/4: $1,250 (progress: 100%)
2026-07-03 12:44:51,545 | INFO     | keeper.strategy      | TWAP chunk 2/4: $312 (progress: 50%)
2026-07-03 12:45:01,962 | INFO     | keeper.strategy      | TWAP order complete: avg price $0.0000
2026-07-03 12:45:01,962 | INFO     | keeper.strategy      | TWAP order created: $1,250 in 4 chunks of $312 every 6 blocks
2026-07-03 12:45:25,663 | INFO     | keeper.strategy      | TWAP chunk 3/4: $312 (progress: 75%)
2026-07-03 12:45:43,553 | INFO     | keeper.strategy      | TWAP chunk 1/4: $312 (progress: 25%)
2026-07-03 12:45:58,474 | INFO     | keeper.strategy      | TWAP chunk 4/4: $1,250 (progress: 100%)
2026-07-03 12:46:16,995 | INFO     | keeper.strategy      | TWAP chunk 2/4: $312 (progress: 50%)
2026-07-03 12:46:31,574 | INFO     | keeper.strategy      | TWAP order complete: avg price $0.0000
2026-07-03 12:46:31,574 | INFO     | keeper.strategy      | TWAP order created: $1,250 in 4 chunks of $312 every 6 blocks
2026-07-03 12:47:02,984 | INFO     | keeper.strategy      | TWAP chunk 3/4: $312 (progress: 75%)
2026-07-03 12:47:13,585 | INFO     | keeper.strategy      | TWAP chunk 1/4: $312 (progress: 25%)
2026-07-03 12:47:35,856 | INFO     | keeper.strategy      | TWAP chunk 4/4: $1,250 (progress: 100%)
2026-07-03 12:47:46,375 | INFO     | keeper.strategy      | TWAP chunk 2/4: $312 (progress: 50%)
2026-07-03 12:48:19,286 | INFO     | keeper.strategy      | TWAP chunk 3/4: $312 (progress: 75%)
2026-07-03 12:48:24,126 | INFO     | keeper.strategy      | TWAP order complete: avg price $0.0000
2026-07-03 12:48:24,126 | INFO     | keeper.strategy      | TWAP order created: $1,250 in 4 chunks of $312 every 6 blocks
2026-07-03 12:48:57,467 | INFO     | keeper.strategy      | TWAP chunk 1/4: $312 (progress: 25%)
2026-07-03 12:49:05,386 | INFO     | keeper.strategy      | TWAP chunk 4/4: $1,250 (progress: 100%)
2026-07-03 12:49:30,707 | INFO     | keeper.strategy      | TWAP chunk 2/4: $312 (progress: 50%)
2026-07-03 12:49:41,247 | INFO     | keeper.strategy      | TWAP order complete: avg price $0.0000
2026-07-03 12:49:41,247 | INFO     | keeper.strategy      | TWAP order created: $1,250 in 4 chunks of $312 every 6 blocks
2026-07-03 12:50:14,007 | INFO     | keeper.strategy      | TWAP chunk 1/4: $312 (progress: 25%)
2026-07-03 12:50:17,198 | INFO     | keeper.strategy      | TWAP chunk 3/4: $312 (progress: 75%)
2026-07-03 12:50:53,000 | INFO     | keeper.strategy      | TWAP chunk 4/4: $1,250 (progress: 100%)
2026-07-03 12:50:57,718 | INFO     | keeper.strategy      | TWAP chunk 2/4: $312 (progress: 50%)
2026-07-03 12:51:25,719 | INFO     | keeper.strategy      | TWAP order complete: avg price $0.0000
2026-07-03 12:51:25,719 | INFO     | keeper.strategy      | TWAP order created: $1,250 in 4 chunks of $312 every 6 blocks
2026-07-03 12:51:34,059 | INFO     | keeper.strategy      | TWAP chunk 3/4: $312 (progress: 75%)
2026-07-03 12:52:06,740 | INFO     | keeper.strategy      | TWAP chunk 4/4: $1,250 (progress: 100%)
2026-07-03 12:52:07,789 | INFO     | keeper.strategy      | TWAP chunk 1/4: $312 (progress: 25%)
2026-07-03 12:52:44,176 | INFO     | keeper.strategy      | TWAP chunk 2/4: $312 (progress: 50%)
2026-07-03 12:53:01,673 | INFO     | keeper.strategy      | TWAP order complete: avg price $0.0000
2026-07-03 12:53:01,674 | INFO     | keeper.strategy      | TWAP order created: $1,250 in 4 chunks of $312 every 6 blocks
2026-07-03 12:53:20,150 | INFO     | keeper.strategy      | TWAP chunk 3/4: $312 (progress: 75%)
2026-07-03 12:53:34,371 | INFO     | keeper.strategy      | TWAP chunk 1/4: $312 (progress: 25%)
2026-07-03 12:54:05,582 | INFO     | keeper.strategy      | TWAP chunk 4/4: $1,250 (progress: 100%)
2026-07-03 12:54:07,241 | INFO     | keeper.strategy      | TWAP chunk 2/4: $312 (progress: 50%)
2026-07-03 12:54:41,441 | INFO     | keeper.strategy      | TWAP order complete: avg price $0.0000
2026-07-03 12:54:41,442 | INFO     | keeper.strategy      | TWAP order created: $1,250 in 4 chunks of $312 every 6 blocks
2026-07-03 12:54:54,412 | INFO     | keeper.strategy      | TWAP chunk 3/4: $312 (progress: 75%)
2026-07-03 12:55:17,132 | INFO     | keeper.strategy      | TWAP chunk 1/4: $312 (progress: 25%)
2026-07-03 12:55:30,002 | INFO     | keeper.strategy      | TWAP chunk 4/4: $1,250 (progress: 100%)
2026-07-03 12:56:02,703 | INFO     | keeper.strategy      | TWAP order complete: avg price $0.0000
2026-07-03 12:56:02,703 | INFO     | keeper.strategy      | TWAP order created: $1,250 in 4 chunks of $312 every 6 blocks
2026-07-03 12:56:07,583 | INFO     | keeper.strategy      | TWAP chunk 2/4: $312 (progress: 50%)
2026-07-03 12:56:41,944 | INFO     | keeper.strategy      | TWAP chunk 3/4: $312 (progress: 75%)
2026-07-03 12:56:52,474 | INFO     | keeper.strategy      | TWAP chunk 1/4: $312 (progress: 25%)
2026-07-03 12:57:20,413 | INFO     | keeper.strategy      | TWAP chunk 4/4: $1,250 (progress: 100%)
2026-07-03 12:57:31,804 | INFO     | keeper.strategy      | TWAP chunk 2/4: $312 (progress: 50%)
2026-07-03 12:58:08,005 | INFO     | keeper.strategy      | TWAP order complete: avg price $0.0000
2026-07-03 12:58:08,005 | INFO     | keeper.strategy      | TWAP order created: $1,250 in 4 chunks of $312 every 6 blocks
2026-07-03 12:58:22,442 | INFO     | keeper.strategy      | TWAP chunk 3/4: $312 (progress: 75%)
2026-07-03 12:58:41,725 | INFO     | keeper.strategy      | TWAP chunk 1/4: $312 (progress: 25%)
2026-07-03 12:59:01,025 | INFO     | keeper.strategy      | TWAP chunk 4/4: $1,250 (progress: 100%)
2026-07-03 12:59:17,075 | INFO     | keeper.strategy      | TWAP chunk 2/4: $312 (progress: 50%)
2026-07-03 12:59:34,436 | INFO     | keeper.strategy      | TWAP order complete: avg price $0.0000
2026-07-03 12:59:34,436 | INFO     | keeper.strategy      | TWAP order created: $1,250 in 4 chunks of $312 every 6 blocks
2026-07-03 13:00:04,855 | INFO     | keeper.strategy      | TWAP chunk 3/4: $312 (progress: 75%)
2026-07-03 13:00:27,036 | INFO     | keeper.strategy      | TWAP chunk 1/4: $312 (progress: 25%)
2026-07-03 13:00:41,268 | INFO     | keeper.strategy      | TWAP chunk 4/4: $1,250 (progress: 100%)
2026-07-03 13:01:02,936 | INFO     | keeper.strategy      | TWAP chunk 2/4: $312 (progress: 50%)
2026-07-03 13:01:17,227 | INFO     | keeper.strategy      | TWAP order complete: avg price $0.0000
2026-07-03 13:01:17,227 | INFO     | keeper.strategy      | TWAP order created: $1,250 in 4 chunks of $312 every 6 blocks
2026-07-03 13:01:52,537 | INFO     | keeper.strategy      | TWAP chunk 3/4: $312 (progress: 75%)
2026-07-03 13:02:04,861 | INFO     | keeper.strategy      | TWAP chunk 1/4: $312 (progress: 25%)
2026-07-03 13:02:30,888 | INFO     | keeper.strategy      | TWAP chunk 4/4: $1,250 (progress: 100%)
2026-07-03 13:02:41,078 | INFO     | keeper.strategy      | TWAP chunk 2/4: $312 (progress: 50%)
2026-07-03 13:03:06,510 | INFO     | keeper.strategy      | TWAP order complete: avg price $0.0000
2026-07-03 13:03:06,510 | INFO     | keeper.strategy      | TWAP order created: $1,250 in 4 chunks of $312 every 6 blocks
2026-07-03 13:03:14,309 | INFO     | keeper.strategy      | TWAP chunk 3/4: $312 (progress: 75%)
2026-07-03 13:03:51,821 | INFO     | keeper.strategy      | TWAP chunk 4/4: $1,250 (progress: 100%)
2026-07-03 13:04:00,200 | INFO     | keeper.strategy      | TWAP chunk 1/4: $312 (progress: 25%)
2026-07-03 13:04:32,900 | INFO     | keeper.strategy      | TWAP chunk 2/4: $312 (progress: 50%)
2026-07-03 13:04:45,830 | INFO     | keeper.strategy      | TWAP order complete: avg price $0.0000
2026-07-03 13:04:45,830 | INFO     | keeper.strategy      | TWAP order created: $1,250 in 4 chunks of $312 every 6 blocks
2026-07-03 13:05:21,460 | INFO     | keeper.strategy      | TWAP chunk 1/4: $312 (progress: 25%)
2026-07-03 13:05:26,680 | INFO     | keeper.strategy      | TWAP chunk 3/4: $312 (progress: 75%)
2026-07-03 13:05:56,921 | INFO     | keeper.strategy      | TWAP chunk 2/4: $312 (progress: 50%)
2026-07-03 13:06:02,721 | INFO     | keeper.strategy      | TWAP chunk 4/4: $1,250 (progress: 100%)
2026-07-03 13:06:33,032 | INFO     | keeper.strategy      | TWAP chunk 3/4: $312 (progress: 75%)
2026-07-03 13:06:38,122 | INFO     | keeper.strategy      | TWAP order complete: avg price $0.0000
2026-07-03 13:06:38,122 | INFO     | keeper.strategy      | TWAP order created: $1,250 in 4 chunks of $312 every 6 blocks
2026-07-03 13:07:08,572 | INFO     | keeper.strategy      | TWAP chunk 4/4: $1,250 (progress: 100%)
2026-07-03 13:07:12,491 | INFO     | keeper.strategy      | TWAP chunk 1/4: $312 (progress: 25%)
2026-07-03 13:07:51,993 | INFO     | keeper.strategy      | TWAP chunk 2/4: $312 (progress: 50%)
2026-07-03 13:08:01,632 | INFO     | keeper.strategy      | TWAP order complete: avg price $0.0000
2026-07-03 13:08:01,633 | INFO     | keeper.strategy      | TWAP order created: $1,250 in 4 chunks of $312 every 6 blocks
2026-07-03 13:08:37,503 | INFO     | keeper.strategy      | TWAP chunk 1/4: $312 (progress: 25%)
2026-07-03 13:08:45,963 | INFO     | keeper.strategy      | TWAP chunk 3/4: $312 (progress: 75%)
2026-07-03 13:09:13,724 | INFO     | keeper.strategy      | TWAP chunk 2/4: $312 (progress: 50%)
2026-07-03 13:09:21,753 | INFO     | keeper.strategy      | TWAP chunk 4/4: $1,250 (progress: 100%)
2026-07-03 13:10:02,044 | INFO     | keeper.strategy      | TWAP order complete: avg price $0.0000
2026-07-03 13:10:02,044 | INFO     | keeper.strategy      | TWAP order created: $1,250 in 4 chunks of $312 every 6 blocks
2026-07-03 13:10:06,409 | INFO     | keeper.strategy      | TWAP chunk 3/4: $312 (progress: 75%)
2026-07-03 13:10:42,213 | INFO     | keeper.strategy      | TWAP chunk 4/4: $1,250 (progress: 100%)
2026-07-03 13:10:59,544 | INFO     | keeper.strategy      | TWAP chunk 1/4: $312 (progress: 25%)
2026-07-03 13:11:17,698 | INFO     | keeper.strategy      | TWAP order complete: avg price $0.0000
2026-07-03 13:11:17,699 | INFO     | keeper.strategy      | TWAP order created: $1,250 in 4 chunks of $312 every 6 blocks
2026-07-03 13:11:35,674 | INFO     | keeper.strategy      | TWAP chunk 2/4: $312 (progress: 50%)
2026-07-03 13:12:11,125 | INFO     | keeper.strategy      | TWAP chunk 1/4: $312 (progress: 25%)
2026-07-03 13:12:12,673 | INFO     | keeper.strategy      | TWAP chunk 3/4: $312 (progress: 75%)
2026-07-03 13:12:44,746 | INFO     | keeper.strategy      | TWAP chunk 2/4: $312 (progress: 50%)
2026-07-03 13:13:09,016 | INFO     | keeper.strategy      | TWAP chunk 4/4: $1,250 (progress: 100%)
2026-07-03 13:13:20,126 | INFO     | keeper.strategy      | TWAP chunk 3/4: $312 (progress: 75%)
2026-07-03 13:13:42,736 | INFO     | keeper.strategy      | TWAP order complete: avg price $0.0000
2026-07-03 13:13:42,736 | INFO     | keeper.strategy      | TWAP order created: $1,250 in 4 chunks of $312 every 6 blocks
2026-07-03 13:13:52,866 | INFO     | keeper.strategy      | TWAP chunk 4/4: $1,250 (progress: 100%)
2026-07-03 13:14:21,473 | INFO     | keeper.strategy      | TWAP chunk 1/4: $312 (progress: 25%)
2026-07-03 13:14:28,357 | INFO     | keeper.strategy      | TWAP order complete: avg price $0.0000
2026-07-03 13:14:28,357 | INFO     | keeper.strategy      | TWAP order created: $1,250 in 4 chunks of $312 every 6 blocks
2026-07-03 13:15:02,727 | INFO     | keeper.strategy      | TWAP chunk 1/4: $312 (progress: 25%)
2026-07-03 13:15:15,837 | INFO     | keeper.strategy      | TWAP chunk 2/4: $312 (progress: 50%)
2026-07-03 13:15:51,859 | INFO     | keeper.strategy      | TWAP chunk 3/4: $312 (progress: 75%)
2026-07-03 13:15:59,007 | INFO     | keeper.strategy      | TWAP chunk 2/4: $312 (progress: 50%)
2026-07-03 13:16:32,509 | INFO     | keeper.strategy      | TWAP chunk 3/4: $312 (progress: 75%)
2026-07-03 13:16:49,539 | INFO     | keeper.strategy      | TWAP chunk 4/4: $1,250 (progress: 100%)
2026-07-03 13:17:10,520 | INFO     | keeper.strategy      | TWAP chunk 4/4: $1,250 (progress: 100%)
2026-07-03 13:17:23,929 | INFO     | keeper.strategy      | TWAP order complete: avg price $0.0000
2026-07-03 13:17:23,929 | INFO     | keeper.strategy      | TWAP order created: $1,250 in 4 chunks of $312 every 6 blocks
2026-07-03 13:17:45,830 | INFO     | keeper.strategy      | TWAP order complete: avg price $0.0000
2026-07-03 13:17:45,831 | INFO     | keeper.strategy      | TWAP order created: $1,250 in 4 chunks of $312 every 6 blocks
2026-07-03 13:18:21,740 | INFO     | keeper.strategy      | TWAP chunk 1/4: $312 (progress: 25%)
2026-07-03 13:18:42,340 | INFO     | keeper.strategy      | TWAP chunk 1/4: $312 (progress: 25%)
2026-07-03 13:19:01,589 | INFO     | keeper.strategy      | TWAP chunk 2/4: $312 (progress: 50%)
2026-07-03 13:19:21,611 | INFO     | keeper.strategy      | TWAP chunk 2/4: $312 (progress: 50%)
2026-07-03 13:19:56,611 | INFO     | keeper.strategy      | TWAP chunk 3/4: $312 (progress: 75%)
2026-07-03 13:20:12,612 | INFO     | keeper.strategy      | TWAP chunk 3/4: $312 (progress: 75%)
2026-07-03 13:20:32,722 | INFO     | keeper.strategy      | TWAP chunk 4/4: $1,250 (progress: 100%)
2026-07-03 13:20:51,212 | INFO     | keeper.strategy      | TWAP chunk 4/4: $1,250 (progress: 100%)
2026-07-03 13:21:27,772 | INFO     | keeper.strategy      | TWAP order complete: avg price $0.0000
2026-07-03 13:21:27,772 | INFO     | keeper.strategy      | TWAP order created: $1,250 in 4 chunks of $312 every 6 blocks
2026-07-03 13:21:49,212 | INFO     | keeper.strategy      | TWAP order complete: avg price $0.0000
2026-07-03 13:21:49,213 | INFO     | keeper.strategy      | TWAP order created: $1,250 in 4 chunks of $312 every 6 blocks
2026-07-03 13:22:03,302 | INFO     | keeper.strategy      | TWAP chunk 1/4: $312 (progress: 25%)
2026-07-03 13:22:22,052 | INFO     | keeper.strategy      | TWAP chunk 1/4: $312 (progress: 25%)
2026-07-03 13:22:41,673 | INFO     | keeper.strategy      | TWAP chunk 2/4: $312 (progress: 50%)
2026-07-03 13:23:01,123 | INFO     | keeper.strategy      | TWAP chunk 2/4: $312 (progress: 50%)
2026-07-03 13:23:42,784 | INFO     | keeper.strategy      | TWAP chunk 3/4: $312 (progress: 75%)
2026-07-03 13:23:52,814 | INFO     | keeper.strategy      | TWAP chunk 3/4: $312 (progress: 75%)
2026-07-03 13:24:21,004 | INFO     | keeper.strategy      | TWAP chunk 4/4: $1,250 (progress: 100%)
2026-07-03 13:24:32,264 | INFO     | keeper.strategy      | TWAP chunk 4/4: $1,250 (progress: 100%)
2026-07-03 13:25:16,665 | INFO     | keeper.strategy      | TWAP order complete: avg price $0.0000
2026-07-03 13:25:16,665 | INFO     | keeper.strategy      | TWAP order created: $1,250 in 4 chunks of $312 every 6 blocks
2026-07-03 13:25:32,805 | INFO     | keeper.strategy      | TWAP order complete: avg price $0.0000
2026-07-03 13:25:32,805 | INFO     | keeper.strategy      | TWAP order created: $1,250 in 4 chunks of $312 every 6 blocks
2026-07-03 13:25:52,005 | INFO     | keeper.strategy      | TWAP chunk 1/4: $312 (progress: 25%)
2026-07-03 13:26:11,096 | INFO     | keeper.strategy      | TWAP chunk 1/4: $312 (progress: 25%)
2026-07-03 13:26:44,455 | INFO     | keeper.strategy      | TWAP chunk 2/4: $312 (progress: 50%)
2026-07-03 13:27:07,416 | INFO     | keeper.strategy      | TWAP chunk 2/4: $312 (progress: 50%)
2026-07-03 13:27:29,856 | INFO     | keeper.strategy      | TWAP chunk 3/4: $312 (progress: 75%)
2026-07-03 13:27:46,797 | INFO     | keeper.strategy      | TWAP chunk 3/4: $312 (progress: 75%)
2026-07-03 13:28:02,937 | INFO     | keeper.strategy      | TWAP chunk 4/4: $1,250 (progress: 100%)
2026-07-03 13:28:41,079 | INFO     | keeper.strategy      | TWAP order complete: avg price $0.0000
2026-07-03 13:28:41,079 | INFO     | keeper.strategy      | TWAP order created: $1,250 in 4 chunks of $312 every 6 blocks
2026-07-03 13:28:52,297 | INFO     | keeper.strategy      | TWAP chunk 4/4: $1,250 (progress: 100%)
2026-07-03 13:29:14,618 | INFO     | keeper.strategy      | TWAP chunk 1/4: $312 (progress: 25%)
2026-07-03 13:29:31,257 | INFO     | keeper.strategy      | TWAP order complete: avg price $0.0000
2026-07-03 13:29:31,258 | INFO     | keeper.strategy      | TWAP order created: $1,250 in 4 chunks of $312 every 6 blocks
2026-07-03 13:30:06,598 | INFO     | keeper.strategy      | TWAP chunk 1/4: $312 (progress: 25%)
2026-07-03 13:30:11,158 | INFO     | keeper.strategy      | TWAP chunk 2/4: $312 (progress: 50%)
2026-07-03 13:30:43,860 | INFO     | keeper.strategy      | TWAP chunk 3/4: $312 (progress: 75%)
2026-07-03 13:31:02,919 | INFO     | keeper.strategy      | TWAP chunk 2/4: $312 (progress: 50%)
2026-07-03 13:31:22,019 | INFO     | keeper.strategy      | TWAP chunk 4/4: $1,250 (progress: 100%)
2026-07-03 13:31:41,179 | INFO     | keeper.strategy      | TWAP chunk 3/4: $312 (progress: 75%)
2026-07-03 13:32:14,120 | INFO     | keeper.strategy      | TWAP order complete: avg price $0.0000
2026-07-03 13:32:14,120 | INFO     | keeper.strategy      | TWAP order created: $1,250 in 4 chunks of $312 every 6 blocks
2026-07-03 13:32:39,250 | INFO     | keeper.strategy      | TWAP chunk 4/4: $1,250 (progress: 100%)
2026-07-03 13:32:52,800 | INFO     | keeper.strategy      | TWAP chunk 1/4: $312 (progress: 25%)
2026-07-03 13:33:12,511 | INFO     | keeper.strategy      | TWAP order complete: avg price $0.0000
2026-07-03 13:33:12,511 | INFO     | keeper.strategy      | TWAP order created: $1,250 in 4 chunks of $312 every 6 blocks
2026-07-03 13:33:31,150 | INFO     | keeper.strategy      | TWAP chunk 2/4: $312 (progress: 50%)
2026-07-03 13:33:52,371 | INFO     | keeper.strategy      | TWAP chunk 1/4: $312 (progress: 25%)
2026-07-03 13:34:24,671 | INFO     | keeper.strategy      | TWAP chunk 3/4: $312 (progress: 75%)
2026-07-03 13:34:49,032 | INFO     | keeper.strategy      | TWAP chunk 2/4: $312 (progress: 50%)
2026-07-03 13:35:02,442 | INFO     | keeper.strategy      | TWAP chunk 4/4: $1,250 (progress: 100%)
2026-07-03 13:35:23,252 | INFO     | keeper.strategy      | TWAP chunk 3/4: $312 (progress: 75%)
2026-07-03 13:35:41,183 | INFO     | keeper.strategy      | TWAP order complete: avg price $0.0000
2026-07-03 13:35:41,183 | INFO     | keeper.strategy      | TWAP order created: $1,250 in 4 chunks of $312 every 6 blocks
2026-07-03 13:36:01,133 | INFO     | keeper.strategy      | TWAP chunk 4/4: $1,250 (progress: 100%)
2026-07-03 13:36:31,885 | INFO     | keeper.strategy      | TWAP chunk 1/4: $312 (progress: 25%)
2026-07-03 13:36:59,103 | INFO     | keeper.strategy      | TWAP order complete: avg price $0.0000
2026-07-03 13:36:59,103 | INFO     | keeper.strategy      | TWAP order created: $1,250 in 4 chunks of $312 every 6 blocks
2026-07-03 13:37:04,724 | INFO     | keeper.strategy      | TWAP chunk 2/4: $312 (progress: 50%)
2026-07-03 13:37:32,754 | INFO     | keeper.strategy      | TWAP chunk 1/4: $312 (progress: 25%)
2026-07-03 13:38:03,394 | INFO     | keeper.strategy      | TWAP chunk 3/4: $312 (progress: 75%)
2026-07-03 13:38:11,064 | INFO     | keeper.strategy      | TWAP chunk 2/4: $312 (progress: 50%)
2026-07-03 13:38:41,734 | INFO     | keeper.strategy      | TWAP chunk 4/4: $1,250 (progress: 100%)
2026-07-03 13:39:02,984 | INFO     | keeper.strategy      | TWAP chunk 3/4: $312 (progress: 75%)
2026-07-03 13:39:17,025 | INFO     | keeper.strategy      | TWAP order complete: avg price $0.0000
2026-07-03 13:39:17,025 | INFO     | keeper.strategy      | TWAP order created: $1,250 in 4 chunks of $312 every 6 blocks
2026-07-03 13:39:40,985 | INFO     | keeper.strategy      | TWAP chunk 4/4: $1,250 (progress: 100%)
2026-07-03 13:40:12,296 | INFO     | keeper.strategy      | TWAP chunk 1/4: $312 (progress: 25%)
2026-07-03 13:40:32,615 | INFO     | keeper.strategy      | TWAP order complete: avg price $0.0000
2026-07-03 13:40:32,616 | INFO     | keeper.strategy      | TWAP order created: $1,250 in 4 chunks of $312 every 6 blocks
2026-07-03 13:40:45,326 | INFO     | keeper.strategy      | TWAP chunk 2/4: $312 (progress: 50%)
2026-07-03 13:41:12,261 | INFO     | keeper.strategy      | TWAP chunk 1/4: $312 (progress: 25%)
2026-07-03 13:41:41,816 | INFO     | keeper.strategy      | TWAP chunk 3/4: $312 (progress: 75%)
2026-07-03 13:41:45,451 | INFO     | keeper.strategy      | TWAP chunk 2/4: $312 (progress: 50%)
2026-07-03 13:42:14,674 | INFO     | keeper.strategy      | TWAP chunk 4/4: $1,250 (progress: 100%)
2026-07-03 13:42:21,615 | INFO     | keeper.strategy      | TWAP chunk 3/4: $312 (progress: 75%)
2026-07-03 13:42:52,075 | INFO     | keeper.strategy      | TWAP order complete: avg price $0.0000
2026-07-03 13:42:52,075 | INFO     | keeper.strategy      | TWAP order created: $1,250 in 4 chunks of $312 every 6 blocks
2026-07-03 13:42:57,190 | INFO     | keeper.strategy      | TWAP chunk 4/4: $1,250 (progress: 100%)
2026-07-03 13:44:38,995 | INFO     | keeper.strategy      | TWAP order created: $1,250 in 4 chunks of $312 every 6 blocks
2026-07-03 13:45:13,313 | INFO     | keeper.strategy      | TWAP chunk 1/4: $312 (progress: 25%)
2026-07-03 13:45:46,090 | INFO     | keeper.strategy      | TWAP chunk 2/4: $312 (progress: 50%)
2026-07-03 13:46:33,366 | INFO     | keeper.strategy      | TWAP chunk 3/4: $312 (progress: 75%)
2026-07-03 13:47:06,181 | INFO     | keeper.strategy      | TWAP chunk 4/4: $1,250 (progress: 100%)
2026-07-03 13:47:53,217 | INFO     | keeper.strategy      | TWAP order complete: avg price $0.0000
2026-07-03 13:47:53,218 | INFO     | keeper.strategy      | TWAP order created: $1,250 in 4 chunks of $312 every 6 blocks
2026-07-03 13:48:26,187 | INFO     | keeper.strategy      | TWAP chunk 1/4: $312 (progress: 25%)
2026-07-03 13:49:12,631 | INFO     | keeper.strategy      | TWAP chunk 2/4: $312 (progress: 50%)
2026-07-03 13:49:57,505 | INFO     | keeper.strategy      | TWAP chunk 3/4: $312 (progress: 75%)
2026-07-03 13:50:33,728 | INFO     | keeper.strategy      | TWAP chunk 4/4: $1,250 (progress: 100%)
2026-07-03 13:51:19,650 | INFO     | keeper.strategy      | TWAP order complete: avg price $0.0000
2026-07-03 13:51:19,650 | INFO     | keeper.strategy      | TWAP order created: $1,250 in 4 chunks of $312 every 6 blocks
2026-07-03 13:52:02,952 | INFO     | keeper.strategy      | TWAP chunk 1/4: $312 (progress: 25%)
2026-07-03 13:52:37,293 | INFO     | keeper.strategy      | TWAP chunk 2/4: $312 (progress: 50%)
2026-07-03 13:53:18,433 | INFO     | keeper.strategy      | TWAP chunk 3/4: $312 (progress: 75%)
2026-07-03 13:53:53,623 | INFO     | keeper.strategy      | TWAP chunk 4/4: $1,250 (progress: 100%)
2026-07-03 13:54:27,352 | INFO     | keeper.strategy      | TWAP order complete: avg price $0.0000
2026-07-03 13:54:27,352 | INFO     | keeper.strategy      | TWAP order created: $1,250 in 4 chunks of $312 every 6 blocks
2026-07-03 13:55:15,123 | INFO     | keeper.strategy      | TWAP chunk 1/4: $312 (progress: 25%)
2026-07-03 13:55:48,183 | INFO     | keeper.strategy      | TWAP chunk 2/4: $312 (progress: 50%)
2026-07-03 13:56:32,433 | INFO     | keeper.strategy      | TWAP chunk 3/4: $312 (progress: 75%)
2026-07-03 13:57:14,534 | INFO     | keeper.strategy      | TWAP chunk 4/4: $1,250 (progress: 100%)
2026-07-03 13:57:49,985 | INFO     | keeper.strategy      | TWAP order complete: avg price $0.0000
2026-07-03 13:57:49,985 | INFO     | keeper.strategy      | TWAP order created: $1,250 in 4 chunks of $312 every 6 blocks
2026-07-03 13:58:34,265 | INFO     | keeper.strategy      | TWAP chunk 1/4: $312 (progress: 25%)
2026-07-03 13:59:07,136 | INFO     | keeper.strategy      | TWAP chunk 2/4: $312 (progress: 50%)
2026-07-03 13:59:52,386 | INFO     | keeper.strategy      | TWAP chunk 3/4: $312 (progress: 75%)
2026-07-03 14:00:38,237 | INFO     | keeper.strategy      | TWAP chunk 4/4: $1,250 (progress: 100%)
2026-07-03 14:19:43,745 | INFO     | keeper.strategy      | TWAP order created: $1,250 in 4 chunks of $312 every 6 blocks
2026-07-03 14:20:16,800 | INFO     | keeper.strategy      | TWAP chunk 1/4: $312 (progress: 25%)
2026-07-03 14:20:49,879 | INFO     | keeper.strategy      | TWAP chunk 2/4: $312 (progress: 50%)
2026-07-03 14:21:33,968 | INFO     | keeper.strategy      | TWAP chunk 3/4: $312 (progress: 75%)
2026-07-03 14:22:06,698 | INFO     | keeper.strategy      | TWAP chunk 4/4: $1,250 (progress: 100%)
2026-07-03 14:22:52,832 | INFO     | keeper.strategy      | TWAP order complete: avg price $0.0000
2026-07-03 14:22:52,832 | INFO     | keeper.strategy      | TWAP order created: $1,250 in 4 chunks of $312 every 6 blocks
2026-07-03 14:23:26,477 | INFO     | keeper.strategy      | TWAP chunk 1/4: $312 (progress: 25%)
2026-07-03 14:24:13,058 | INFO     | keeper.strategy      | TWAP chunk 2/4: $312 (progress: 50%)
2026-07-03 14:24:45,769 | INFO     | keeper.strategy      | TWAP chunk 3/4: $312 (progress: 75%)
2026-07-03 14:25:33,369 | INFO     | keeper.strategy      | TWAP chunk 4/4: $1,250 (progress: 100%)
2026-07-03 14:26:06,209 | INFO     | keeper.strategy      | TWAP order complete: avg price $0.0000
2026-07-03 14:26:06,209 | INFO     | keeper.strategy      | TWAP order created: $1,250 in 4 chunks of $312 every 6 blocks
2026-07-03 14:26:53,359 | INFO     | keeper.strategy      | TWAP chunk 1/4: $312 (progress: 25%)
2026-07-03 14:27:34,330 | INFO     | keeper.strategy      | TWAP chunk 2/4: $312 (progress: 50%)
2026-07-03 14:28:10,339 | INFO     | keeper.strategy      | TWAP chunk 3/4: $312 (progress: 75%)
2026-07-03 14:28:59,071 | INFO     | keeper.strategy      | TWAP chunk 4/4: $1,250 (progress: 100%)
2026-07-03 14:29:42,383 | INFO     | keeper.strategy      | TWAP order complete: avg price $0.0000
2026-07-03 14:29:42,383 | INFO     | keeper.strategy      | TWAP order created: $1,250 in 4 chunks of $312 every 6 blocks
2026-07-03 14:30:15,152 | INFO     | keeper.strategy      | TWAP chunk 1/4: $312 (progress: 25%)
2026-07-03 14:30:54,281 | INFO     | keeper.strategy      | TWAP chunk 2/4: $312 (progress: 50%)
2026-07-03 14:31:29,577 | INFO     | keeper.strategy      | TWAP chunk 3/4: $312 (progress: 75%)
2026-07-03 14:32:12,724 | INFO     | keeper.strategy      | TWAP chunk 4/4: $1,250 (progress: 100%)
2026-07-03 14:32:58,020 | INFO     | keeper.strategy      | TWAP order complete: avg price $0.0000
2026-07-03 14:32:58,020 | INFO     | keeper.strategy      | TWAP order created: $1,250 in 4 chunks of $312 every 6 blocks
2026-07-03 14:33:41,933 | INFO     | keeper.strategy      | TWAP chunk 1/4: $312 (progress: 25%)
2026-07-03 14:34:15,250 | INFO     | keeper.strategy      | TWAP chunk 2/4: $312 (progress: 50%)
2026-07-03 14:34:57,991 | INFO     | keeper.strategy      | TWAP chunk 3/4: $312 (progress: 75%)
2026-07-03 14:35:42,303 | INFO     | keeper.strategy      | TWAP chunk 4/4: $1,250 (progress: 100%)
2026-07-03 14:36:16,100 | INFO     | keeper.strategy      | TWAP order complete: avg price $0.0000
2026-07-03 14:36:16,100 | INFO     | keeper.strategy      | TWAP order created: $1,250 in 4 chunks of $312 every 6 blocks
2026-07-03 14:36:58,050 | INFO     | keeper.strategy      | TWAP chunk 1/4: $312 (progress: 25%)
2026-07-03 14:37:35,316 | INFO     | keeper.strategy      | TWAP chunk 2/4: $312 (progress: 50%)
2026-07-03 14:38:22,821 | INFO     | keeper.strategy      | TWAP chunk 3/4: $312 (progress: 75%)
2026-07-03 14:38:56,035 | INFO     | keeper.strategy      | TWAP chunk 4/4: $1,250 (progress: 100%)
2026-07-03 14:39:43,580 | INFO     | keeper.strategy      | TWAP order complete: avg price $0.0000
2026-07-03 14:39:43,580 | INFO     | keeper.strategy      | TWAP order created: $1,250 in 4 chunks of $312 every 6 blocks
2026-07-03 14:40:16,374 | INFO     | keeper.strategy      | TWAP chunk 1/4: $312 (progress: 25%)
2026-07-03 14:41:03,316 | INFO     | keeper.strategy      | TWAP chunk 2/4: $312 (progress: 50%)
2026-07-03 14:41:43,933 | INFO     | keeper.strategy      | TWAP chunk 3/4: $312 (progress: 75%)
2026-07-03 14:42:19,222 | INFO     | keeper.strategy      | TWAP chunk 4/4: $1,250 (progress: 100%)
2026-07-03 14:43:03,281 | INFO     | keeper.strategy      | TWAP order complete: avg price $0.0000
2026-07-03 14:43:03,281 | INFO     | keeper.strategy      | TWAP order created: $1,250 in 4 chunks of $312 every 6 blocks
2026-07-03 14:43:51,804 | INFO     | keeper.strategy      | TWAP chunk 1/4: $312 (progress: 25%)
2026-07-03 14:44:34,733 | INFO     | keeper.strategy      | TWAP chunk 2/4: $312 (progress: 50%)
2026-07-03 14:45:25,474 | INFO     | keeper.strategy      | TWAP chunk 3/4: $312 (progress: 75%)
2026-07-03 14:46:01,015 | INFO     | keeper.strategy      | TWAP chunk 4/4: $1,250 (progress: 100%)
2026-07-03 14:46:46,275 | INFO     | keeper.strategy      | TWAP order complete: avg price $0.0000
2026-07-03 14:46:46,275 | INFO     | keeper.strategy      | TWAP order created: $1,250 in 4 chunks of $312 every 6 blocks
2026-07-03 14:47:22,075 | INFO     | keeper.strategy      | TWAP chunk 1/4: $312 (progress: 25%)
2026-07-03 14:48:04,486 | INFO     | keeper.strategy      | TWAP chunk 2/4: $312 (progress: 50%)
2026-07-03 14:48:37,495 | INFO     | keeper.strategy      | TWAP chunk 3/4: $312 (progress: 75%)
2026-07-03 14:49:22,716 | INFO     | keeper.strategy      | TWAP chunk 4/4: $1,250 (progress: 100%)
2026-07-03 14:50:04,156 | INFO     | keeper.strategy      | TWAP order complete: avg price $0.0000
2026-07-03 14:50:04,157 | INFO     | keeper.strategy      | TWAP order created: $1,250 in 4 chunks of $312 every 6 blocks
2026-07-03 14:50:39,646 | INFO     | keeper.strategy      | TWAP chunk 1/4: $312 (progress: 25%)
2026-07-03 14:51:23,587 | INFO     | keeper.strategy      | TWAP chunk 2/4: $312 (progress: 50%)
2026-07-03 14:51:57,047 | INFO     | keeper.strategy      | TWAP chunk 3/4: $312 (progress: 75%)
2026-07-03 14:52:43,968 | INFO     | keeper.strategy      | TWAP chunk 4/4: $1,250 (progress: 100%)
2026-07-03 14:53:17,277 | INFO     | keeper.strategy      | TWAP order complete: avg price $0.0000
2026-07-03 14:53:17,277 | INFO     | keeper.strategy      | TWAP order created: $1,250 in 4 chunks of $312 every 6 blocks
2026-07-03 14:54:03,647 | INFO     | keeper.strategy      | TWAP chunk 1/4: $312 (progress: 25%)
2026-07-03 14:54:49,268 | INFO     | keeper.strategy      | TWAP chunk 2/4: $312 (progress: 50%)
2026-07-03 14:55:33,949 | INFO     | keeper.strategy      | TWAP chunk 3/4: $312 (progress: 75%)
2026-07-03 14:56:22,919 | INFO     | keeper.strategy      | TWAP chunk 4/4: $1,250 (progress: 100%)
2026-07-03 14:56:55,688 | INFO     | keeper.strategy      | TWAP order complete: avg price $0.0000
2026-07-03 14:56:55,688 | INFO     | keeper.strategy      | TWAP order created: $1,250 in 4 chunks of $312 every 6 blocks
2026-07-03 14:57:37,349 | INFO     | keeper.strategy      | TWAP chunk 1/4: $312 (progress: 25%)
2026-07-03 14:58:13,799 | INFO     | keeper.strategy      | TWAP chunk 2/4: $312 (progress: 50%)
2026-07-03 14:58:56,280 | INFO     | keeper.strategy      | TWAP chunk 3/4: $312 (progress: 75%)
2026-07-03 14:59:28,960 | INFO     | keeper.strategy      | TWAP chunk 4/4: $1,250 (progress: 100%)
2026-07-03 15:00:12,781 | INFO     | keeper.strategy      | TWAP order complete: avg price $0.0000
2026-07-03 15:00:12,781 | INFO     | keeper.strategy      | TWAP order created: $1,250 in 4 chunks of $312 every 6 blocks
2026-07-03 15:00:45,490 | INFO     | keeper.strategy      | TWAP chunk 1/4: $312 (progress: 25%)
2026-07-03 15:01:19,560 | INFO     | keeper.strategy      | TWAP chunk 2/4: $312 (progress: 50%)
2026-07-03 15:02:05,671 | INFO     | keeper.strategy      | TWAP chunk 3/4: $312 (progress: 75%)
2026-07-03 15:02:47,891 | INFO     | keeper.strategy      | TWAP chunk 4/4: $1,250 (progress: 100%)
2026-07-03 15:03:24,878 | INFO     | keeper.strategy      | TWAP order complete: avg price $0.0000
2026-07-03 15:03:24,878 | INFO     | keeper.strategy      | TWAP order created: $1,250 in 4 chunks of $312 every 6 blocks
2026-07-03 15:04:13,332 | INFO     | keeper.strategy      | TWAP chunk 1/4: $312 (progress: 25%)
2026-07-03 15:04:46,761 | INFO     | keeper.strategy      | TWAP chunk 2/4: $312 (progress: 50%)
2026-07-03 15:05:33,953 | INFO     | keeper.strategy      | TWAP chunk 3/4: $312 (progress: 75%)
2026-07-03 15:06:07,481 | INFO     | keeper.strategy      | TWAP chunk 4/4: $1,250 (progress: 100%)
2026-07-03 15:06:52,947 | INFO     | keeper.strategy      | TWAP order complete: avg price $0.0000
2026-07-03 15:06:52,948 | INFO     | keeper.strategy      | TWAP order created: $1,250 in 4 chunks of $312 every 6 blocks
2026-07-03 15:07:38,029 | INFO     | keeper.strategy      | TWAP chunk 1/4: $312 (progress: 25%)
2026-07-03 15:08:22,579 | INFO     | keeper.strategy      | TWAP chunk 2/4: $312 (progress: 50%)
2026-07-03 15:08:55,239 | INFO     | keeper.strategy      | TWAP chunk 3/4: $312 (progress: 75%)
2026-07-03 15:09:37,433 | INFO     | keeper.strategy      | TWAP chunk 4/4: $1,250 (progress: 100%)
2026-07-03 15:10:23,233 | INFO     | keeper.strategy      | TWAP order complete: avg price $0.0000
2026-07-03 15:10:23,233 | INFO     | keeper.strategy      | TWAP order created: $1,250 in 4 chunks of $312 every 6 blocks
2026-07-03 15:10:58,833 | INFO     | keeper.strategy      | TWAP chunk 1/4: $312 (progress: 25%)
2026-07-03 15:11:44,524 | INFO     | keeper.strategy      | TWAP chunk 2/4: $312 (progress: 50%)
2026-07-03 15:12:17,254 | INFO     | keeper.strategy      | TWAP chunk 3/4: $312 (progress: 75%)
2026-07-03 15:13:03,754 | INFO     | keeper.strategy      | TWAP chunk 4/4: $1,250 (progress: 100%)
2026-07-03 15:13:36,664 | INFO     | keeper.strategy      | TWAP order complete: avg price $0.0000
2026-07-03 15:13:36,665 | INFO     | keeper.strategy      | TWAP order created: $1,250 in 4 chunks of $312 every 6 blocks
2026-07-03 15:14:17,605 | INFO     | keeper.strategy      | TWAP chunk 1/4: $312 (progress: 25%)
2026-07-03 15:14:53,195 | INFO     | keeper.strategy      | TWAP chunk 2/4: $312 (progress: 50%)
2026-07-03 15:15:42,914 | INFO     | keeper.strategy      | TWAP chunk 3/4: $312 (progress: 75%)
2026-07-03 15:16:15,914 | INFO     | keeper.strategy      | TWAP chunk 4/4: $1,250 (progress: 100%)
2026-07-03 15:17:03,345 | INFO     | keeper.strategy      | TWAP order complete: avg price $0.0000
2026-07-03 15:17:03,345 | INFO     | keeper.strategy      | TWAP order created: $1,250 in 4 chunks of $312 every 6 blocks
2026-07-03 15:17:36,076 | INFO     | keeper.strategy      | TWAP chunk 1/4: $312 (progress: 25%)
2026-07-03 15:18:23,535 | INFO     | keeper.strategy      | TWAP chunk 2/4: $312 (progress: 50%)
2026-07-03 15:18:57,528 | INFO     | keeper.strategy      | TWAP chunk 3/4: $312 (progress: 75%)
2026-07-03 15:19:43,026 | INFO     | keeper.strategy      | TWAP chunk 4/4: $1,250 (progress: 100%)
2026-07-03 15:20:26,977 | INFO     | keeper.strategy      | TWAP order complete: avg price $0.0000
2026-07-03 15:20:26,977 | INFO     | keeper.strategy      | TWAP order created: $1,250 in 4 chunks of $312 every 6 blocks
2026-07-03 15:21:04,327 | INFO     | keeper.strategy      | TWAP chunk 1/4: $312 (progress: 25%)
2026-07-03 15:21:49,316 | INFO     | keeper.strategy      | TWAP chunk 2/4: $312 (progress: 50%)
2026-07-03 15:22:32,947 | INFO     | keeper.strategy      | TWAP chunk 3/4: $312 (progress: 75%)
2026-07-03 15:23:06,857 | INFO     | keeper.strategy      | TWAP chunk 4/4: $1,250 (progress: 100%)
2026-07-03 15:23:51,857 | INFO     | keeper.strategy      | TWAP order complete: avg price $0.0000
2026-07-03 15:23:51,858 | INFO     | keeper.strategy      | TWAP order created: $1,250 in 4 chunks of $312 every 6 blocks
2026-07-03 15:24:34,188 | INFO     | keeper.strategy      | TWAP chunk 1/4: $312 (progress: 25%)
2026-07-03 15:25:09,598 | INFO     | keeper.strategy      | TWAP chunk 2/4: $312 (progress: 50%)
2026-07-03 15:25:55,908 | INFO     | keeper.strategy      | TWAP chunk 3/4: $312 (progress: 75%)
2026-07-03 15:26:41,788 | INFO     | keeper.strategy      | TWAP chunk 4/4: $1,250 (progress: 100%)
2026-07-03 15:27:14,638 | INFO     | keeper.strategy      | TWAP order complete: avg price $0.0000
2026-07-03 15:27:14,639 | INFO     | keeper.strategy      | TWAP order created: $1,250 in 4 chunks of $312 every 6 blocks
2026-07-03 15:27:47,529 | INFO     | keeper.strategy      | TWAP chunk 1/4: $312 (progress: 25%)
2026-07-03 15:28:33,190 | INFO     | keeper.strategy      | TWAP chunk 2/4: $312 (progress: 50%)
2026-07-03 15:29:18,374 | INFO     | keeper.strategy      | TWAP chunk 3/4: $312 (progress: 75%)
2026-07-03 15:29:52,759 | INFO     | keeper.strategy      | TWAP chunk 4/4: $1,250 (progress: 100%)
2026-07-03 15:30:40,956 | INFO     | keeper.strategy      | TWAP order complete: avg price $0.0000
2026-07-03 15:30:40,956 | INFO     | keeper.strategy      | TWAP order created: $1,250 in 4 chunks of $312 every 6 blocks
2026-07-03 15:31:13,880 | INFO     | keeper.strategy      | TWAP chunk 1/4: $312 (progress: 25%)
2026-07-03 15:32:03,809 | INFO     | keeper.strategy      | TWAP chunk 2/4: $312 (progress: 50%)
2026-07-03 15:32:44,261 | INFO     | keeper.strategy      | TWAP chunk 3/4: $312 (progress: 75%)
2026-07-03 15:33:20,884 | INFO     | keeper.strategy      | TWAP chunk 4/4: $1,250 (progress: 100%)
2026-07-03 15:34:06,225 | INFO     | keeper.strategy      | TWAP order complete: avg price $0.0000
2026-07-03 15:34:06,225 | INFO     | keeper.strategy      | TWAP order created: $1,250 in 4 chunks of $312 every 6 blocks
2026-07-03 15:34:47,176 | INFO     | keeper.strategy      | TWAP chunk 1/4: $312 (progress: 25%)
2026-07-03 15:35:23,365 | INFO     | keeper.strategy      | TWAP chunk 2/4: $312 (progress: 50%)
2026-07-03 15:36:09,117 | INFO     | keeper.strategy      | TWAP chunk 3/4: $312 (progress: 75%)
2026-07-03 15:36:53,571 | INFO     | keeper.strategy      | TWAP chunk 4/4: $1,250 (progress: 100%)
2026-07-03 15:37:28,949 | INFO     | keeper.strategy      | TWAP order complete: avg price $0.0000
2026-07-03 15:37:28,949 | INFO     | keeper.strategy      | TWAP order created: $1,250 in 4 chunks of $312 every 6 blocks
2026-07-03 15:38:13,370 | INFO     | keeper.strategy      | TWAP chunk 1/4: $312 (progress: 25%)
2026-07-03 15:38:46,241 | INFO     | keeper.strategy      | TWAP chunk 2/4: $312 (progress: 50%)
2026-07-03 15:39:33,592 | INFO     | keeper.strategy      | TWAP chunk 3/4: $312 (progress: 75%)
2026-07-03 15:40:14,003 | INFO     | keeper.strategy      | TWAP chunk 4/4: $1,250 (progress: 100%)
2026-07-03 15:40:49,554 | INFO     | keeper.strategy      | TWAP order complete: avg price $0.0000
2026-07-03 15:40:49,554 | INFO     | keeper.strategy      | TWAP order created: $1,250 in 4 chunks of $312 every 6 blocks
2026-07-03 15:41:33,675 | INFO     | keeper.strategy      | TWAP chunk 1/4: $312 (progress: 25%)
2026-07-03 15:42:06,935 | INFO     | keeper.strategy      | TWAP chunk 2/4: $312 (progress: 50%)
2026-07-03 15:42:52,889 | INFO     | keeper.strategy      | TWAP chunk 3/4: $312 (progress: 75%)
2026-07-03 15:43:25,786 | INFO     | keeper.strategy      | TWAP chunk 4/4: $1,250 (progress: 100%)
2026-07-03 15:44:34,818 | INFO     | keeper.strategy      | TWAP order complete: avg price $0.0000
2026-07-03 15:44:34,818 | INFO     | keeper.strategy      | TWAP order created: $1,250 in 4 chunks of $312 every 6 blocks
2026-07-03 15:45:22,748 | INFO     | keeper.strategy      | TWAP chunk 1/4: $312 (progress: 25%)
2026-07-03 15:45:55,529 | INFO     | keeper.strategy      | TWAP chunk 2/4: $312 (progress: 50%)
2026-07-03 15:46:28,271 | INFO     | keeper.strategy      | TWAP chunk 3/4: $312 (progress: 75%)
2026-07-03 15:47:12,450 | INFO     | keeper.strategy      | TWAP chunk 4/4: $1,250 (progress: 100%)
2026-07-03 15:47:46,621 | INFO     | keeper.strategy      | TWAP order complete: avg price $0.0000
2026-07-03 15:47:46,621 | INFO     | keeper.strategy      | TWAP order created: $1,250 in 4 chunks of $312 every 6 blocks
2026-07-03 15:48:33,331 | INFO     | keeper.strategy      | TWAP chunk 1/4: $312 (progress: 25%)
2026-07-03 15:49:14,292 | INFO     | keeper.strategy      | TWAP chunk 2/4: $312 (progress: 50%)
2026-07-03 15:49:49,682 | INFO     | keeper.strategy      | TWAP chunk 3/4: $312 (progress: 75%)
2026-07-03 15:50:34,264 | INFO     | keeper.strategy      | TWAP chunk 4/4: $1,250 (progress: 100%)
2026-07-03 15:51:21,480 | INFO     | keeper.strategy      | TWAP order complete: avg price $0.0000
2026-07-03 15:51:21,480 | INFO     | keeper.strategy      | TWAP order created: $1,250 in 4 chunks of $312 every 6 blocks
2026-07-03 15:51:54,544 | INFO     | keeper.strategy      | TWAP chunk 1/4: $312 (progress: 25%)
2026-07-03 15:52:43,386 | INFO     | keeper.strategy      | TWAP chunk 2/4: $312 (progress: 50%)
2026-07-03 15:53:16,165 | INFO     | keeper.strategy      | TWAP chunk 3/4: $312 (progress: 75%)
2026-07-03 15:53:57,637 | INFO     | keeper.strategy      | TWAP chunk 4/4: $1,250 (progress: 100%)
2026-07-03 15:54:33,368 | INFO     | keeper.strategy      | TWAP order complete: avg price $0.0000
2026-07-03 15:54:33,368 | INFO     | keeper.strategy      | TWAP order created: $1,250 in 4 chunks of $312 every 6 blocks
2026-07-03 15:55:20,113 | INFO     | keeper.strategy      | TWAP chunk 1/4: $312 (progress: 25%)
2026-07-03 15:55:52,817 | INFO     | keeper.strategy      | TWAP chunk 2/4: $312 (progress: 50%)
2026-07-03 15:56:42,458 | INFO     | keeper.strategy      | TWAP chunk 3/4: $312 (progress: 75%)
2026-07-03 15:57:15,239 | INFO     | keeper.strategy      | TWAP chunk 4/4: $1,250 (progress: 100%)
2026-07-03 15:58:10,889 | INFO     | keeper.strategy      | TWAP order complete: avg price $0.0000
2026-07-03 15:58:10,889 | INFO     | keeper.strategy      | TWAP order created: $1,250 in 4 chunks of $312 every 6 blocks
2026-07-03 15:58:43,688 | INFO     | keeper.strategy      | TWAP chunk 1/4: $312 (progress: 25%)
2026-07-03 15:59:16,500 | INFO     | keeper.strategy      | TWAP chunk 2/4: $312 (progress: 50%)
2026-07-03 16:00:02,859 | INFO     | keeper.strategy      | TWAP chunk 3/4: $312 (progress: 75%)
2026-07-03 16:00:53,542 | INFO     | keeper.strategy      | TWAP chunk 4/4: $1,250 (progress: 100%)
2026-07-03 16:01:28,462 | INFO     | keeper.strategy      | TWAP order complete: avg price $0.0000
2026-07-03 16:01:28,464 | INFO     | keeper.strategy      | TWAP order created: $1,250 in 4 chunks of $312 every 6 blocks
2026-07-03 16:02:12,712 | INFO     | keeper.strategy      | TWAP chunk 1/4: $312 (progress: 25%)
2026-07-03 16:02:45,472 | INFO     | keeper.strategy      | TWAP chunk 2/4: $312 (progress: 50%)
2026-07-03 16:03:18,873 | INFO     | keeper.strategy      | TWAP chunk 3/4: $312 (progress: 75%)
2026-07-03 16:04:02,455 | INFO     | keeper.strategy      | TWAP chunk 4/4: $1,250 (progress: 100%)
2026-07-03 16:04:35,623 | INFO     | keeper.strategy      | TWAP order complete: avg price $0.0000
2026-07-03 16:04:35,623 | INFO     | keeper.strategy      | TWAP order created: $1,250 in 4 chunks of $312 every 6 blocks
2026-07-03 16:05:26,753 | INFO     | keeper.strategy      | TWAP chunk 1/4: $312 (progress: 25%)
2026-07-03 16:06:08,008 | INFO     | keeper.strategy      | TWAP chunk 2/4: $312 (progress: 50%)
2026-07-03 16:06:44,134 | INFO     | keeper.strategy      | TWAP chunk 3/4: $312 (progress: 75%)
2026-07-03 16:07:29,466 | INFO     | keeper.strategy      | TWAP chunk 4/4: $1,250 (progress: 100%)
2026-07-03 16:08:12,026 | INFO     | keeper.strategy      | TWAP order complete: avg price $0.0000
2026-07-03 16:08:12,026 | INFO     | keeper.strategy      | TWAP order created: $1,250 in 4 chunks of $312 every 6 blocks
2026-07-03 16:08:44,806 | INFO     | keeper.strategy      | TWAP chunk 1/4: $312 (progress: 25%)
2026-07-03 16:09:17,696 | INFO     | keeper.strategy      | TWAP chunk 2/4: $312 (progress: 50%)
2026-07-03 16:10:02,956 | INFO     | keeper.strategy      | TWAP chunk 3/4: $312 (progress: 75%)
2026-07-03 16:10:47,823 | INFO     | keeper.strategy      | TWAP chunk 4/4: $1,250 (progress: 100%)
2026-07-03 16:11:23,481 | INFO     | keeper.strategy      | TWAP order complete: avg price $0.0000
2026-07-03 16:11:23,482 | INFO     | keeper.strategy      | TWAP order created: $1,250 in 4 chunks of $312 every 6 blocks
2026-07-03 16:12:06,450 | INFO     | keeper.strategy      | TWAP chunk 1/4: $312 (progress: 25%)
2026-07-03 16:12:39,308 | INFO     | keeper.strategy      | TWAP chunk 2/4: $312 (progress: 50%)
2026-07-03 16:13:23,219 | INFO     | keeper.strategy      | TWAP chunk 3/4: $312 (progress: 75%)
2026-07-03 16:13:55,988 | INFO     | keeper.strategy      | TWAP chunk 4/4: $1,250 (progress: 100%)
2026-07-03 16:14:37,370 | INFO     | keeper.strategy      | TWAP order complete: avg price $0.0000
2026-07-03 16:14:37,370 | INFO     | keeper.strategy      | TWAP order created: $1,250 in 4 chunks of $312 every 6 blocks
2026-07-03 16:15:25,969 | INFO     | keeper.strategy      | TWAP chunk 1/4: $312 (progress: 25%)
2026-07-03 16:15:58,681 | INFO     | keeper.strategy      | TWAP chunk 2/4: $312 (progress: 50%)
2026-07-03 16:16:43,115 | INFO     | keeper.strategy      | TWAP chunk 3/4: $312 (progress: 75%)
2026-07-03 16:17:27,475 | INFO     | keeper.strategy      | TWAP chunk 4/4: $1,250 (progress: 100%)
2026-07-03 16:18:13,154 | INFO     | keeper.strategy      | TWAP order complete: avg price $0.0000
2026-07-03 16:18:13,154 | INFO     | keeper.strategy      | TWAP order created: $1,250 in 4 chunks of $312 every 6 blocks
2026-07-03 16:18:49,379 | INFO     | keeper.strategy      | TWAP chunk 1/4: $312 (progress: 25%)
2026-07-03 16:19:34,814 | INFO     | keeper.strategy      | TWAP chunk 2/4: $312 (progress: 50%)
2026-07-03 16:20:08,466 | INFO     | keeper.strategy      | TWAP chunk 3/4: $312 (progress: 75%)
2026-07-03 16:20:53,103 | INFO     | keeper.strategy      | TWAP chunk 4/4: $1,250 (progress: 100%)
2026-07-03 16:21:26,154 | INFO     | keeper.strategy      | TWAP order complete: avg price $0.0000
2026-07-03 16:21:26,154 | INFO     | keeper.strategy      | TWAP order created: $1,250 in 4 chunks of $312 every 6 blocks
2026-07-03 16:22:07,519 | INFO     | keeper.strategy      | TWAP chunk 1/4: $312 (progress: 25%)
2026-07-03 16:22:43,406 | INFO     | keeper.strategy      | TWAP chunk 2/4: $312 (progress: 50%)
2026-07-03 16:23:32,513 | INFO     | keeper.strategy      | TWAP chunk 3/4: $312 (progress: 75%)
2026-07-03 16:24:17,882 | INFO     | keeper.strategy      | TWAP chunk 4/4: $1,250 (progress: 100%)
2026-07-03 16:24:53,404 | INFO     | keeper.strategy      | TWAP order complete: avg price $0.0000
2026-07-03 16:24:53,404 | INFO     | keeper.strategy      | TWAP order created: $1,250 in 4 chunks of $312 every 6 blocks
2026-07-03 16:25:26,500 | INFO     | keeper.strategy      | TWAP chunk 1/4: $312 (progress: 25%)
2026-07-03 16:26:11,289 | INFO     | keeper.strategy      | TWAP chunk 2/4: $312 (progress: 50%)
2026-07-03 16:26:43,973 | INFO     | keeper.strategy      | TWAP chunk 3/4: $312 (progress: 75%)
2026-07-03 16:27:28,387 | INFO     | keeper.strategy      | TWAP chunk 4/4: $1,250 (progress: 100%)
2026-07-03 16:28:13,831 | INFO     | keeper.strategy      | TWAP order complete: avg price $0.0000
2026-07-03 16:28:13,831 | INFO     | keeper.strategy      | TWAP order created: $1,250 in 4 chunks of $312 every 6 blocks
2026-07-03 16:28:49,819 | INFO     | keeper.strategy      | TWAP chunk 1/4: $312 (progress: 25%)
2026-07-03 16:29:33,679 | INFO     | keeper.strategy      | TWAP chunk 2/4: $312 (progress: 50%)
2026-07-03 16:30:06,455 | INFO     | keeper.strategy      | TWAP chunk 3/4: $312 (progress: 75%)
2026-07-03 16:30:53,102 | INFO     | keeper.strategy      | TWAP chunk 4/4: $1,250 (progress: 100%)
2026-07-03 16:31:41,211 | INFO     | keeper.strategy      | TWAP order complete: avg price $0.0000
2026-07-03 16:31:41,211 | INFO     | keeper.strategy      | TWAP order created: $1,250 in 4 chunks of $312 every 6 blocks
2026-07-03 16:32:13,981 | INFO     | keeper.strategy      | TWAP chunk 1/4: $312 (progress: 25%)
2026-07-03 16:32:58,949 | INFO     | keeper.strategy      | TWAP chunk 2/4: $312 (progress: 50%)
2026-07-03 16:33:42,213 | INFO     | keeper.strategy      | TWAP chunk 3/4: $312 (progress: 75%)
2026-07-03 16:34:14,902 | INFO     | keeper.strategy      | TWAP chunk 4/4: $1,250 (progress: 100%)
2026-07-03 16:35:00,343 | INFO     | keeper.strategy      | TWAP order complete: avg price $0.0000
2026-07-03 16:35:00,344 | INFO     | keeper.strategy      | TWAP order created: $1,250 in 4 chunks of $312 every 6 blocks
2026-07-03 16:35:33,277 | INFO     | keeper.strategy      | TWAP chunk 1/4: $312 (progress: 25%)
2026-07-03 16:36:06,690 | INFO     | keeper.strategy      | TWAP chunk 2/4: $312 (progress: 50%)
2026-07-03 16:36:52,764 | INFO     | keeper.strategy      | TWAP chunk 3/4: $312 (progress: 75%)
2026-07-03 16:37:25,976 | INFO     | keeper.strategy      | TWAP chunk 4/4: $1,250 (progress: 100%)
2026-07-03 16:38:12,428 | INFO     | keeper.strategy      | TWAP order complete: avg price $0.0000
2026-07-03 16:38:12,428 | INFO     | keeper.strategy      | TWAP order created: $1,250 in 4 chunks of $312 every 6 blocks
2026-07-03 16:38:54,357 | INFO     | keeper.strategy      | TWAP chunk 1/4: $312 (progress: 25%)
2026-07-03 16:39:29,729 | INFO     | keeper.strategy      | TWAP chunk 2/4: $312 (progress: 50%)
2026-07-03 16:40:14,079 | INFO     | keeper.strategy      | TWAP chunk 3/4: $312 (progress: 75%)
2026-07-03 16:40:47,010 | INFO     | keeper.strategy      | TWAP chunk 4/4: $1,250 (progress: 100%)
2026-07-03 16:41:33,741 | INFO     | keeper.strategy      | TWAP order complete: avg price $0.0000
2026-07-03 16:41:33,741 | INFO     | keeper.strategy      | TWAP order created: $1,250 in 4 chunks of $312 every 6 blocks
2026-07-03 16:42:14,074 | INFO     | keeper.strategy      | TWAP chunk 1/4: $312 (progress: 25%)
2026-07-03 16:42:49,483 | INFO     | keeper.strategy      | TWAP chunk 2/4: $312 (progress: 50%)
2026-07-03 16:43:33,673 | INFO     | keeper.strategy      | TWAP chunk 3/4: $312 (progress: 75%)
2026-07-03 16:44:06,393 | INFO     | keeper.strategy      | TWAP chunk 4/4: $1,250 (progress: 100%)
2026-07-03 16:44:52,876 | INFO     | keeper.strategy      | TWAP order complete: avg price $0.0000
2026-07-03 16:44:52,878 | INFO     | keeper.strategy      | TWAP order created: $1,250 in 4 chunks of $312 every 6 blocks
2026-07-03 16:45:37,564 | INFO     | keeper.strategy      | TWAP chunk 1/4: $312 (progress: 25%)
2026-07-03 16:46:24,176 | INFO     | keeper.strategy      | TWAP chunk 2/4: $312 (progress: 50%)
2026-07-03 16:46:59,546 | INFO     | keeper.strategy      | TWAP chunk 3/4: $312 (progress: 75%)
2026-07-03 16:47:41,838 | INFO     | keeper.strategy      | TWAP chunk 4/4: $1,250 (progress: 100%)
2026-07-03 16:48:15,270 | INFO     | keeper.strategy      | TWAP order complete: avg price $0.0000
2026-07-03 16:48:15,271 | INFO     | keeper.strategy      | TWAP order created: $1,250 in 4 chunks of $312 every 6 blocks
2026-07-03 16:48:57,670 | INFO     | keeper.strategy      | TWAP chunk 1/4: $312 (progress: 25%)
2026-07-03 16:49:34,050 | INFO     | keeper.strategy      | TWAP chunk 2/4: $312 (progress: 50%)
2026-07-03 16:50:21,302 | INFO     | keeper.strategy      | TWAP chunk 3/4: $312 (progress: 75%)
2026-07-03 16:50:55,231 | INFO     | keeper.strategy      | TWAP chunk 4/4: $1,250 (progress: 100%)
2026-07-03 16:51:38,231 | INFO     | keeper.strategy      | TWAP order complete: avg price $0.0000
2026-07-03 16:51:38,232 | INFO     | keeper.strategy      | TWAP order created: $1,250 in 4 chunks of $312 every 6 blocks
2026-07-03 16:52:12,603 | INFO     | keeper.strategy      | TWAP chunk 1/4: $312 (progress: 25%)
2026-07-03 16:52:46,864 | INFO     | keeper.strategy      | TWAP chunk 2/4: $312 (progress: 50%)
2026-07-03 16:53:32,845 | INFO     | keeper.strategy      | TWAP chunk 3/4: $312 (progress: 75%)
2026-07-03 16:54:05,797 | INFO     | keeper.strategy      | TWAP chunk 4/4: $1,250 (progress: 100%)
2026-07-03 16:54:55,615 | INFO     | keeper.strategy      | TWAP order complete: avg price $0.0000
2026-07-03 16:54:55,619 | INFO     | keeper.strategy      | TWAP order created: $1,250 in 4 chunks of $312 every 6 blocks
2026-07-03 16:55:37,977 | INFO     | keeper.strategy      | TWAP chunk 1/4: $312 (progress: 25%)
2026-07-03 16:56:22,905 | INFO     | keeper.strategy      | TWAP chunk 2/4: $312 (progress: 50%)
2026-07-03 16:57:11,761 | INFO     | keeper.strategy      | TWAP chunk 3/4: $312 (progress: 75%)
2026-07-03 16:57:44,867 | INFO     | keeper.strategy      | TWAP chunk 4/4: $1,250 (progress: 100%)
2026-07-03 16:58:28,309 | INFO     | keeper.strategy      | TWAP order complete: avg price $0.0000
2026-07-03 16:58:28,309 | INFO     | keeper.strategy      | TWAP order created: $1,250 in 4 chunks of $312 every 6 blocks
2026-07-03 16:59:02,729 | INFO     | keeper.strategy      | TWAP chunk 1/4: $312 (progress: 25%)
2026-07-03 16:59:44,318 | INFO     | keeper.strategy      | TWAP chunk 2/4: $312 (progress: 50%)
2026-07-03 17:00:19,845 | INFO     | keeper.strategy      | TWAP chunk 3/4: $312 (progress: 75%)
2026-07-03 17:01:05,945 | INFO     | keeper.strategy      | TWAP chunk 4/4: $1,250 (progress: 100%)
2026-07-03 17:01:39,313 | INFO     | keeper.strategy      | TWAP order complete: avg price $0.0000
2026-07-03 17:01:39,316 | INFO     | keeper.strategy      | TWAP order created: $1,250 in 4 chunks of $312 every 6 blocks
2026-07-03 17:02:26,712 | INFO     | keeper.strategy      | TWAP chunk 1/4: $312 (progress: 25%)
2026-07-03 17:02:59,491 | INFO     | keeper.strategy      | TWAP chunk 2/4: $312 (progress: 50%)
2026-07-03 17:03:44,852 | INFO     | keeper.strategy      | TWAP chunk 3/4: $312 (progress: 75%)
2026-07-03 17:04:17,513 | INFO     | keeper.strategy      | TWAP chunk 4/4: $1,250 (progress: 100%)
2026-07-03 17:05:02,924 | INFO     | keeper.strategy      | TWAP order complete: avg price $0.0000
2026-07-03 17:05:02,925 | INFO     | keeper.strategy      | TWAP order created: $1,250 in 4 chunks of $312 every 6 blocks
2026-07-03 17:05:35,929 | INFO     | keeper.strategy      | TWAP chunk 1/4: $312 (progress: 25%)
2026-07-03 17:06:23,388 | INFO     | keeper.strategy      | TWAP chunk 2/4: $312 (progress: 50%)
2026-07-03 17:06:56,819 | INFO     | keeper.strategy      | TWAP chunk 3/4: $312 (progress: 75%)
2026-07-03 17:07:43,575 | INFO     | keeper.strategy      | TWAP chunk 4/4: $1,250 (progress: 100%)
2026-07-03 17:08:30,266 | INFO     | keeper.strategy      | TWAP order complete: avg price $0.0000
2026-07-03 17:08:30,266 | INFO     | keeper.strategy      | TWAP order created: $1,250 in 4 chunks of $312 every 6 blocks
2026-07-03 17:09:02,995 | INFO     | keeper.strategy      | TWAP chunk 1/4: $312 (progress: 25%)
2026-07-03 17:09:49,387 | INFO     | keeper.strategy      | TWAP chunk 2/4: $312 (progress: 50%)
2026-07-03 17:10:31,158 | INFO     | keeper.strategy      | TWAP chunk 3/4: $312 (progress: 75%)
2026-07-03 17:11:03,982 | INFO     | keeper.strategy      | TWAP chunk 4/4: $1,250 (progress: 100%)
2026-07-03 17:11:38,658 | INFO     | keeper.strategy      | TWAP order complete: avg price $0.0000
2026-07-03 17:11:38,658 | INFO     | keeper.strategy      | TWAP order created: $1,250 in 4 chunks of $312 every 6 blocks
2026-07-03 17:12:23,957 | INFO     | keeper.strategy      | TWAP chunk 1/4: $312 (progress: 25%)
2026-07-03 17:12:56,837 | INFO     | keeper.strategy      | TWAP chunk 2/4: $312 (progress: 50%)
2026-07-03 17:13:42,798 | INFO     | keeper.strategy      | TWAP chunk 3/4: $312 (progress: 75%)
2026-07-03 17:14:18,627 | INFO     | keeper.strategy      | TWAP chunk 4/4: $1,250 (progress: 100%)
2026-07-03 17:15:03,507 | INFO     | keeper.strategy      | TWAP order complete: avg price $0.0000
2026-07-03 17:15:03,507 | INFO     | keeper.strategy      | TWAP order created: $1,250 in 4 chunks of $312 every 6 blocks
2026-07-03 17:15:37,028 | INFO     | keeper.strategy      | TWAP chunk 1/4: $312 (progress: 25%)
2026-07-03 17:16:22,787 | INFO     | keeper.strategy      | TWAP chunk 2/4: $312 (progress: 50%)
2026-07-03 17:17:07,288 | INFO     | keeper.strategy      | TWAP chunk 3/4: $312 (progress: 75%)
2026-07-03 17:17:52,839 | INFO     | keeper.strategy      | TWAP chunk 4/4: $1,250 (progress: 100%)
2026-07-03 17:18:25,559 | INFO     | keeper.strategy      | TWAP order complete: avg price $0.0000
2026-07-03 17:18:25,560 | INFO     | keeper.strategy      | TWAP order created: $1,250 in 4 chunks of $312 every 6 blocks
2026-07-03 17:18:58,842 | INFO     | keeper.strategy      | TWAP chunk 1/4: $312 (progress: 25%)
2026-07-03 17:19:43,221 | INFO     | keeper.strategy      | TWAP chunk 2/4: $312 (progress: 50%)
2026-07-03 17:20:25,361 | INFO     | keeper.strategy      | TWAP chunk 3/4: $312 (progress: 75%)
2026-07-03 17:20:59,718 | INFO     | keeper.strategy      | TWAP chunk 4/4: $1,250 (progress: 100%)
2026-07-03 17:21:41,190 | INFO     | keeper.strategy      | TWAP order complete: avg price $0.0000
2026-07-03 17:21:41,190 | INFO     | keeper.strategy      | TWAP order created: $1,250 in 4 chunks of $312 every 6 blocks
2026-07-03 17:22:14,739 | INFO     | keeper.strategy      | TWAP chunk 1/4: $312 (progress: 25%)
2026-07-03 17:23:02,959 | INFO     | keeper.strategy      | TWAP chunk 2/4: $312 (progress: 50%)
2026-07-03 17:23:36,131 | INFO     | keeper.strategy      | TWAP chunk 3/4: $312 (progress: 75%)
2026-07-03 17:24:22,928 | INFO     | keeper.strategy      | TWAP chunk 4/4: $1,250 (progress: 100%)
2026-07-03 17:24:55,861 | INFO     | keeper.strategy      | TWAP order complete: avg price $0.0000
2026-07-03 17:24:55,862 | INFO     | keeper.strategy      | TWAP order created: $1,250 in 4 chunks of $312 every 6 blocks
2026-07-03 17:25:37,597 | INFO     | keeper.strategy      | TWAP chunk 1/4: $312 (progress: 25%)
2026-07-03 17:26:13,571 | INFO     | keeper.strategy      | TWAP chunk 2/4: $312 (progress: 50%)
2026-07-03 17:27:02,591 | INFO     | keeper.strategy      | TWAP chunk 3/4: $312 (progress: 75%)
2026-07-03 17:27:46,522 | INFO     | keeper.strategy      | TWAP chunk 4/4: $1,250 (progress: 100%)
2026-07-03 17:28:31,722 | INFO     | keeper.strategy      | TWAP order complete: avg price $0.0000
2026-07-03 17:28:31,722 | INFO     | keeper.strategy      | TWAP order created: $1,250 in 4 chunks of $312 every 6 blocks
2026-07-03 17:29:05,723 | INFO     | keeper.strategy      | TWAP chunk 1/4: $312 (progress: 25%)
2026-07-03 17:29:51,793 | INFO     | keeper.strategy      | TWAP chunk 2/4: $312 (progress: 50%)
2026-07-03 17:30:24,605 | INFO     | keeper.strategy      | TWAP chunk 3/4: $312 (progress: 75%)
2026-07-03 17:31:07,964 | INFO     | keeper.strategy      | TWAP chunk 4/4: $1,250 (progress: 100%)
2026-07-03 17:31:58,746 | INFO     | keeper.strategy      | TWAP order complete: avg price $0.0000
2026-07-03 17:31:58,746 | INFO     | keeper.strategy      | TWAP order created: $1,250 in 4 chunks of $312 every 6 blocks
2026-07-03 17:32:44,855 | INFO     | keeper.strategy      | TWAP chunk 1/4: $312 (progress: 25%)
2026-07-03 17:33:19,235 | INFO     | keeper.strategy      | TWAP chunk 2/4: $312 (progress: 50%)
2026-07-03 17:34:02,536 | INFO     | keeper.strategy      | TWAP chunk 3/4: $312 (progress: 75%)
2026-07-03 17:34:44,126 | INFO     | keeper.strategy      | TWAP chunk 4/4: $1,250 (progress: 100%)
2026-07-03 17:35:20,326 | INFO     | keeper.strategy      | TWAP order complete: avg price $0.0000
2026-07-03 17:35:20,326 | INFO     | keeper.strategy      | TWAP order created: $1,250 in 4 chunks of $312 every 6 blocks
2026-07-03 17:36:06,527 | INFO     | keeper.strategy      | TWAP chunk 1/4: $312 (progress: 25%)
2026-07-03 17:37:40,903 | INFO     | keeper.strategy      | TWAP order created: $1,250 in 4 chunks of $312 every 6 blocks
2026-07-03 17:38:13,082 | INFO     | keeper.strategy      | TWAP chunk 1/4: $312 (progress: 25%)
2026-07-03 17:38:58,251 | INFO     | keeper.strategy      | TWAP chunk 2/4: $312 (progress: 50%)
2026-07-03 17:39:33,287 | INFO     | keeper.strategy      | TWAP chunk 3/4: $312 (progress: 75%)
2026-07-03 17:40:15,505 | INFO     | keeper.strategy      | TWAP chunk 4/4: $1,250 (progress: 100%)
2026-07-03 17:41:00,517 | INFO     | keeper.strategy      | TWAP order complete: avg price $0.0000
2026-07-03 17:41:00,517 | INFO     | keeper.strategy      | TWAP order created: $1,250 in 4 chunks of $312 every 6 blocks
2026-07-03 17:41:34,009 | INFO     | keeper.strategy      | TWAP chunk 1/4: $312 (progress: 25%)
2026-07-03 17:42:20,554 | INFO     | keeper.strategy      | TWAP chunk 2/4: $312 (progress: 50%)
2026-07-03 17:43:08,943 | INFO     | keeper.strategy      | TWAP chunk 3/4: $312 (progress: 75%)
2026-07-03 17:43:52,112 | INFO     | keeper.strategy      | TWAP chunk 4/4: $1,250 (progress: 100%)
2026-07-03 17:44:25,452 | INFO     | keeper.strategy      | TWAP order complete: avg price $0.0000
2026-07-03 17:44:25,452 | INFO     | keeper.strategy      | TWAP order created: $1,250 in 4 chunks of $312 every 6 blocks
2026-07-03 17:45:07,492 | INFO     | keeper.strategy      | TWAP chunk 1/4: $312 (progress: 25%)
2026-07-03 17:45:43,230 | INFO     | keeper.strategy      | TWAP chunk 2/4: $312 (progress: 50%)
2026-07-03 17:46:29,183 | INFO     | keeper.strategy      | TWAP chunk 3/4: $312 (progress: 75%)
2026-07-03 17:47:12,856 | INFO     | keeper.strategy      | TWAP chunk 4/4: $1,250 (progress: 100%)
2026-07-03 17:47:46,146 | INFO     | keeper.strategy      | TWAP order complete: avg price $0.0000
2026-07-03 17:47:46,146 | INFO     | keeper.strategy      | TWAP order created: $1,250 in 4 chunks of $312 every 6 blocks
2026-07-03 17:48:27,705 | INFO     | keeper.strategy      | TWAP chunk 1/4: $312 (progress: 25%)
2026-07-03 17:49:04,488 | INFO     | keeper.strategy      | TWAP chunk 2/4: $312 (progress: 50%)
2026-07-03 17:49:49,479 | INFO     | keeper.strategy      | TWAP chunk 3/4: $312 (progress: 75%)
2026-07-03 17:50:33,190 | INFO     | keeper.strategy      | TWAP chunk 4/4: $1,250 (progress: 100%)
2026-07-03 17:51:05,890 | INFO     | keeper.strategy      | TWAP order complete: avg price $0.0000
2026-07-03 17:51:05,891 | INFO     | keeper.strategy      | TWAP order created: $1,250 in 4 chunks of $312 every 6 blocks
2026-07-03 17:51:46,891 | INFO     | keeper.strategy      | TWAP chunk 1/4: $312 (progress: 25%)
2026-07-03 17:52:23,702 | INFO     | keeper.strategy      | TWAP chunk 2/4: $312 (progress: 50%)
2026-07-03 17:52:56,662 | INFO     | keeper.strategy      | TWAP chunk 3/4: $312 (progress: 75%)
2026-07-03 17:53:43,079 | INFO     | keeper.strategy      | TWAP chunk 4/4: $1,250 (progress: 100%)
2026-07-03 17:54:28,123 | INFO     | keeper.strategy      | TWAP order complete: avg price $0.0000
2026-07-03 17:54:28,123 | INFO     | keeper.strategy      | TWAP order created: $1,250 in 4 chunks of $312 every 6 blocks
2026-07-03 17:55:02,822 | INFO     | keeper.strategy      | TWAP chunk 1/4: $312 (progress: 25%)
2026-07-03 17:55:49,653 | INFO     | keeper.strategy      | TWAP chunk 2/4: $312 (progress: 50%)
2026-07-03 17:56:31,831 | INFO     | keeper.strategy      | TWAP chunk 3/4: $312 (progress: 75%)
2026-07-03 17:57:05,327 | INFO     | keeper.strategy      | TWAP chunk 4/4: $1,250 (progress: 100%)
2026-07-03 17:57:52,969 | INFO     | keeper.strategy      | TWAP order complete: avg price $0.0000
2026-07-03 17:57:52,970 | INFO     | keeper.strategy      | TWAP order created: $1,250 in 4 chunks of $312 every 6 blocks
2026-07-03 17:58:37,319 | INFO     | keeper.strategy      | TWAP chunk 1/4: $312 (progress: 25%)
2026-07-03 17:59:12,938 | INFO     | keeper.strategy      | TWAP chunk 2/4: $312 (progress: 50%)
2026-07-03 17:59:46,609 | INFO     | keeper.strategy      | TWAP chunk 3/4: $312 (progress: 75%)
2026-07-03 18:00:33,278 | INFO     | keeper.strategy      | TWAP chunk 4/4: $1,250 (progress: 100%)
2026-07-03 18:01:07,289 | INFO     | keeper.strategy      | TWAP order complete: avg price $0.0000
2026-07-03 18:01:07,290 | INFO     | keeper.strategy      | TWAP order created: $1,250 in 4 chunks of $312 every 6 blocks
2026-07-03 18:01:53,218 | INFO     | keeper.strategy      | TWAP chunk 1/4: $312 (progress: 25%)
2026-07-03 18:02:26,628 | INFO     | keeper.strategy      | TWAP chunk 2/4: $312 (progress: 50%)
2026-07-03 18:03:15,788 | INFO     | keeper.strategy      | TWAP chunk 3/4: $312 (progress: 75%)
2026-07-03 18:03:57,415 | INFO     | keeper.strategy      | TWAP chunk 4/4: $1,250 (progress: 100%)
2026-07-03 18:04:33,313 | INFO     | keeper.strategy      | TWAP order complete: avg price $0.0000
2026-07-03 18:04:33,314 | INFO     | keeper.strategy      | TWAP order created: $1,250 in 4 chunks of $312 every 6 blocks
2026-07-03 18:05:23,870 | INFO     | keeper.strategy      | TWAP chunk 1/4: $312 (progress: 25%)
2026-07-03 18:05:57,518 | INFO     | keeper.strategy      | TWAP chunk 2/4: $312 (progress: 50%)
2026-07-03 18:06:42,938 | INFO     | keeper.strategy      | TWAP chunk 3/4: $312 (progress: 75%)
2026-07-03 18:07:18,021 | INFO     | keeper.strategy      | TWAP chunk 4/4: $1,250 (progress: 100%)
2026-07-03 18:08:02,085 | INFO     | keeper.strategy      | TWAP order complete: avg price $0.0000
2026-07-03 18:08:02,086 | INFO     | keeper.strategy      | TWAP order created: $1,250 in 4 chunks of $312 every 6 blocks
2026-07-03 18:08:34,928 | INFO     | keeper.strategy      | TWAP chunk 1/4: $312 (progress: 25%)
2026-07-03 18:09:07,715 | INFO     | keeper.strategy      | TWAP chunk 2/4: $312 (progress: 50%)
2026-07-03 18:09:52,409 | INFO     | keeper.strategy      | TWAP chunk 3/4: $312 (progress: 75%)
2026-07-03 18:10:26,062 | INFO     | keeper.strategy      | TWAP chunk 4/4: $1,250 (progress: 100%)
2026-07-03 18:11:13,580 | INFO     | keeper.strategy      | TWAP order complete: avg price $0.0000
2026-07-03 18:11:13,580 | INFO     | keeper.strategy      | TWAP order created: $1,250 in 4 chunks of $312 every 6 blocks
2026-07-03 18:11:47,062 | INFO     | keeper.strategy      | TWAP chunk 1/4: $312 (progress: 25%)
2026-07-03 18:12:31,942 | INFO     | keeper.strategy      | TWAP chunk 2/4: $312 (progress: 50%)
2026-07-03 18:13:04,540 | INFO     | keeper.strategy      | TWAP chunk 3/4: $312 (progress: 75%)
2026-07-03 18:13:47,128 | INFO     | keeper.strategy      | TWAP chunk 4/4: $1,250 (progress: 100%)
2026-07-03 18:14:33,325 | INFO     | keeper.strategy      | TWAP order complete: avg price $0.0000
2026-07-03 18:14:33,326 | INFO     | keeper.strategy      | TWAP order created: $1,250 in 4 chunks of $312 every 6 blocks
2026-07-03 18:15:07,824 | INFO     | keeper.strategy      | TWAP chunk 1/4: $312 (progress: 25%)
2026-07-03 18:15:55,029 | INFO     | keeper.strategy      | TWAP chunk 2/4: $312 (progress: 50%)
2026-07-03 18:16:37,330 | INFO     | keeper.strategy      | TWAP chunk 3/4: $312 (progress: 75%)
2026-07-03 18:17:24,533 | INFO     | keeper.strategy      | TWAP chunk 4/4: $1,250 (progress: 100%)
2026-07-03 18:17:57,213 | INFO     | keeper.strategy      | TWAP order complete: avg price $0.0000
2026-07-03 18:17:57,213 | INFO     | keeper.strategy      | TWAP order created: $1,250 in 4 chunks of $312 every 6 blocks
2026-07-03 18:18:42,271 | INFO     | keeper.strategy      | TWAP chunk 1/4: $312 (progress: 25%)
2026-07-03 18:19:15,736 | INFO     | keeper.strategy      | TWAP chunk 2/4: $312 (progress: 50%)
2026-07-03 18:19:57,654 | INFO     | keeper.strategy      | TWAP chunk 3/4: $312 (progress: 75%)
2026-07-03 18:20:33,161 | INFO     | keeper.strategy      | TWAP chunk 4/4: $1,250 (progress: 100%)
2026-07-03 18:21:06,958 | INFO     | keeper.strategy      | TWAP order complete: avg price $0.0000
2026-07-03 18:21:06,959 | INFO     | keeper.strategy      | TWAP order created: $1,250 in 4 chunks of $312 every 6 blocks
2026-07-03 18:21:52,900 | INFO     | keeper.strategy      | TWAP chunk 1/4: $312 (progress: 25%)
2026-07-03 18:22:25,751 | INFO     | keeper.strategy      | TWAP chunk 2/4: $312 (progress: 50%)
2026-07-03 18:23:12,342 | INFO     | keeper.strategy      | TWAP chunk 3/4: $312 (progress: 75%)
2026-07-03 18:23:57,488 | INFO     | keeper.strategy      | TWAP chunk 4/4: $1,250 (progress: 100%)
2026-07-03 18:24:42,913 | INFO     | keeper.strategy      | TWAP order complete: avg price $0.0000
2026-07-03 18:24:42,913 | INFO     | keeper.strategy      | TWAP order created: $1,250 in 4 chunks of $312 every 6 blocks
2026-07-03 18:25:15,622 | INFO     | keeper.strategy      | TWAP chunk 1/4: $312 (progress: 25%)
2026-07-03 18:26:01,157 | INFO     | keeper.strategy      | TWAP chunk 2/4: $312 (progress: 50%)
2026-07-03 18:26:35,441 | INFO     | keeper.strategy      | TWAP chunk 3/4: $312 (progress: 75%)
2026-07-03 18:27:17,204 | INFO     | keeper.strategy      | TWAP chunk 4/4: $1,250 (progress: 100%)
2026-07-03 18:28:05,974 | INFO     | keeper.strategy      | TWAP order complete: avg price $0.0000
2026-07-03 18:28:05,974 | INFO     | keeper.strategy      | TWAP order created: $1,250 in 4 chunks of $312 every 6 blocks
2026-07-03 18:28:46,505 | INFO     | keeper.strategy      | TWAP chunk 1/4: $312 (progress: 25%)
2026-07-03 18:29:34,365 | INFO     | keeper.strategy      | TWAP chunk 2/4: $312 (progress: 50%)
2026-07-03 18:30:19,694 | INFO     | keeper.strategy      | TWAP chunk 3/4: $312 (progress: 75%)
2026-07-03 18:30:53,486 | INFO     | keeper.strategy      | TWAP chunk 4/4: $1,250 (progress: 100%)
2026-07-03 18:31:27,851 | INFO     | keeper.strategy      | TWAP order complete: avg price $0.0000
2026-07-03 18:31:27,851 | INFO     | keeper.strategy      | TWAP order created: $1,250 in 4 chunks of $312 every 6 blocks
2026-07-03 18:32:13,839 | INFO     | keeper.strategy      | TWAP chunk 1/4: $312 (progress: 25%)
2026-07-03 18:32:53,946 | INFO     | keeper.strategy      | TWAP chunk 2/4: $312 (progress: 50%)
2026-07-03 18:33:29,665 | INFO     | keeper.strategy      | TWAP chunk 3/4: $312 (progress: 75%)
2026-07-03 18:34:14,821 | INFO     | keeper.strategy      | TWAP chunk 4/4: $1,250 (progress: 100%)
2026-07-03 18:34:47,514 | INFO     | keeper.strategy      | TWAP order complete: avg price $0.0000
2026-07-03 18:34:47,514 | INFO     | keeper.strategy      | TWAP order created: $1,250 in 4 chunks of $312 every 6 blocks
2026-07-03 18:35:34,332 | INFO     | keeper.strategy      | TWAP chunk 1/4: $312 (progress: 25%)
2026-07-03 18:36:09,612 | INFO     | keeper.strategy      | TWAP chunk 2/4: $312 (progress: 50%)
2026-07-03 18:36:53,535 | INFO     | keeper.strategy      | TWAP chunk 3/4: $312 (progress: 75%)
2026-07-03 18:37:26,232 | INFO     | keeper.strategy      | TWAP chunk 4/4: $1,250 (progress: 100%)
2026-07-03 18:38:11,437 | INFO     | keeper.strategy      | TWAP order complete: avg price $0.0000
2026-07-03 18:38:11,437 | INFO     | keeper.strategy      | TWAP order created: $1,250 in 4 chunks of $312 every 6 blocks
2026-07-03 18:38:46,303 | INFO     | keeper.strategy      | TWAP chunk 1/4: $312 (progress: 25%)
2026-07-03 18:39:32,583 | INFO     | keeper.strategy      | TWAP chunk 2/4: $312 (progress: 50%)
2026-07-03 18:40:21,787 | INFO     | keeper.strategy      | TWAP chunk 3/4: $312 (progress: 75%)
2026-07-03 18:41:03,154 | INFO     | keeper.strategy      | TWAP chunk 4/4: $1,250 (progress: 100%)
2026-07-03 18:41:39,304 | INFO     | keeper.strategy      | TWAP order complete: avg price $0.0000
2026-07-03 18:41:39,305 | INFO     | keeper.strategy      | TWAP order created: $1,250 in 4 chunks of $312 every 6 blocks
2026-07-03 18:42:22,478 | INFO     | keeper.strategy      | TWAP chunk 1/4: $312 (progress: 25%)
2026-07-03 18:42:55,245 | INFO     | keeper.strategy      | TWAP chunk 2/4: $312 (progress: 50%)
2026-07-03 18:43:27,976 | INFO     | keeper.strategy      | TWAP chunk 3/4: $312 (progress: 75%)
2026-07-03 18:44:12,908 | INFO     | keeper.strategy      | TWAP chunk 4/4: $1,250 (progress: 100%)
2026-07-03 18:44:46,162 | INFO     | keeper.strategy      | TWAP order complete: avg price $0.0000
2026-07-03 18:44:46,163 | INFO     | keeper.strategy      | TWAP order created: $1,250 in 4 chunks of $312 every 6 blocks
2026-07-03 18:45:32,689 | INFO     | keeper.strategy      | TWAP chunk 1/4: $312 (progress: 25%)
2026-07-03 18:46:06,292 | INFO     | keeper.strategy      | TWAP chunk 2/4: $312 (progress: 50%)
2026-07-03 18:46:53,775 | INFO     | keeper.strategy      | TWAP chunk 3/4: $312 (progress: 75%)
2026-07-03 18:47:26,517 | INFO     | keeper.strategy      | TWAP chunk 4/4: $1,250 (progress: 100%)
2026-07-03 18:48:11,116 | INFO     | keeper.strategy      | TWAP order complete: avg price $0.0000
2026-07-03 18:48:11,116 | INFO     | keeper.strategy      | TWAP order created: $1,250 in 4 chunks of $312 every 6 blocks
2026-07-03 18:48:44,796 | INFO     | keeper.strategy      | TWAP chunk 1/4: $312 (progress: 25%)
2026-07-03 18:49:27,983 | INFO     | keeper.strategy      | TWAP chunk 2/4: $312 (progress: 50%)
2026-07-03 18:50:03,650 | INFO     | keeper.strategy      | TWAP chunk 3/4: $312 (progress: 75%)
2026-07-03 18:50:52,372 | INFO     | keeper.strategy      | TWAP chunk 4/4: $1,250 (progress: 100%)
2026-07-03 18:51:25,192 | INFO     | keeper.strategy      | TWAP order complete: avg price $0.0000
2026-07-03 18:51:25,192 | INFO     | keeper.strategy      | TWAP order created: $1,250 in 4 chunks of $312 every 6 blocks
2026-07-03 18:52:07,476 | INFO     | keeper.strategy      | TWAP chunk 1/4: $312 (progress: 25%)
2026-07-03 18:52:55,016 | INFO     | keeper.strategy      | TWAP chunk 2/4: $312 (progress: 50%)
2026-07-03 18:53:30,726 | INFO     | keeper.strategy      | TWAP chunk 3/4: $312 (progress: 75%)
2026-07-03 18:54:15,506 | INFO     | keeper.strategy      | TWAP chunk 4/4: $1,250 (progress: 100%)
2026-07-03 18:54:57,827 | INFO     | keeper.strategy      | TWAP order complete: avg price $0.0000
2026-07-03 18:54:57,827 | INFO     | keeper.strategy      | TWAP order created: $1,250 in 4 chunks of $312 every 6 blocks
2026-07-03 18:55:33,666 | INFO     | keeper.strategy      | TWAP chunk 1/4: $312 (progress: 25%)
2026-07-03 18:56:18,918 | INFO     | keeper.strategy      | TWAP chunk 2/4: $312 (progress: 50%)
2026-07-03 18:56:53,562 | INFO     | keeper.strategy      | TWAP chunk 3/4: $312 (progress: 75%)
2026-07-03 18:57:40,955 | INFO     | keeper.strategy      | TWAP chunk 4/4: $1,250 (progress: 100%)
2026-07-03 18:58:23,796 | INFO     | keeper.strategy      | TWAP order complete: avg price $0.0000
2026-07-03 18:58:23,797 | INFO     | keeper.strategy      | TWAP order created: $1,250 in 4 chunks of $312 every 6 blocks
2026-07-03 18:58:57,328 | INFO     | keeper.strategy      | TWAP chunk 1/4: $312 (progress: 25%)
2026-07-03 18:59:43,227 | INFO     | keeper.strategy      | TWAP chunk 2/4: $312 (progress: 50%)
2026-07-03 19:00:18,188 | INFO     | keeper.strategy      | TWAP chunk 3/4: $312 (progress: 75%)
2026-07-03 19:01:04,667 | INFO     | keeper.strategy      | TWAP chunk 4/4: $1,250 (progress: 100%)
2026-07-03 19:01:48,238 | INFO     | keeper.strategy      | TWAP order complete: avg price $0.0000
2026-07-03 19:01:48,238 | INFO     | keeper.strategy      | TWAP order created: $1,250 in 4 chunks of $312 every 6 blocks
2026-07-03 19:02:33,308 | INFO     | keeper.strategy      | TWAP chunk 1/4: $312 (progress: 25%)
2026-07-03 19:03:08,988 | INFO     | keeper.strategy      | TWAP chunk 2/4: $312 (progress: 50%)
2026-07-03 19:03:53,536 | INFO     | keeper.strategy      | TWAP chunk 3/4: $312 (progress: 75%)
2026-07-03 19:04:26,898 | INFO     | keeper.strategy      | TWAP chunk 4/4: $1,250 (progress: 100%)
2026-07-03 19:05:13,418 | INFO     | keeper.strategy      | TWAP order complete: avg price $0.0000
2026-07-03 19:05:13,418 | INFO     | keeper.strategy      | TWAP order created: $1,250 in 4 chunks of $312 every 6 blocks
2026-07-03 19:05:54,418 | INFO     | keeper.strategy      | TWAP chunk 1/4: $312 (progress: 25%)
2026-07-03 19:06:31,690 | INFO     | keeper.strategy      | TWAP chunk 2/4: $312 (progress: 50%)
2026-07-03 19:07:14,290 | INFO     | keeper.strategy      | TWAP chunk 3/4: $312 (progress: 75%)
2026-07-03 19:07:48,139 | INFO     | keeper.strategy      | TWAP chunk 4/4: $1,250 (progress: 100%)
2026-07-03 19:08:33,369 | INFO     | keeper.strategy      | TWAP order complete: avg price $0.0000
2026-07-03 19:08:33,369 | INFO     | keeper.strategy      | TWAP order created: $1,250 in 4 chunks of $312 every 6 blocks
2026-07-03 19:09:06,240 | INFO     | keeper.strategy      | TWAP chunk 1/4: $312 (progress: 25%)
2026-07-03 19:09:49,163 | INFO     | keeper.strategy      | TWAP chunk 2/4: $312 (progress: 50%)
2026-07-03 19:10:22,767 | INFO     | keeper.strategy      | TWAP chunk 3/4: $312 (progress: 75%)
2026-07-03 19:11:08,078 | INFO     | keeper.strategy      | TWAP chunk 4/4: $1,250 (progress: 100%)
2026-07-03 19:11:53,478 | INFO     | keeper.strategy      | TWAP order complete: avg price $0.0000
2026-07-03 19:11:53,480 | INFO     | keeper.strategy      | TWAP order created: $1,250 in 4 chunks of $312 every 6 blocks
2026-07-03 19:12:27,601 | INFO     | keeper.strategy      | TWAP chunk 1/4: $312 (progress: 25%)
2026-07-03 19:13:12,403 | INFO     | keeper.strategy      | TWAP chunk 2/4: $312 (progress: 50%)
2026-07-03 19:13:47,551 | INFO     | keeper.strategy      | TWAP chunk 3/4: $312 (progress: 75%)
2026-07-03 19:14:33,041 | INFO     | keeper.strategy      | TWAP chunk 4/4: $1,250 (progress: 100%)
2026-07-03 19:15:06,959 | INFO     | keeper.strategy      | TWAP order complete: avg price $0.0000
2026-07-03 19:15:06,959 | INFO     | keeper.strategy      | TWAP order created: $1,250 in 4 chunks of $312 every 6 blocks
2026-07-03 19:15:53,662 | INFO     | keeper.strategy      | TWAP chunk 1/4: $312 (progress: 25%)
2026-07-03 19:16:39,779 | INFO     | keeper.strategy      | TWAP chunk 2/4: $312 (progress: 50%)
2026-07-03 19:17:13,398 | INFO     | keeper.strategy      | TWAP chunk 3/4: $312 (progress: 75%)
2026-07-03 19:17:47,101 | INFO     | keeper.strategy      | TWAP chunk 4/4: $1,250 (progress: 100%)
2026-07-03 19:18:32,490 | INFO     | keeper.strategy      | TWAP order complete: avg price $0.0000
2026-07-03 19:18:32,490 | INFO     | keeper.strategy      | TWAP order created: $1,250 in 4 chunks of $312 every 6 blocks
2026-07-03 19:19:05,981 | INFO     | keeper.strategy      | TWAP chunk 1/4: $312 (progress: 25%)
2026-07-03 19:19:53,075 | INFO     | keeper.strategy      | TWAP chunk 2/4: $312 (progress: 50%)
2026-07-03 19:20:37,684 | INFO     | keeper.strategy      | TWAP chunk 3/4: $312 (progress: 75%)
2026-07-03 19:21:26,865 | INFO     | keeper.strategy      | TWAP chunk 4/4: $1,250 (progress: 100%)
2026-07-03 19:21:59,634 | INFO     | keeper.strategy      | TWAP order complete: avg price $0.0000
2026-07-03 19:21:59,635 | INFO     | keeper.strategy      | TWAP order created: $1,250 in 4 chunks of $312 every 6 blocks
2026-07-03 19:22:45,995 | INFO     | keeper.strategy      | TWAP chunk 1/4: $312 (progress: 25%)
2026-07-03 19:23:31,297 | INFO     | keeper.strategy      | TWAP chunk 2/4: $312 (progress: 50%)
2026-07-03 19:24:04,175 | INFO     | keeper.strategy      | TWAP chunk 3/4: $312 (progress: 75%)
2026-07-03 19:24:37,232 | INFO     | keeper.strategy      | TWAP chunk 4/4: $1,250 (progress: 100%)
2026-07-03 19:25:23,007 | INFO     | keeper.strategy      | TWAP order complete: avg price $0.0000
2026-07-03 19:25:23,007 | INFO     | keeper.strategy      | TWAP order created: $1,250 in 4 chunks of $312 every 6 blocks
2026-07-03 19:26:07,710 | INFO     | keeper.strategy      | TWAP chunk 1/4: $312 (progress: 25%)
2026-07-03 19:26:53,518 | INFO     | keeper.strategy      | TWAP chunk 2/4: $312 (progress: 50%)
2026-07-03 19:27:29,756 | INFO     | keeper.strategy      | TWAP chunk 3/4: $312 (progress: 75%)
2026-07-03 19:28:14,476 | INFO     | keeper.strategy      | TWAP chunk 4/4: $1,250 (progress: 100%)
2026-07-03 19:28:48,688 | INFO     | keeper.strategy      | TWAP order complete: avg price $0.0000
2026-07-03 19:28:48,689 | INFO     | keeper.strategy      | TWAP order created: $1,250 in 4 chunks of $312 every 6 blocks
2026-07-03 19:29:32,668 | INFO     | keeper.strategy      | TWAP chunk 1/4: $312 (progress: 25%)
2026-07-03 19:30:06,815 | INFO     | keeper.strategy      | TWAP chunk 2/4: $312 (progress: 50%)
2026-07-03 19:30:53,477 | INFO     | keeper.strategy      | TWAP chunk 3/4: $312 (progress: 75%)
2026-07-03 19:31:26,747 | INFO     | keeper.strategy      | TWAP chunk 4/4: $1,250 (progress: 100%)
2026-07-03 19:32:13,377 | INFO     | keeper.strategy      | TWAP order complete: avg price $0.0000
2026-07-03 19:32:13,378 | INFO     | keeper.strategy      | TWAP order created: $1,250 in 4 chunks of $312 every 6 blocks
2026-07-03 19:32:54,478 | INFO     | keeper.strategy      | TWAP chunk 1/4: $312 (progress: 25%)
2026-07-03 19:33:30,419 | INFO     | keeper.strategy      | TWAP chunk 2/4: $312 (progress: 50%)
2026-07-03 19:34:15,720 | INFO     | keeper.strategy      | TWAP chunk 3/4: $312 (progress: 75%)
2026-07-03 19:35:03,419 | INFO     | keeper.strategy      | TWAP chunk 4/4: $1,250 (progress: 100%)
2026-07-03 19:35:37,979 | INFO     | keeper.strategy      | TWAP order complete: avg price $0.0000
2026-07-03 19:35:37,980 | INFO     | keeper.strategy      | TWAP order created: $1,250 in 4 chunks of $312 every 6 blocks
2026-07-03 19:36:22,899 | INFO     | keeper.strategy      | TWAP chunk 1/4: $312 (progress: 25%)
2026-07-03 19:36:56,209 | INFO     | keeper.strategy      | TWAP chunk 2/4: $312 (progress: 50%)
2026-07-03 19:37:42,811 | INFO     | keeper.strategy      | TWAP chunk 3/4: $312 (progress: 75%)
2026-07-03 19:38:24,149 | INFO     | keeper.strategy      | TWAP chunk 4/4: $1,250 (progress: 100%)
2026-07-03 19:39:12,151 | INFO     | keeper.strategy      | TWAP order complete: avg price $0.0000
2026-07-03 19:39:12,153 | INFO     | keeper.strategy      | TWAP order created: $1,250 in 4 chunks of $312 every 6 blocks
2026-07-03 19:39:46,373 | INFO     | keeper.strategy      | TWAP chunk 1/4: $312 (progress: 25%)
2026-07-03 19:40:31,441 | INFO     | keeper.strategy      | TWAP chunk 2/4: $312 (progress: 50%)
2026-07-03 19:41:04,631 | INFO     | keeper.strategy      | TWAP chunk 3/4: $312 (progress: 75%)
2026-07-03 19:41:38,474 | INFO     | keeper.strategy      | TWAP chunk 4/4: $1,250 (progress: 100%)
2026-07-03 19:42:25,192 | INFO     | keeper.strategy      | TWAP order complete: avg price $0.0000
2026-07-03 19:42:25,192 | INFO     | keeper.strategy      | TWAP order created: $1,250 in 4 chunks of $312 every 6 blocks
2026-07-03 19:43:07,662 | INFO     | keeper.strategy      | TWAP chunk 1/4: $312 (progress: 25%)
2026-07-03 19:43:43,378 | INFO     | keeper.strategy      | TWAP chunk 2/4: $312 (progress: 50%)
2026-07-03 19:44:28,905 | INFO     | keeper.strategy      | TWAP chunk 3/4: $312 (progress: 75%)
2026-07-03 19:45:12,905 | INFO     | keeper.strategy      | TWAP chunk 4/4: $1,250 (progress: 100%)
2026-07-03 19:45:45,832 | INFO     | keeper.strategy      | TWAP order complete: avg price $0.0000
2026-07-03 19:45:45,833 | INFO     | keeper.strategy      | TWAP order created: $1,250 in 4 chunks of $312 every 6 blocks
2026-07-03 19:46:28,379 | INFO     | keeper.strategy      | TWAP chunk 1/4: $312 (progress: 25%)
2026-07-03 19:47:03,997 | INFO     | keeper.strategy      | TWAP chunk 2/4: $312 (progress: 50%)
2026-07-03 19:47:47,354 | INFO     | keeper.strategy      | TWAP chunk 3/4: $312 (progress: 75%)
2026-07-03 19:48:23,248 | INFO     | keeper.strategy      | TWAP chunk 4/4: $1,250 (progress: 100%)
2026-07-03 19:48:56,754 | INFO     | keeper.strategy      | TWAP order complete: avg price $0.0000
2026-07-03 19:48:56,754 | INFO     | keeper.strategy      | TWAP order created: $1,250 in 4 chunks of $312 every 6 blocks
2026-07-03 19:49:43,756 | INFO     | keeper.strategy      | TWAP chunk 1/4: $312 (progress: 25%)
2026-07-03 19:50:26,475 | INFO     | keeper.strategy      | TWAP chunk 2/4: $312 (progress: 50%)
2026-07-03 19:51:14,096 | INFO     | keeper.strategy      | TWAP chunk 3/4: $312 (progress: 75%)
2026-07-03 19:51:50,935 | INFO     | keeper.strategy      | TWAP chunk 4/4: $1,250 (progress: 100%)
2026-07-03 19:52:34,167 | INFO     | keeper.strategy      | TWAP order complete: avg price $0.0000
2026-07-03 19:52:34,168 | INFO     | keeper.strategy      | TWAP order created: $1,250 in 4 chunks of $312 every 6 blocks
2026-07-03 19:53:07,335 | INFO     | keeper.strategy      | TWAP chunk 1/4: $312 (progress: 25%)
2026-07-03 19:53:53,734 | INFO     | keeper.strategy      | TWAP chunk 2/4: $312 (progress: 50%)
2026-07-03 19:54:28,689 | INFO     | keeper.strategy      | TWAP chunk 3/4: $312 (progress: 75%)
2026-07-03 19:55:15,683 | INFO     | keeper.strategy      | TWAP chunk 4/4: $1,250 (progress: 100%)
2026-07-03 19:55:48,338 | INFO     | keeper.strategy      | TWAP order complete: avg price $0.0000
2026-07-03 19:55:48,338 | INFO     | keeper.strategy      | TWAP order created: $1,250 in 4 chunks of $312 every 6 blocks
2026-07-03 19:56:35,113 | INFO     | keeper.strategy      | TWAP chunk 1/4: $312 (progress: 25%)
2026-07-03 19:57:12,256 | INFO     | keeper.strategy      | TWAP chunk 2/4: $312 (progress: 50%)
2026-07-03 19:57:56,050 | INFO     | keeper.strategy      | TWAP chunk 3/4: $312 (progress: 75%)
2026-07-03 19:58:29,293 | INFO     | keeper.strategy      | TWAP chunk 4/4: $1,250 (progress: 100%)
2026-07-03 19:59:12,787 | INFO     | keeper.strategy      | TWAP order complete: avg price $0.0000
2026-07-03 19:59:12,787 | INFO     | keeper.strategy      | TWAP order created: $1,250 in 4 chunks of $312 every 6 blocks
2026-07-03 19:59:45,533 | INFO     | keeper.strategy      | TWAP chunk 1/4: $312 (progress: 25%)
2026-07-03 20:00:20,133 | INFO     | keeper.strategy      | TWAP chunk 2/4: $312 (progress: 50%)
2026-07-03 20:01:04,806 | INFO     | keeper.strategy      | TWAP chunk 3/4: $312 (progress: 75%)
2026-07-03 20:01:37,625 | INFO     | keeper.strategy      | TWAP chunk 4/4: $1,250 (progress: 100%)
2026-07-03 20:02:17,901 | INFO     | keeper.strategy      | TWAP order complete: avg price $0.0000
2026-07-03 20:02:17,901 | INFO     | keeper.strategy      | TWAP order created: $1,250 in 4 chunks of $312 every 6 blocks
2026-07-03 20:02:53,503 | INFO     | keeper.strategy      | TWAP chunk 1/4: $312 (progress: 25%)
2026-07-03 20:03:28,417 | INFO     | keeper.strategy      | TWAP chunk 2/4: $312 (progress: 50%)
2026-07-03 20:04:13,598 | INFO     | keeper.strategy      | TWAP chunk 3/4: $312 (progress: 75%)
2026-07-03 20:04:47,619 | INFO     | keeper.strategy      | TWAP chunk 4/4: $1,250 (progress: 100%)
2026-07-03 20:05:33,532 | INFO     | keeper.strategy      | TWAP order complete: avg price $0.0000
2026-07-03 20:05:33,532 | INFO     | keeper.strategy      | TWAP order created: $1,250 in 4 chunks of $312 every 6 blocks
2026-07-03 20:06:18,650 | INFO     | keeper.strategy      | TWAP chunk 1/4: $312 (progress: 25%)
2026-07-03 20:06:54,515 | INFO     | keeper.strategy      | TWAP chunk 2/4: $312 (progress: 50%)
2026-07-03 20:07:41,538 | INFO     | keeper.strategy      | TWAP chunk 3/4: $312 (progress: 75%)
2026-07-03 20:08:16,300 | INFO     | keeper.strategy      | TWAP chunk 4/4: $1,250 (progress: 100%)
2026-07-03 20:09:02,234 | INFO     | keeper.strategy      | TWAP order complete: avg price $0.0000
2026-07-03 20:09:02,235 | INFO     | keeper.strategy      | TWAP order created: $1,250 in 4 chunks of $312 every 6 blocks
2026-07-03 20:09:37,385 | INFO     | keeper.strategy      | TWAP chunk 1/4: $312 (progress: 25%)
2026-07-03 20:10:23,947 | INFO     | keeper.strategy      | TWAP chunk 2/4: $312 (progress: 50%)
2026-07-03 20:10:57,207 | INFO     | keeper.strategy      | TWAP chunk 3/4: $312 (progress: 75%)
2026-07-03 20:11:42,387 | INFO     | keeper.strategy      | TWAP chunk 4/4: $1,250 (progress: 100%)
2026-07-03 20:12:15,219 | INFO     | keeper.strategy      | TWAP order complete: avg price $0.0000
2026-07-03 20:12:15,219 | INFO     | keeper.strategy      | TWAP order created: $1,250 in 4 chunks of $312 every 6 blocks
2026-07-03 20:12:58,691 | INFO     | keeper.strategy      | TWAP chunk 1/4: $312 (progress: 25%)
2026-07-03 20:13:34,522 | INFO     | keeper.strategy      | TWAP chunk 2/4: $312 (progress: 50%)
2026-07-03 20:14:09,489 | INFO     | keeper.strategy      | TWAP chunk 3/4: $312 (progress: 75%)
2026-07-03 20:14:54,405 | INFO     | keeper.strategy      | TWAP chunk 4/4: $1,250 (progress: 100%)
2026-07-03 20:15:38,416 | INFO     | keeper.strategy      | TWAP order complete: avg price $0.0000
2026-07-03 20:15:38,416 | INFO     | keeper.strategy      | TWAP order created: $1,250 in 4 chunks of $312 every 6 blocks
2026-07-03 20:16:13,947 | INFO     | keeper.strategy      | TWAP chunk 1/4: $312 (progress: 25%)
2026-07-03 20:16:58,901 | INFO     | keeper.strategy      | TWAP chunk 2/4: $312 (progress: 50%)
2026-07-03 20:17:33,031 | INFO     | keeper.strategy      | TWAP chunk 3/4: $312 (progress: 75%)
2026-07-03 20:18:14,872 | INFO     | keeper.strategy      | TWAP chunk 4/4: $1,250 (progress: 100%)
2026-07-03 20:18:51,662 | INFO     | keeper.strategy      | TWAP order complete: avg price $0.0000
2026-07-03 20:18:51,665 | INFO     | keeper.strategy      | TWAP order created: $1,250 in 4 chunks of $312 every 6 blocks
2026-07-03 20:19:33,604 | INFO     | keeper.strategy      | TWAP chunk 1/4: $312 (progress: 25%)
2026-07-03 20:20:09,144 | INFO     | keeper.strategy      | TWAP chunk 2/4: $312 (progress: 50%)
2026-07-03 20:20:53,985 | INFO     | keeper.strategy      | TWAP chunk 3/4: $312 (progress: 75%)
2026-07-03 20:21:27,475 | INFO     | keeper.strategy      | TWAP chunk 4/4: $1,250 (progress: 100%)
2026-07-03 20:22:12,957 | INFO     | keeper.strategy      | TWAP order complete: avg price $0.0000
2026-07-03 20:22:12,957 | INFO     | keeper.strategy      | TWAP order created: $1,250 in 4 chunks of $312 every 6 blocks
2026-07-03 20:22:46,238 | INFO     | keeper.strategy      | TWAP chunk 1/4: $312 (progress: 25%)
2026-07-03 20:23:32,601 | INFO     | keeper.strategy      | TWAP chunk 2/4: $312 (progress: 50%)
2026-07-03 20:24:05,850 | INFO     | keeper.strategy      | TWAP chunk 3/4: $312 (progress: 75%)
2026-07-03 20:24:50,441 | INFO     | keeper.strategy      | TWAP chunk 4/4: $1,250 (progress: 100%)
2026-07-03 20:25:23,357 | INFO     | keeper.strategy      | TWAP order complete: avg price $0.0000
2026-07-03 20:25:23,357 | INFO     | keeper.strategy      | TWAP order created: $1,250 in 4 chunks of $312 every 6 blocks
2026-07-03 20:25:56,942 | INFO     | keeper.strategy      | TWAP chunk 1/4: $312 (progress: 25%)
2026-07-03 20:26:43,525 | INFO     | keeper.strategy      | TWAP chunk 2/4: $312 (progress: 50%)
2026-07-03 20:27:17,305 | INFO     | keeper.strategy      | TWAP chunk 3/4: $312 (progress: 75%)
2026-07-03 20:28:02,798 | INFO     | keeper.strategy      | TWAP chunk 4/4: $1,250 (progress: 100%)
2026-07-03 20:28:37,466 | INFO     | keeper.strategy      | TWAP order complete: avg price $0.0000
2026-07-03 20:28:37,466 | INFO     | keeper.strategy      | TWAP order created: $1,250 in 4 chunks of $312 every 6 blocks
2026-07-03 20:29:18,825 | INFO     | keeper.strategy      | TWAP chunk 1/4: $312 (progress: 25%)
2026-07-03 20:29:52,434 | INFO     | keeper.strategy      | TWAP chunk 2/4: $312 (progress: 50%)
2026-07-03 20:30:35,084 | INFO     | keeper.strategy      | TWAP chunk 3/4: $312 (progress: 75%)
2026-07-03 20:31:10,843 | INFO     | keeper.strategy      | TWAP chunk 4/4: $1,250 (progress: 100%)
2026-07-03 20:31:54,532 | INFO     | keeper.strategy      | TWAP order complete: avg price $0.0000
2026-07-03 20:31:54,533 | INFO     | keeper.strategy      | TWAP order created: $1,250 in 4 chunks of $312 every 6 blocks
2026-07-03 20:32:29,172 | INFO     | keeper.strategy      | TWAP chunk 1/4: $312 (progress: 25%)
2026-07-03 20:33:13,601 | INFO     | keeper.strategy      | TWAP chunk 2/4: $312 (progress: 50%)
2026-07-03 20:33:54,971 | INFO     | keeper.strategy      | TWAP chunk 3/4: $312 (progress: 75%)
2026-07-03 20:34:30,430 | INFO     | keeper.strategy      | TWAP chunk 4/4: $1,250 (progress: 100%)
2026-07-03 20:35:03,223 | INFO     | keeper.strategy      | TWAP order complete: avg price $0.0000
2026-07-03 20:35:03,223 | INFO     | keeper.strategy      | TWAP order created: $1,250 in 4 chunks of $312 every 6 blocks
2026-07-03 20:35:51,340 | INFO     | keeper.strategy      | TWAP chunk 1/4: $312 (progress: 25%)
2026-07-03 20:36:35,341 | INFO     | keeper.strategy      | TWAP chunk 2/4: $312 (progress: 50%)
2026-07-03 20:37:10,762 | INFO     | keeper.strategy      | TWAP chunk 3/4: $312 (progress: 75%)
2026-07-03 20:37:52,660 | INFO     | keeper.strategy      | TWAP chunk 4/4: $1,250 (progress: 100%)
2026-07-03 20:38:25,530 | INFO     | keeper.strategy      | TWAP order complete: avg price $0.0000
2026-07-03 20:38:25,530 | INFO     | keeper.strategy      | TWAP order created: $1,250 in 4 chunks of $312 every 6 blocks
2026-07-03 20:38:58,431 | INFO     | keeper.strategy      | TWAP chunk 1/4: $312 (progress: 25%)
2026-07-03 20:39:43,032 | INFO     | keeper.strategy      | TWAP chunk 2/4: $312 (progress: 50%)
2026-07-03 20:40:30,812 | INFO     | keeper.strategy      | TWAP chunk 3/4: $312 (progress: 75%)
2026-07-03 20:41:06,411 | INFO     | keeper.strategy      | TWAP chunk 4/4: $1,250 (progress: 100%)
2026-07-03 20:41:51,172 | INFO     | keeper.strategy      | TWAP order complete: avg price $0.0000
2026-07-03 20:41:51,172 | INFO     | keeper.strategy      | TWAP order created: $1,250 in 4 chunks of $312 every 6 blocks
2026-07-03 20:42:25,662 | INFO     | keeper.strategy      | TWAP chunk 1/4: $312 (progress: 25%)
2026-07-03 20:43:13,393 | INFO     | keeper.strategy      | TWAP chunk 2/4: $312 (progress: 50%)
2026-07-03 20:43:59,773 | INFO     | keeper.strategy      | TWAP chunk 3/4: $312 (progress: 75%)
2026-07-03 20:44:43,944 | INFO     | keeper.strategy      | TWAP chunk 4/4: $1,250 (progress: 100%)
2026-07-03 20:45:19,394 | INFO     | keeper.strategy      | TWAP order complete: avg price $0.0000
2026-07-03 20:45:19,394 | INFO     | keeper.strategy      | TWAP order created: $1,250 in 4 chunks of $312 every 6 blocks
2026-07-03 20:46:01,225 | INFO     | keeper.strategy      | TWAP chunk 1/4: $312 (progress: 25%)
2026-07-03 20:46:36,395 | INFO     | keeper.strategy      | TWAP chunk 2/4: $312 (progress: 50%)
2026-07-03 20:47:23,376 | INFO     | keeper.strategy      | TWAP chunk 3/4: $312 (progress: 75%)
2026-07-03 20:47:57,056 | INFO     | keeper.strategy      | TWAP chunk 4/4: $1,250 (progress: 100%)
2026-07-03 20:48:43,380 | INFO     | keeper.strategy      | TWAP order complete: avg price $0.0000
2026-07-03 20:48:43,380 | INFO     | keeper.strategy      | TWAP order created: $1,250 in 4 chunks of $312 every 6 blocks
2026-07-03 20:49:16,738 | INFO     | keeper.strategy      | TWAP chunk 1/4: $312 (progress: 25%)
2026-07-03 20:50:03,678 | INFO     | keeper.strategy      | TWAP chunk 2/4: $312 (progress: 50%)
2026-07-03 20:50:48,288 | INFO     | keeper.strategy      | TWAP chunk 3/4: $312 (progress: 75%)
2026-07-03 20:51:23,009 | INFO     | keeper.strategy      | TWAP chunk 4/4: $1,250 (progress: 100%)
2026-07-03 20:52:10,419 | INFO     | keeper.strategy      | TWAP order complete: avg price $0.0000
2026-07-03 20:52:10,419 | INFO     | keeper.strategy      | TWAP order created: $1,250 in 4 chunks of $312 every 6 blocks
2026-07-03 20:52:53,380 | INFO     | keeper.strategy      | TWAP chunk 1/4: $312 (progress: 25%)
2026-07-03 20:53:27,391 | INFO     | keeper.strategy      | TWAP chunk 2/4: $312 (progress: 50%)
2026-07-03 20:54:11,581 | INFO     | keeper.strategy      | TWAP chunk 3/4: $312 (progress: 75%)
2026-07-03 20:54:44,563 | INFO     | keeper.strategy      | TWAP chunk 4/4: $1,250 (progress: 100%)
2026-07-03 20:55:17,564 | INFO     | keeper.strategy      | TWAP order complete: avg price $0.0000
2026-07-03 20:55:17,564 | INFO     | keeper.strategy      | TWAP order created: $1,250 in 4 chunks of $312 every 6 blocks
2026-07-03 20:56:03,013 | INFO     | keeper.strategy      | TWAP chunk 1/4: $312 (progress: 25%)
2026-07-03 20:56:51,694 | INFO     | keeper.strategy      | TWAP chunk 2/4: $312 (progress: 50%)
2026-07-03 20:57:25,026 | INFO     | keeper.strategy      | TWAP chunk 3/4: $312 (progress: 75%)
2026-07-03 20:58:07,945 | INFO     | keeper.strategy      | TWAP chunk 4/4: $1,250 (progress: 100%)
2026-07-03 20:58:42,706 | INFO     | keeper.strategy      | TWAP order complete: avg price $0.0000
2026-07-03 20:58:42,706 | INFO     | keeper.strategy      | TWAP order created: $1,250 in 4 chunks of $312 every 6 blocks
2026-07-03 20:59:31,956 | INFO     | keeper.strategy      | TWAP chunk 1/4: $312 (progress: 25%)
2026-07-03 21:00:04,986 | INFO     | keeper.strategy      | TWAP chunk 2/4: $312 (progress: 50%)
2026-07-03 21:00:39,297 | INFO     | keeper.strategy      | TWAP chunk 3/4: $312 (progress: 75%)
2026-07-03 21:01:22,748 | INFO     | keeper.strategy      | TWAP chunk 4/4: $1,250 (progress: 100%)
2026-07-03 21:01:56,799 | INFO     | keeper.strategy      | TWAP order complete: avg price $0.0000
2026-07-03 21:01:56,799 | INFO     | keeper.strategy      | TWAP order created: $1,250 in 4 chunks of $312 every 6 blocks
2026-07-03 21:02:42,878 | INFO     | keeper.strategy      | TWAP chunk 1/4: $312 (progress: 25%)
2026-07-03 21:03:16,470 | INFO     | keeper.strategy      | TWAP chunk 2/4: $312 (progress: 50%)
2026-07-03 21:03:58,449 | INFO     | keeper.strategy      | TWAP chunk 3/4: $312 (progress: 75%)
2026-07-03 21:04:33,559 | INFO     | keeper.strategy      | TWAP chunk 4/4: $1,250 (progress: 100%)
2026-07-03 21:05:20,010 | INFO     | keeper.strategy      | TWAP order complete: avg price $0.0000
2026-07-03 21:05:20,010 | INFO     | keeper.strategy      | TWAP order created: $1,250 in 4 chunks of $312 every 6 blocks
2026-07-03 21:06:02,489 | INFO     | keeper.strategy      | TWAP chunk 1/4: $312 (progress: 25%)
2026-07-03 21:06:35,248 | INFO     | keeper.strategy      | TWAP chunk 2/4: $312 (progress: 50%)
2026-07-03 21:07:17,948 | INFO     | keeper.strategy      | TWAP chunk 3/4: $312 (progress: 75%)
2026-07-03 21:07:54,739 | INFO     | keeper.strategy      | TWAP chunk 4/4: $1,250 (progress: 100%)
2026-07-03 21:08:41,430 | INFO     | keeper.strategy      | TWAP order complete: avg price $0.0000
2026-07-03 21:08:41,431 | INFO     | keeper.strategy      | TWAP order created: $1,250 in 4 chunks of $312 every 6 blocks
2026-07-03 21:09:14,260 | INFO     | keeper.strategy      | TWAP chunk 1/4: $312 (progress: 25%)
2026-07-03 21:09:59,090 | INFO     | keeper.strategy      | TWAP chunk 2/4: $312 (progress: 50%)
2026-07-03 21:10:42,901 | INFO     | keeper.strategy      | TWAP chunk 3/4: $312 (progress: 75%)
2026-07-03 21:11:18,471 | INFO     | keeper.strategy      | TWAP chunk 4/4: $1,250 (progress: 100%)
2026-07-03 21:12:04,781 | INFO     | keeper.strategy      | TWAP order complete: avg price $0.0000
2026-07-03 21:12:04,781 | INFO     | keeper.strategy      | TWAP order created: $1,250 in 4 chunks of $312 every 6 blocks
2026-07-03 21:12:37,590 | INFO     | keeper.strategy      | TWAP chunk 1/4: $312 (progress: 25%)
2026-07-03 21:13:21,272 | INFO     | keeper.strategy      | TWAP chunk 2/4: $312 (progress: 50%)
2026-07-03 21:13:55,832 | INFO     | keeper.strategy      | TWAP chunk 3/4: $312 (progress: 75%)
2026-07-03 21:14:38,642 | INFO     | keeper.strategy      | TWAP chunk 4/4: $1,250 (progress: 100%)
2026-07-03 21:15:13,083 | INFO     | keeper.strategy      | TWAP order complete: avg price $0.0000
2026-07-03 21:15:13,083 | INFO     | keeper.strategy      | TWAP order created: $1,250 in 4 chunks of $312 every 6 blocks
2026-07-03 21:15:55,583 | INFO     | keeper.strategy      | TWAP chunk 1/4: $312 (progress: 25%)
2026-07-03 21:16:28,614 | INFO     | keeper.strategy      | TWAP chunk 2/4: $312 (progress: 50%)
2026-07-03 21:17:13,524 | INFO     | keeper.strategy      | TWAP chunk 3/4: $312 (progress: 75%)
2026-07-03 21:17:46,795 | INFO     | keeper.strategy      | TWAP chunk 4/4: $1,250 (progress: 100%)
2026-07-03 21:18:35,395 | INFO     | keeper.strategy      | TWAP order complete: avg price $0.0000
2026-07-03 21:18:35,395 | INFO     | keeper.strategy      | TWAP order created: $1,250 in 4 chunks of $312 every 6 blocks
2026-07-03 21:19:08,166 | INFO     | keeper.strategy      | TWAP chunk 1/4: $312 (progress: 25%)
2026-07-03 21:19:53,206 | INFO     | keeper.strategy      | TWAP chunk 2/4: $312 (progress: 50%)
2026-07-03 21:20:41,297 | INFO     | keeper.strategy      | TWAP chunk 3/4: $312 (progress: 75%)
2026-07-03 21:21:14,176 | INFO     | keeper.strategy      | TWAP chunk 4/4: $1,250 (progress: 100%)
2026-07-03 21:21:53,967 | INFO     | keeper.strategy      | TWAP order complete: avg price $0.0000
2026-07-03 21:21:53,967 | INFO     | keeper.strategy      | TWAP order created: $1,250 in 4 chunks of $312 every 6 blocks
2026-07-03 21:22:29,667 | INFO     | keeper.strategy      | TWAP chunk 1/4: $312 (progress: 25%)
2026-07-03 21:23:14,491 | INFO     | keeper.strategy      | TWAP chunk 2/4: $312 (progress: 50%)
2026-07-03 21:23:59,859 | INFO     | keeper.strategy      | TWAP chunk 3/4: $312 (progress: 75%)
2026-07-03 21:24:42,060 | INFO     | keeper.strategy      | TWAP chunk 4/4: $1,250 (progress: 100%)
2026-07-03 21:25:14,876 | INFO     | keeper.strategy      | TWAP order complete: avg price $0.0000
2026-07-03 21:25:14,876 | INFO     | keeper.strategy      | TWAP order created: $1,250 in 4 chunks of $312 every 6 blocks
2026-07-03 21:25:58,290 | INFO     | keeper.strategy      | TWAP chunk 1/4: $312 (progress: 25%)
2026-07-03 21:26:32,710 | INFO     | keeper.strategy      | TWAP chunk 2/4: $312 (progress: 50%)
2026-07-03 21:27:08,191 | INFO     | keeper.strategy      | TWAP chunk 3/4: $312 (progress: 75%)
2026-07-03 21:27:53,322 | INFO     | keeper.strategy      | TWAP chunk 4/4: $1,250 (progress: 100%)
2026-07-03 21:28:39,363 | INFO     | keeper.strategy      | TWAP order complete: avg price $0.0000
2026-07-03 21:28:39,364 | INFO     | keeper.strategy      | TWAP order created: $1,250 in 4 chunks of $312 every 6 blocks
2026-07-03 21:29:12,606 | INFO     | keeper.strategy      | TWAP chunk 1/4: $312 (progress: 25%)
2026-07-03 21:29:45,634 | INFO     | keeper.strategy      | TWAP chunk 2/4: $312 (progress: 50%)
2026-07-03 21:30:33,214 | INFO     | keeper.strategy      | TWAP chunk 3/4: $312 (progress: 75%)
2026-07-03 21:31:07,135 | INFO     | keeper.strategy      | TWAP chunk 4/4: $1,250 (progress: 100%)
2026-07-03 21:31:55,155 | INFO     | keeper.strategy      | TWAP order complete: avg price $0.0000
2026-07-03 21:31:55,155 | INFO     | keeper.strategy      | TWAP order created: $1,250 in 4 chunks of $312 every 6 blocks
2026-07-03 21:32:27,975 | INFO     | keeper.strategy      | TWAP chunk 1/4: $312 (progress: 25%)
2026-07-03 21:33:14,516 | INFO     | keeper.strategy      | TWAP chunk 2/4: $312 (progress: 50%)
2026-07-03 21:33:47,817 | INFO     | keeper.strategy      | TWAP chunk 3/4: $312 (progress: 75%)
2026-07-03 21:34:33,806 | INFO     | keeper.strategy      | TWAP chunk 4/4: $1,250 (progress: 100%)
2026-07-03 21:35:08,384 | INFO     | keeper.strategy      | TWAP order complete: avg price $0.0000
2026-07-03 21:35:08,384 | INFO     | keeper.strategy      | TWAP order created: $1,250 in 4 chunks of $312 every 6 blocks
2026-07-03 21:35:52,937 | INFO     | keeper.strategy      | TWAP chunk 1/4: $312 (progress: 25%)
2026-07-03 21:36:25,739 | INFO     | keeper.strategy      | TWAP chunk 2/4: $312 (progress: 50%)
2026-07-03 21:36:58,811 | INFO     | keeper.strategy      | TWAP chunk 3/4: $312 (progress: 75%)
2026-07-03 21:37:43,311 | INFO     | keeper.strategy      | TWAP chunk 4/4: $1,250 (progress: 100%)
2026-07-03 21:38:16,575 | INFO     | keeper.strategy      | TWAP order complete: avg price $0.0000
2026-07-03 21:38:16,576 | INFO     | keeper.strategy      | TWAP order created: $1,250 in 4 chunks of $312 every 6 blocks
2026-07-03 21:39:03,521 | INFO     | keeper.strategy      | TWAP chunk 1/4: $312 (progress: 25%)
2026-07-03 21:39:36,708 | INFO     | keeper.strategy      | TWAP chunk 2/4: $312 (progress: 50%)
2026-07-03 21:40:23,867 | INFO     | keeper.strategy      | TWAP chunk 3/4: $312 (progress: 75%)
2026-07-03 21:41:08,155 | INFO     | keeper.strategy      | TWAP chunk 4/4: $1,250 (progress: 100%)
2026-07-03 21:41:53,125 | INFO     | keeper.strategy      | TWAP order complete: avg price $0.0000
2026-07-03 21:41:53,125 | INFO     | keeper.strategy      | TWAP order created: $1,250 in 4 chunks of $312 every 6 blocks
2026-07-03 21:42:26,782 | INFO     | keeper.strategy      | TWAP chunk 1/4: $312 (progress: 25%)
2026-07-03 21:43:07,971 | INFO     | keeper.strategy      | TWAP chunk 2/4: $312 (progress: 50%)
2026-07-03 21:43:43,969 | INFO     | keeper.strategy      | TWAP chunk 3/4: $312 (progress: 75%)
2026-07-03 21:44:31,609 | INFO     | keeper.strategy      | TWAP chunk 4/4: $1,250 (progress: 100%)
2026-07-03 21:45:04,840 | INFO     | keeper.strategy      | TWAP order complete: avg price $0.0000
2026-07-03 21:45:04,841 | INFO     | keeper.strategy      | TWAP order created: $1,250 in 4 chunks of $312 every 6 blocks
2026-07-03 21:45:56,257 | INFO     | keeper.strategy      | TWAP chunk 1/4: $312 (progress: 25%)
2026-07-03 21:46:39,498 | INFO     | keeper.strategy      | TWAP chunk 2/4: $312 (progress: 50%)
2026-07-03 21:47:13,918 | INFO     | keeper.strategy      | TWAP chunk 3/4: $312 (progress: 75%)
2026-07-03 21:47:48,316 | INFO     | keeper.strategy      | TWAP chunk 4/4: $1,250 (progress: 100%)
2026-07-03 21:48:36,175 | INFO     | keeper.strategy      | TWAP order complete: avg price $0.0000
2026-07-03 21:48:36,175 | INFO     | keeper.strategy      | TWAP order created: $1,250 in 4 chunks of $312 every 6 blocks
2026-07-03 21:49:23,595 | INFO     | keeper.strategy      | TWAP chunk 1/4: $312 (progress: 25%)
2026-07-03 21:49:58,956 | INFO     | keeper.strategy      | TWAP chunk 2/4: $312 (progress: 50%)
2026-07-03 21:50:43,445 | INFO     | keeper.strategy      | TWAP chunk 3/4: $312 (progress: 75%)
2026-07-03 21:51:28,845 | INFO     | keeper.strategy      | TWAP chunk 4/4: $1,250 (progress: 100%)
2026-07-03 21:52:03,954 | INFO     | keeper.strategy      | TWAP order complete: avg price $0.0000
2026-07-03 21:52:03,954 | INFO     | keeper.strategy      | TWAP order created: $1,250 in 4 chunks of $312 every 6 blocks
2026-07-03 21:52:51,974 | INFO     | keeper.strategy      | TWAP chunk 1/4: $312 (progress: 25%)
2026-07-03 21:53:25,243 | INFO     | keeper.strategy      | TWAP chunk 2/4: $312 (progress: 50%)
2026-07-03 21:54:12,936 | INFO     | keeper.strategy      | TWAP chunk 3/4: $312 (progress: 75%)
2026-07-03 21:54:58,022 | INFO     | keeper.strategy      | TWAP chunk 4/4: $1,250 (progress: 100%)
2026-07-03 21:55:33,832 | INFO     | keeper.strategy      | TWAP order complete: avg price $0.0000
2026-07-03 21:55:33,832 | INFO     | keeper.strategy      | TWAP order created: $1,250 in 4 chunks of $312 every 6 blocks
2026-07-03 21:56:19,572 | INFO     | keeper.strategy      | TWAP chunk 1/4: $312 (progress: 25%)
2026-07-03 21:57:04,213 | INFO     | keeper.strategy      | TWAP chunk 2/4: $312 (progress: 50%)
2026-07-03 21:57:38,402 | INFO     | keeper.strategy      | TWAP chunk 3/4: $312 (progress: 75%)
2026-07-03 21:58:24,822 | INFO     | keeper.strategy      | TWAP chunk 4/4: $1,250 (progress: 100%)
2026-07-03 21:58:57,722 | INFO     | keeper.strategy      | TWAP order complete: avg price $0.0000
2026-07-03 21:58:57,722 | INFO     | keeper.strategy      | TWAP order created: $1,250 in 4 chunks of $312 every 6 blocks
2026-07-03 21:59:46,524 | INFO     | keeper.strategy      | TWAP chunk 1/4: $312 (progress: 25%)
2026-07-03 22:00:20,212 | INFO     | keeper.strategy      | TWAP chunk 2/4: $312 (progress: 50%)
2026-07-03 22:01:04,112 | INFO     | keeper.strategy      | TWAP chunk 3/4: $312 (progress: 75%)
2026-07-03 22:01:41,292 | INFO     | keeper.strategy      | TWAP chunk 4/4: $1,250 (progress: 100%)
2026-07-03 22:02:28,412 | INFO     | keeper.strategy      | TWAP order complete: avg price $0.0000
2026-07-03 22:02:28,413 | INFO     | keeper.strategy      | TWAP order created: $1,250 in 4 chunks of $312 every 6 blocks
2026-07-03 22:03:02,963 | INFO     | keeper.strategy      | TWAP chunk 1/4: $312 (progress: 25%)
2026-07-03 22:03:37,692 | INFO     | keeper.strategy      | TWAP chunk 2/4: $312 (progress: 50%)
2026-07-03 22:04:22,673 | INFO     | keeper.strategy      | TWAP chunk 3/4: $312 (progress: 75%)
2026-07-03 22:05:08,533 | INFO     | keeper.strategy      | TWAP chunk 4/4: $1,250 (progress: 100%)
2026-07-03 22:05:53,433 | INFO     | keeper.strategy      | TWAP order complete: avg price $0.0000
2026-07-03 22:05:53,434 | INFO     | keeper.strategy      | TWAP order created: $1,250 in 4 chunks of $312 every 6 blocks
2026-07-03 22:06:27,943 | INFO     | keeper.strategy      | TWAP chunk 1/4: $312 (progress: 25%)
2026-07-03 22:07:00,843 | INFO     | keeper.strategy      | TWAP chunk 2/4: $312 (progress: 50%)
2026-07-03 22:07:33,884 | INFO     | keeper.strategy      | TWAP chunk 3/4: $312 (progress: 75%)
2026-07-03 22:08:22,763 | INFO     | keeper.strategy      | TWAP chunk 4/4: $1,250 (progress: 100%)
2026-07-03 22:08:55,963 | INFO     | keeper.strategy      | TWAP order complete: avg price $0.0000
2026-07-03 22:08:55,963 | INFO     | keeper.strategy      | TWAP order created: $1,250 in 4 chunks of $312 every 6 blocks
2026-07-03 22:09:43,443 | INFO     | keeper.strategy      | TWAP chunk 1/4: $312 (progress: 25%)
2026-07-03 22:10:28,954 | INFO     | keeper.strategy      | TWAP chunk 2/4: $312 (progress: 50%)
2026-07-03 22:11:14,068 | INFO     | keeper.strategy      | TWAP chunk 3/4: $312 (progress: 75%)
2026-07-03 22:11:49,770 | INFO     | keeper.strategy      | TWAP chunk 4/4: $1,250 (progress: 100%)
2026-07-03 22:12:33,565 | INFO     | keeper.strategy      | TWAP order complete: avg price $0.0000
2026-07-03 22:12:33,566 | INFO     | keeper.strategy      | TWAP order created: $1,250 in 4 chunks of $312 every 6 blocks
2026-07-03 22:13:08,057 | INFO     | keeper.strategy      | TWAP chunk 1/4: $312 (progress: 25%)
2026-07-03 22:13:52,082 | INFO     | keeper.strategy      | TWAP chunk 2/4: $312 (progress: 50%)
2026-07-03 22:14:24,983 | INFO     | keeper.strategy      | TWAP chunk 3/4: $312 (progress: 75%)
2026-07-03 22:14:57,936 | INFO     | keeper.strategy      | TWAP chunk 4/4: $1,250 (progress: 100%)
2026-07-03 22:15:43,648 | INFO     | keeper.strategy      | TWAP order complete: avg price $0.0000
2026-07-03 22:15:43,648 | INFO     | keeper.strategy      | TWAP order created: $1,250 in 4 chunks of $312 every 6 blocks
2026-07-03 22:16:16,941 | INFO     | keeper.strategy      | TWAP chunk 1/4: $312 (progress: 25%)
2026-07-03 22:17:01,305 | INFO     | keeper.strategy      | TWAP chunk 2/4: $312 (progress: 50%)
2026-07-03 22:17:34,386 | INFO     | keeper.strategy      | TWAP chunk 3/4: $312 (progress: 75%)
2026-07-03 22:18:07,338 | INFO     | keeper.strategy      | TWAP chunk 4/4: $1,250 (progress: 100%)
2026-07-03 22:18:55,280 | INFO     | keeper.strategy      | TWAP order complete: avg price $0.0000
2026-07-03 22:18:55,280 | INFO     | keeper.strategy      | TWAP order created: $1,250 in 4 chunks of $312 every 6 blocks
2026-07-03 22:19:39,833 | INFO     | keeper.strategy      | TWAP chunk 1/4: $312 (progress: 25%)
2026-07-03 22:20:13,725 | INFO     | keeper.strategy      | TWAP chunk 2/4: $312 (progress: 50%)
2026-07-03 22:20:47,535 | INFO     | keeper.strategy      | TWAP chunk 3/4: $312 (progress: 75%)
2026-07-03 22:21:31,077 | INFO     | keeper.strategy      | TWAP chunk 4/4: $1,250 (progress: 100%)
2026-07-03 22:22:04,999 | INFO     | keeper.strategy      | TWAP order complete: avg price $0.0000
2026-07-03 22:22:04,999 | INFO     | keeper.strategy      | TWAP order created: $1,250 in 4 chunks of $312 every 6 blocks
2026-07-03 22:22:54,932 | INFO     | keeper.strategy      | TWAP chunk 1/4: $312 (progress: 25%)
2026-07-03 22:23:28,782 | INFO     | keeper.strategy      | TWAP chunk 2/4: $312 (progress: 50%)
2026-07-03 22:24:14,094 | INFO     | keeper.strategy      | TWAP chunk 3/4: $312 (progress: 75%)
2026-07-03 22:24:46,905 | INFO     | keeper.strategy      | TWAP chunk 4/4: $1,250 (progress: 100%)
2026-07-03 22:25:34,017 | INFO     | keeper.strategy      | TWAP order complete: avg price $0.0000
2026-07-03 22:25:34,017 | INFO     | keeper.strategy      | TWAP order created: $1,250 in 4 chunks of $312 every 6 blocks
2026-07-03 22:26:07,428 | INFO     | keeper.strategy      | TWAP chunk 1/4: $312 (progress: 25%)
2026-07-03 22:26:47,858 | INFO     | keeper.strategy      | TWAP chunk 2/4: $312 (progress: 50%)
2026-07-03 22:27:23,100 | INFO     | keeper.strategy      | TWAP chunk 3/4: $312 (progress: 75%)
2026-07-03 22:27:56,100 | INFO     | keeper.strategy      | TWAP chunk 4/4: $1,250 (progress: 100%)
2026-07-03 22:28:41,532 | INFO     | keeper.strategy      | TWAP order complete: avg price $0.0000
2026-07-03 22:28:41,532 | INFO     | keeper.strategy      | TWAP order created: $1,250 in 4 chunks of $312 every 6 blocks
2026-07-03 22:29:14,393 | INFO     | keeper.strategy      | TWAP chunk 1/4: $312 (progress: 25%)
2026-07-03 22:29:47,795 | INFO     | keeper.strategy      | TWAP chunk 2/4: $312 (progress: 50%)
2026-07-03 22:30:32,445 | INFO     | keeper.strategy      | TWAP chunk 3/4: $312 (progress: 75%)
2026-07-03 22:31:05,326 | INFO     | keeper.strategy      | TWAP chunk 4/4: $1,250 (progress: 100%)
2026-07-03 22:31:51,466 | INFO     | keeper.strategy      | TWAP order complete: avg price $0.0000
2026-07-03 22:31:51,467 | INFO     | keeper.strategy      | TWAP order created: $1,250 in 4 chunks of $312 every 6 blocks
2026-07-03 22:32:24,237 | INFO     | keeper.strategy      | TWAP chunk 1/4: $312 (progress: 25%)
2026-07-03 22:32:59,078 | INFO     | keeper.strategy      | TWAP chunk 2/4: $312 (progress: 50%)
2026-07-03 22:33:44,030 | INFO     | keeper.strategy      | TWAP chunk 3/4: $312 (progress: 75%)
2026-07-03 22:34:16,982 | INFO     | keeper.strategy      | TWAP chunk 4/4: $1,250 (progress: 100%)
2026-07-03 22:35:03,901 | INFO     | keeper.strategy      | TWAP order complete: avg price $0.0000
2026-07-03 22:35:03,902 | INFO     | keeper.strategy      | TWAP order created: $1,250 in 4 chunks of $312 every 6 blocks
2026-07-03 22:35:38,362 | INFO     | keeper.strategy      | TWAP chunk 1/4: $312 (progress: 25%)
2026-07-03 22:36:23,195 | INFO     | keeper.strategy      | TWAP chunk 2/4: $312 (progress: 50%)
2026-07-03 22:37:07,946 | INFO     | keeper.strategy      | TWAP chunk 3/4: $312 (progress: 75%)
2026-07-03 22:37:44,384 | INFO     | keeper.strategy      | TWAP chunk 4/4: $1,250 (progress: 100%)
2026-07-03 22:38:33,506 | INFO     | keeper.strategy      | TWAP order complete: avg price $0.0000
2026-07-03 22:38:33,506 | INFO     | keeper.strategy      | TWAP order created: $1,250 in 4 chunks of $312 every 6 blocks
2026-07-03 22:39:07,356 | INFO     | keeper.strategy      | TWAP chunk 1/4: $312 (progress: 25%)
2026-07-03 22:39:55,197 | INFO     | keeper.strategy      | TWAP chunk 2/4: $312 (progress: 50%)
2026-07-03 22:40:29,068 | INFO     | keeper.strategy      | TWAP chunk 3/4: $312 (progress: 75%)
2026-07-03 22:41:15,978 | INFO     | keeper.strategy      | TWAP chunk 4/4: $1,250 (progress: 100%)
2026-07-03 22:42:03,419 | INFO     | keeper.strategy      | TWAP order complete: avg price $0.0000
2026-07-03 22:42:03,419 | INFO     | keeper.strategy      | TWAP order created: $1,250 in 4 chunks of $312 every 6 blocks
2026-07-03 22:42:36,961 | INFO     | keeper.strategy      | TWAP chunk 1/4: $312 (progress: 25%)
2026-07-03 22:43:22,981 | INFO     | keeper.strategy      | TWAP chunk 2/4: $312 (progress: 50%)
2026-07-03 22:44:09,021 | INFO     | keeper.strategy      | TWAP chunk 3/4: $312 (progress: 75%)
2026-07-03 22:44:42,894 | INFO     | keeper.strategy      | TWAP chunk 4/4: $1,250 (progress: 100%)
2026-07-03 22:45:28,292 | INFO     | keeper.strategy      | TWAP order complete: avg price $0.0000
2026-07-03 22:45:28,292 | INFO     | keeper.strategy      | TWAP order created: $1,250 in 4 chunks of $312 every 6 blocks
2026-07-03 22:46:02,702 | INFO     | keeper.strategy      | TWAP chunk 1/4: $312 (progress: 25%)
2026-07-03 22:46:44,422 | INFO     | keeper.strategy      | TWAP chunk 2/4: $312 (progress: 50%)
2026-07-03 22:47:20,511 | INFO     | keeper.strategy      | TWAP chunk 3/4: $312 (progress: 75%)
2026-07-03 22:48:05,171 | INFO     | keeper.strategy      | TWAP chunk 4/4: $1,250 (progress: 100%)
2026-07-03 22:48:38,321 | INFO     | keeper.strategy      | TWAP order complete: avg price $0.0000
2026-07-03 22:48:38,321 | INFO     | keeper.strategy      | TWAP order created: $1,250 in 4 chunks of $312 every 6 blocks
2026-07-03 22:49:22,961 | INFO     | keeper.strategy      | TWAP chunk 1/4: $312 (progress: 25%)
2026-07-03 22:49:55,871 | INFO     | keeper.strategy      | TWAP chunk 2/4: $312 (progress: 50%)
2026-07-03 22:50:44,351 | INFO     | keeper.strategy      | TWAP chunk 3/4: $312 (progress: 75%)
2026-07-03 22:51:19,240 | INFO     | keeper.strategy      | TWAP chunk 4/4: $1,250 (progress: 100%)
2026-07-03 22:52:05,155 | INFO     | keeper.strategy      | TWAP order complete: avg price $0.0000
2026-07-03 22:52:05,156 | INFO     | keeper.strategy      | TWAP order created: $1,250 in 4 chunks of $312 every 6 blocks
2026-07-03 22:52:38,775 | INFO     | keeper.strategy      | TWAP chunk 1/4: $312 (progress: 25%)
2026-07-03 22:53:21,791 | INFO     | keeper.strategy      | TWAP chunk 2/4: $312 (progress: 50%)
2026-07-03 22:53:56,321 | INFO     | keeper.strategy      | TWAP chunk 3/4: $312 (progress: 75%)
2026-07-03 22:54:39,442 | INFO     | keeper.strategy      | TWAP chunk 4/4: $1,250 (progress: 100%)
2026-07-03 22:55:13,782 | INFO     | keeper.strategy      | TWAP order complete: avg price $0.0000
2026-07-03 22:55:13,782 | INFO     | keeper.strategy      | TWAP order created: $1,250 in 4 chunks of $312 every 6 blocks
2026-07-03 22:55:47,164 | INFO     | keeper.strategy      | TWAP chunk 1/4: $312 (progress: 25%)
2026-07-03 22:56:35,253 | INFO     | keeper.strategy      | TWAP chunk 2/4: $312 (progress: 50%)
2026-07-03 22:57:08,073 | INFO     | keeper.strategy      | TWAP chunk 3/4: $312 (progress: 75%)
2026-07-03 22:57:53,743 | INFO     | keeper.strategy      | TWAP chunk 4/4: $1,250 (progress: 100%)
2026-07-03 22:58:27,753 | INFO     | keeper.strategy      | TWAP order complete: avg price $0.0000
2026-07-03 22:58:27,753 | INFO     | keeper.strategy      | TWAP order created: $1,250 in 4 chunks of $312 every 6 blocks
2026-07-03 22:59:13,634 | INFO     | keeper.strategy      | TWAP chunk 1/4: $312 (progress: 25%)
2026-07-03 22:59:47,573 | INFO     | keeper.strategy      | TWAP chunk 2/4: $312 (progress: 50%)
2026-07-03 23:00:33,324 | INFO     | keeper.strategy      | TWAP chunk 3/4: $312 (progress: 75%)
2026-07-03 23:01:07,235 | INFO     | keeper.strategy      | TWAP chunk 4/4: $1,250 (progress: 100%)
2026-07-03 23:01:53,594 | INFO     | keeper.strategy      | TWAP order complete: avg price $0.0000
2026-07-03 23:01:53,594 | INFO     | keeper.strategy      | TWAP order created: $1,250 in 4 chunks of $312 every 6 blocks
2026-07-03 23:02:26,737 | INFO     | keeper.strategy      | TWAP chunk 1/4: $312 (progress: 25%)
2026-07-03 23:03:12,556 | INFO     | keeper.strategy      | TWAP chunk 2/4: $312 (progress: 50%)
2026-07-03 23:03:45,755 | INFO     | keeper.strategy      | TWAP chunk 3/4: $312 (progress: 75%)
2026-07-03 23:04:33,087 | INFO     | keeper.strategy      | TWAP chunk 4/4: $1,250 (progress: 100%)
2026-07-03 23:05:06,807 | INFO     | keeper.strategy      | TWAP order complete: avg price $0.0000
2026-07-03 23:05:06,807 | INFO     | keeper.strategy      | TWAP order created: $1,250 in 4 chunks of $312 every 6 blocks
2026-07-03 23:05:53,677 | INFO     | keeper.strategy      | TWAP chunk 1/4: $312 (progress: 25%)
2026-07-03 23:06:40,198 | INFO     | keeper.strategy      | TWAP chunk 2/4: $312 (progress: 50%)
2026-07-03 23:07:13,178 | INFO     | keeper.strategy      | TWAP chunk 3/4: $312 (progress: 75%)
2026-07-03 23:07:47,048 | INFO     | keeper.strategy      | TWAP chunk 4/4: $1,250 (progress: 100%)
2026-07-03 23:08:32,523 | INFO     | keeper.strategy      | TWAP order complete: avg price $0.0000
2026-07-03 23:08:32,524 | INFO     | keeper.strategy      | TWAP order created: $1,250 in 4 chunks of $312 every 6 blocks
2026-07-03 23:09:05,509 | INFO     | keeper.strategy      | TWAP chunk 1/4: $312 (progress: 25%)
2026-07-03 23:09:47,931 | INFO     | keeper.strategy      | TWAP chunk 2/4: $312 (progress: 50%)
2026-07-03 23:10:24,181 | INFO     | keeper.strategy      | TWAP chunk 3/4: $312 (progress: 75%)
2026-07-03 23:11:16,681 | INFO     | keeper.strategy      | TWAP chunk 4/4: $1,250 (progress: 100%)
2026-07-03 23:11:54,472 | INFO     | keeper.strategy      | TWAP order complete: avg price $0.0000
2026-07-03 23:11:54,472 | INFO     | keeper.strategy      | TWAP order created: $1,250 in 4 chunks of $312 every 6 blocks
2026-07-03 23:12:31,897 | INFO     | keeper.strategy      | TWAP chunk 1/4: $312 (progress: 25%)
2026-07-03 23:13:16,182 | INFO     | keeper.strategy      | TWAP chunk 2/4: $312 (progress: 50%)
2026-07-03 23:13:49,213 | INFO     | keeper.strategy      | TWAP chunk 3/4: $312 (progress: 75%)
2026-07-03 23:14:33,402 | INFO     | keeper.strategy      | TWAP chunk 4/4: $1,250 (progress: 100%)
2026-07-03 23:15:07,313 | INFO     | keeper.strategy      | TWAP order complete: avg price $0.0000
2026-07-03 23:15:07,314 | INFO     | keeper.strategy      | TWAP order created: $1,250 in 4 chunks of $312 every 6 blocks
2026-07-03 23:15:53,064 | INFO     | keeper.strategy      | TWAP chunk 1/4: $312 (progress: 25%)
2026-07-03 23:16:28,884 | INFO     | keeper.strategy      | TWAP chunk 2/4: $312 (progress: 50%)
2026-07-03 23:17:13,704 | INFO     | keeper.strategy      | TWAP chunk 3/4: $312 (progress: 75%)
2026-07-03 23:17:47,822 | INFO     | keeper.strategy      | TWAP chunk 4/4: $1,250 (progress: 100%)
2026-07-03 23:18:32,226 | INFO     | keeper.strategy      | TWAP order complete: avg price $0.0000
2026-07-03 23:18:32,226 | INFO     | keeper.strategy      | TWAP order created: $1,250 in 4 chunks of $312 every 6 blocks
2026-07-03 23:19:06,423 | INFO     | keeper.strategy      | TWAP chunk 1/4: $312 (progress: 25%)
2026-07-03 23:19:51,026 | INFO     | keeper.strategy      | TWAP chunk 2/4: $312 (progress: 50%)
2026-07-03 23:20:24,147 | INFO     | keeper.strategy      | TWAP chunk 3/4: $312 (progress: 75%)
2026-07-03 23:20:56,988 | INFO     | keeper.strategy      | TWAP chunk 4/4: $1,250 (progress: 100%)
2026-07-03 23:21:41,960 | INFO     | keeper.strategy      | TWAP order complete: avg price $0.0000
2026-07-03 23:21:41,961 | INFO     | keeper.strategy      | TWAP order created: $1,250 in 4 chunks of $312 every 6 blocks
2026-07-03 23:22:15,362 | INFO     | keeper.strategy      | TWAP chunk 1/4: $312 (progress: 25%)
2026-07-03 23:22:48,530 | INFO     | keeper.strategy      | TWAP chunk 2/4: $312 (progress: 50%)
2026-07-03 23:23:33,221 | INFO     | keeper.strategy      | TWAP chunk 3/4: $312 (progress: 75%)
2026-07-03 23:24:17,891 | INFO     | keeper.strategy      | TWAP chunk 4/4: $1,250 (progress: 100%)
2026-07-03 23:24:52,632 | INFO     | keeper.strategy      | TWAP order complete: avg price $0.0000
2026-07-03 23:24:52,632 | INFO     | keeper.strategy      | TWAP order created: $1,250 in 4 chunks of $312 every 6 blocks
2026-07-03 23:25:34,894 | INFO     | keeper.strategy      | TWAP chunk 1/4: $312 (progress: 25%)
2026-07-03 23:26:10,536 | INFO     | keeper.strategy      | TWAP chunk 2/4: $312 (progress: 50%)
2026-07-03 23:26:53,214 | INFO     | keeper.strategy      | TWAP chunk 3/4: $312 (progress: 75%)
2026-07-03 23:27:26,165 | INFO     | keeper.strategy      | TWAP chunk 4/4: $1,250 (progress: 100%)
2026-07-03 23:28:11,285 | INFO     | keeper.strategy      | TWAP order complete: avg price $0.0000
2026-07-03 23:28:11,285 | INFO     | keeper.strategy      | TWAP order created: $1,250 in 4 chunks of $312 every 6 blocks
2026-07-03 23:28:46,119 | INFO     | keeper.strategy      | TWAP chunk 1/4: $312 (progress: 25%)
2026-07-03 23:29:29,327 | INFO     | keeper.strategy      | TWAP chunk 2/4: $312 (progress: 50%)
2026-07-03 23:30:02,697 | INFO     | keeper.strategy      | TWAP chunk 3/4: $312 (progress: 75%)
2026-07-03 23:30:37,120 | INFO     | keeper.strategy      | TWAP chunk 4/4: $1,250 (progress: 100%)
2026-07-03 23:31:24,238 | INFO     | keeper.strategy      | TWAP order complete: avg price $0.0000
2026-07-03 23:31:24,239 | INFO     | keeper.strategy      | TWAP order created: $1,250 in 4 chunks of $312 every 6 blocks
2026-07-03 23:31:57,464 | INFO     | keeper.strategy      | TWAP chunk 1/4: $312 (progress: 25%)
2026-07-03 23:32:42,287 | INFO     | keeper.strategy      | TWAP chunk 2/4: $312 (progress: 50%)
2026-07-03 23:33:27,931 | INFO     | keeper.strategy      | TWAP chunk 3/4: $312 (progress: 75%)
2026-07-03 23:34:13,271 | INFO     | keeper.strategy      | TWAP chunk 4/4: $1,250 (progress: 100%)
2026-07-03 23:34:47,862 | INFO     | keeper.strategy      | TWAP order complete: avg price $0.0000
2026-07-03 23:34:47,863 | INFO     | keeper.strategy      | TWAP order created: $1,250 in 4 chunks of $312 every 6 blocks
2026-07-03 23:35:33,433 | INFO     | keeper.strategy      | TWAP chunk 1/4: $312 (progress: 25%)
2026-07-03 23:36:07,193 | INFO     | keeper.strategy      | TWAP chunk 2/4: $312 (progress: 50%)
2026-07-03 23:36:53,513 | INFO     | keeper.strategy      | TWAP chunk 3/4: $312 (progress: 75%)
2026-07-03 23:37:41,816 | INFO     | keeper.strategy      | TWAP chunk 4/4: $1,250 (progress: 100%)
2026-07-03 23:38:14,746 | INFO     | keeper.strategy      | TWAP order complete: avg price $0.0000
2026-07-03 23:38:14,746 | INFO     | keeper.strategy      | TWAP order created: $1,250 in 4 chunks of $312 every 6 blocks
2026-07-03 23:38:48,117 | INFO     | keeper.strategy      | TWAP chunk 1/4: $312 (progress: 25%)
2026-07-03 23:39:33,295 | INFO     | keeper.strategy      | TWAP chunk 2/4: $312 (progress: 50%)
2026-07-03 23:40:06,337 | INFO     | keeper.strategy      | TWAP chunk 3/4: $312 (progress: 75%)
2026-07-03 23:40:48,007 | INFO     | keeper.strategy      | TWAP chunk 4/4: $1,250 (progress: 100%)
2026-07-03 23:41:23,308 | INFO     | keeper.strategy      | TWAP order complete: avg price $0.0000
2026-07-03 23:41:23,308 | INFO     | keeper.strategy      | TWAP order created: $1,250 in 4 chunks of $312 every 6 blocks
2026-07-03 23:42:12,567 | INFO     | keeper.strategy      | TWAP chunk 1/4: $312 (progress: 25%)
2026-07-03 23:42:45,508 | INFO     | keeper.strategy      | TWAP chunk 2/4: $312 (progress: 50%)
2026-07-03 23:43:28,469 | INFO     | keeper.strategy      | TWAP chunk 3/4: $312 (progress: 75%)
2026-07-03 23:44:04,141 | INFO     | keeper.strategy      | TWAP chunk 4/4: $1,250 (progress: 100%)
2026-07-03 23:44:50,514 | INFO     | keeper.strategy      | TWAP order complete: avg price $0.0000
2026-07-03 23:44:50,514 | INFO     | keeper.strategy      | TWAP order created: $1,250 in 4 chunks of $312 every 6 blocks
2026-07-03 23:45:34,602 | INFO     | keeper.strategy      | TWAP chunk 1/4: $312 (progress: 25%)
2026-07-03 23:46:24,312 | INFO     | keeper.strategy      | TWAP chunk 2/4: $312 (progress: 50%)
2026-07-03 23:46:57,193 | INFO     | keeper.strategy      | TWAP chunk 3/4: $312 (progress: 75%)
2026-07-03 23:47:40,173 | INFO     | keeper.strategy      | TWAP chunk 4/4: $1,250 (progress: 100%)
2026-07-03 23:48:13,983 | INFO     | keeper.strategy      | TWAP order complete: avg price $0.0000
2026-07-03 23:48:13,983 | INFO     | keeper.strategy      | TWAP order created: $1,250 in 4 chunks of $312 every 6 blocks
2026-07-03 23:48:47,283 | INFO     | keeper.strategy      | TWAP chunk 1/4: $312 (progress: 25%)
2026-07-03 23:49:33,494 | INFO     | keeper.strategy      | TWAP chunk 2/4: $312 (progress: 50%)
2026-07-03 23:50:07,029 | INFO     | keeper.strategy      | TWAP chunk 3/4: $312 (progress: 75%)
2026-07-03 23:50:53,335 | INFO     | keeper.strategy      | TWAP chunk 4/4: $1,250 (progress: 100%)
2026-07-03 23:51:27,975 | INFO     | keeper.strategy      | TWAP order complete: avg price $0.0000
2026-07-03 23:51:27,977 | INFO     | keeper.strategy      | TWAP order created: $1,250 in 4 chunks of $312 every 6 blocks
2026-07-03 23:52:13,797 | INFO     | keeper.strategy      | TWAP chunk 1/4: $312 (progress: 25%)
2026-07-03 23:52:46,847 | INFO     | keeper.strategy      | TWAP chunk 2/4: $312 (progress: 50%)
2026-07-03 23:53:31,527 | INFO     | keeper.strategy      | TWAP chunk 3/4: $312 (progress: 75%)
2026-07-03 23:54:05,877 | INFO     | keeper.strategy      | TWAP chunk 4/4: $1,250 (progress: 100%)
2026-07-03 23:54:54,478 | INFO     | keeper.strategy      | TWAP order complete: avg price $0.0000
2026-07-03 23:54:54,478 | INFO     | keeper.strategy      | TWAP order created: $1,250 in 4 chunks of $312 every 6 blocks
2026-07-03 23:55:27,667 | INFO     | keeper.strategy      | TWAP chunk 1/4: $312 (progress: 25%)
2026-07-03 23:56:08,717 | INFO     | keeper.strategy      | TWAP chunk 2/4: $312 (progress: 50%)
2026-07-03 23:56:44,748 | INFO     | keeper.strategy      | TWAP chunk 3/4: $312 (progress: 75%)
2026-07-03 23:57:28,898 | INFO     | keeper.strategy      | TWAP chunk 4/4: $1,250 (progress: 100%)
2026-07-03 23:58:03,028 | INFO     | keeper.strategy      | TWAP order complete: avg price $0.0000
2026-07-03 23:58:03,028 | INFO     | keeper.strategy      | TWAP order created: $1,250 in 4 chunks of $312 every 6 blocks
2026-07-03 23:58:37,640 | INFO     | keeper.strategy      | TWAP chunk 1/4: $312 (progress: 25%)
2026-07-03 23:59:16,599 | INFO     | keeper.strategy      | TWAP chunk 2/4: $312 (progress: 50%)
2026-07-03 23:59:49,930 | INFO     | keeper.strategy      | TWAP chunk 3/4: $312 (progress: 75%)
2026-07-04 00:00:41,459 | INFO     | keeper.strategy      | TWAP chunk 4/4: $1,250 (progress: 100%)
2026-07-04 00:01:14,669 | INFO     | keeper.strategy      | TWAP order complete: avg price $0.0000
2026-07-04 00:01:14,669 | INFO     | keeper.strategy      | TWAP order created: $1,250 in 4 chunks of $312 every 6 blocks
2026-07-04 00:01:59,020 | INFO     | keeper.strategy      | TWAP chunk 1/4: $312 (progress: 25%)
2026-07-04 00:02:43,310 | INFO     | keeper.strategy      | TWAP chunk 2/4: $312 (progress: 50%)
2026-07-04 00:03:20,371 | INFO     | keeper.strategy      | TWAP chunk 3/4: $312 (progress: 75%)
2026-07-04 00:04:04,923 | INFO     | keeper.strategy      | TWAP chunk 4/4: $1,250 (progress: 100%)
2026-07-04 00:04:48,722 | INFO     | keeper.strategy      | TWAP order complete: avg price $0.0000
2026-07-04 00:04:48,725 | INFO     | keeper.strategy      | TWAP order created: $1,250 in 4 chunks of $312 every 6 blocks
2026-07-04 00:05:23,142 | INFO     | keeper.strategy      | TWAP chunk 1/4: $312 (progress: 25%)
2026-07-04 00:06:07,832 | INFO     | keeper.strategy      | TWAP chunk 2/4: $312 (progress: 50%)
2026-07-04 00:06:43,423 | INFO     | keeper.strategy      | TWAP chunk 3/4: $312 (progress: 75%)
2026-07-04 00:07:26,702 | INFO     | keeper.strategy      | TWAP chunk 4/4: $1,250 (progress: 100%)
2026-07-04 00:07:59,835 | INFO     | keeper.strategy      | TWAP order complete: avg price $0.0000
2026-07-04 00:07:59,836 | INFO     | keeper.strategy      | TWAP order created: $1,250 in 4 chunks of $312 every 6 blocks
2026-07-04 00:08:43,405 | INFO     | keeper.strategy      | TWAP chunk 1/4: $312 (progress: 25%)
2026-07-04 00:09:16,654 | INFO     | keeper.strategy      | TWAP chunk 2/4: $312 (progress: 50%)
2026-07-04 00:10:03,376 | INFO     | keeper.strategy      | TWAP chunk 3/4: $312 (progress: 75%)
2026-07-04 00:10:47,636 | INFO     | keeper.strategy      | TWAP chunk 4/4: $1,250 (progress: 100%)
2026-07-04 00:11:24,317 | INFO     | keeper.strategy      | TWAP order complete: avg price $0.0000
2026-07-04 00:11:24,325 | INFO     | keeper.strategy      | TWAP order created: $1,250 in 4 chunks of $312 every 6 blocks
2026-07-04 00:12:12,488 | INFO     | keeper.strategy      | TWAP chunk 1/4: $312 (progress: 25%)
2026-07-04 00:12:45,246 | INFO     | keeper.strategy      | TWAP chunk 2/4: $312 (progress: 50%)
2026-07-04 00:13:27,878 | INFO     | keeper.strategy      | TWAP chunk 3/4: $312 (progress: 75%)
2026-07-04 00:14:04,808 | INFO     | keeper.strategy      | TWAP chunk 4/4: $1,250 (progress: 100%)
2026-07-04 00:14:46,120 | INFO     | keeper.strategy      | TWAP order complete: avg price $0.0000
2026-07-04 00:14:46,125 | INFO     | keeper.strategy      | TWAP order created: $1,250 in 4 chunks of $312 every 6 blocks
2026-07-04 00:15:19,053 | INFO     | keeper.strategy      | TWAP chunk 1/4: $312 (progress: 25%)
2026-07-04 00:16:06,680 | INFO     | keeper.strategy      | TWAP chunk 2/4: $312 (progress: 50%)
2026-07-04 00:16:53,300 | INFO     | keeper.strategy      | TWAP chunk 3/4: $312 (progress: 75%)
2026-07-04 00:17:26,170 | INFO     | keeper.strategy      | TWAP chunk 4/4: $1,250 (progress: 100%)
2026-07-04 00:18:07,670 | INFO     | keeper.strategy      | TWAP order complete: avg price $0.0000
2026-07-04 00:18:07,671 | INFO     | keeper.strategy      | TWAP order created: $1,250 in 4 chunks of $312 every 6 blocks
2026-07-04 00:18:43,611 | INFO     | keeper.strategy      | TWAP chunk 1/4: $312 (progress: 25%)
2026-07-04 00:19:29,381 | INFO     | keeper.strategy      | TWAP chunk 2/4: $312 (progress: 50%)
2026-07-04 00:20:13,012 | INFO     | keeper.strategy      | TWAP chunk 3/4: $312 (progress: 75%)
2026-07-04 00:20:45,833 | INFO     | keeper.strategy      | TWAP chunk 4/4: $1,250 (progress: 100%)
2026-07-04 00:21:27,343 | INFO     | keeper.strategy      | TWAP order complete: avg price $0.0000
2026-07-04 00:21:27,343 | INFO     | keeper.strategy      | TWAP order created: $1,250 in 4 chunks of $312 every 6 blocks
2026-07-04 00:22:03,703 | INFO     | keeper.strategy      | TWAP chunk 1/4: $312 (progress: 25%)
2026-07-04 00:22:49,974 | INFO     | keeper.strategy      | TWAP chunk 2/4: $312 (progress: 50%)
2026-07-04 00:23:27,794 | INFO     | keeper.strategy      | TWAP chunk 3/4: $312 (progress: 75%)
2026-07-04 00:24:03,475 | INFO     | keeper.strategy      | TWAP chunk 4/4: $1,250 (progress: 100%)
2026-07-04 00:24:46,795 | INFO     | keeper.strategy      | TWAP order complete: avg price $0.0000
2026-07-04 00:24:46,796 | INFO     | keeper.strategy      | TWAP order created: $1,250 in 4 chunks of $312 every 6 blocks
2026-07-04 00:25:23,766 | INFO     | keeper.strategy      | TWAP chunk 1/4: $312 (progress: 25%)
2026-07-04 00:26:11,396 | INFO     | keeper.strategy      | TWAP chunk 2/4: $312 (progress: 50%)
2026-07-04 00:26:53,547 | INFO     | keeper.strategy      | TWAP chunk 3/4: $312 (progress: 75%)
2026-07-04 00:27:29,597 | INFO     | keeper.strategy      | TWAP chunk 4/4: $1,250 (progress: 100%)
2026-07-04 00:28:12,015 | INFO     | keeper.strategy      | TWAP order complete: avg price $0.0000
2026-07-04 00:28:12,016 | INFO     | keeper.strategy      | TWAP order created: $1,250 in 4 chunks of $312 every 6 blocks
2026-07-04 00:28:45,796 | INFO     | keeper.strategy      | TWAP chunk 1/4: $312 (progress: 25%)
2026-07-04 00:29:31,255 | INFO     | keeper.strategy      | TWAP chunk 2/4: $312 (progress: 50%)
2026-07-04 00:30:04,846 | INFO     | keeper.strategy      | TWAP chunk 3/4: $312 (progress: 75%)
2026-07-04 00:30:38,484 | INFO     | keeper.strategy      | TWAP chunk 4/4: $1,250 (progress: 100%)
2026-07-04 00:31:25,244 | INFO     | keeper.strategy      | TWAP order complete: avg price $0.0000
2026-07-04 00:31:25,244 | INFO     | keeper.strategy      | TWAP order created: $1,250 in 4 chunks of $312 every 6 blocks
2026-07-04 00:32:08,963 | INFO     | keeper.strategy      | TWAP chunk 1/4: $312 (progress: 25%)
2026-07-04 00:32:55,062 | INFO     | keeper.strategy      | TWAP chunk 2/4: $312 (progress: 50%)
2026-07-04 00:33:31,293 | INFO     | keeper.strategy      | TWAP chunk 3/4: $312 (progress: 75%)
2026-07-04 00:34:12,912 | INFO     | keeper.strategy      | TWAP chunk 4/4: $1,250 (progress: 100%)
2026-07-04 00:34:56,772 | INFO     | keeper.strategy      | TWAP order complete: avg price $0.0000
2026-07-04 00:34:56,773 | INFO     | keeper.strategy      | TWAP order created: $1,250 in 4 chunks of $312 every 6 blocks
2026-07-04 00:35:37,752 | INFO     | keeper.strategy      | TWAP chunk 1/4: $312 (progress: 25%)
2026-07-04 00:36:13,483 | INFO     | keeper.strategy      | TWAP chunk 2/4: $312 (progress: 50%)
2026-07-04 00:36:59,642 | INFO     | keeper.strategy      | TWAP chunk 3/4: $312 (progress: 75%)
2026-07-04 00:37:42,922 | INFO     | keeper.strategy      | TWAP chunk 4/4: $1,250 (progress: 100%)
2026-07-04 00:38:16,973 | INFO     | keeper.strategy      | TWAP order complete: avg price $0.0000
2026-07-04 00:38:16,973 | INFO     | keeper.strategy      | TWAP order created: $1,250 in 4 chunks of $312 every 6 blocks
2026-07-04 00:39:01,292 | INFO     | keeper.strategy      | TWAP chunk 1/4: $312 (progress: 25%)
2026-07-04 00:39:34,783 | INFO     | keeper.strategy      | TWAP chunk 2/4: $312 (progress: 50%)
2026-07-04 00:40:21,613 | INFO     | keeper.strategy      | TWAP chunk 3/4: $312 (progress: 75%)
2026-07-04 00:40:54,594 | INFO     | keeper.strategy      | TWAP chunk 4/4: $1,250 (progress: 100%)
2026-07-04 00:41:37,213 | INFO     | keeper.strategy      | TWAP order complete: avg price $0.0000
2026-07-04 00:41:37,213 | INFO     | keeper.strategy      | TWAP order created: $1,250 in 4 chunks of $312 every 6 blocks
2026-07-04 00:42:22,764 | INFO     | keeper.strategy      | TWAP chunk 1/4: $312 (progress: 25%)
2026-07-04 00:42:59,803 | INFO     | keeper.strategy      | TWAP chunk 2/4: $312 (progress: 50%)
2026-07-04 00:43:43,474 | INFO     | keeper.strategy      | TWAP chunk 3/4: $312 (progress: 75%)
2026-07-04 00:44:16,364 | INFO     | keeper.strategy      | TWAP chunk 4/4: $1,250 (progress: 100%)
2026-07-04 00:45:03,194 | INFO     | keeper.strategy      | TWAP order complete: avg price $0.0000
2026-07-04 00:45:03,195 | INFO     | keeper.strategy      | TWAP order created: $1,250 in 4 chunks of $312 every 6 blocks
2026-07-04 00:45:40,474 | INFO     | keeper.strategy      | TWAP chunk 1/4: $312 (progress: 25%)
2026-07-04 00:46:23,535 | INFO     | keeper.strategy      | TWAP chunk 2/4: $312 (progress: 50%)
2026-07-04 00:46:56,775 | INFO     | keeper.strategy      | TWAP chunk 3/4: $312 (progress: 75%)
2026-07-04 00:47:43,186 | INFO     | keeper.strategy      | TWAP chunk 4/4: $1,250 (progress: 100%)
2026-07-04 00:48:28,186 | INFO     | keeper.strategy      | TWAP order complete: avg price $0.0000
2026-07-04 00:48:28,186 | INFO     | keeper.strategy      | TWAP order created: $1,250 in 4 chunks of $312 every 6 blocks
2026-07-04 00:49:12,567 | INFO     | keeper.strategy      | TWAP chunk 1/4: $312 (progress: 25%)
2026-07-04 00:49:45,509 | INFO     | keeper.strategy      | TWAP chunk 2/4: $312 (progress: 50%)
2026-07-04 00:50:25,547 | INFO     | keeper.strategy      | TWAP chunk 3/4: $312 (progress: 75%)
2026-07-04 00:51:01,488 | INFO     | keeper.strategy      | TWAP chunk 4/4: $1,250 (progress: 100%)
2026-07-04 00:51:37,108 | INFO     | keeper.strategy      | TWAP order complete: avg price $0.0000
2026-07-04 00:51:37,108 | INFO     | keeper.strategy      | TWAP order created: $1,250 in 4 chunks of $312 every 6 blocks
2026-07-04 00:52:21,649 | INFO     | keeper.strategy      | TWAP chunk 1/4: $312 (progress: 25%)
2026-07-04 00:52:54,408 | INFO     | keeper.strategy      | TWAP chunk 2/4: $312 (progress: 50%)
2026-07-04 00:53:27,678 | INFO     | keeper.strategy      | TWAP chunk 3/4: $312 (progress: 75%)
2026-07-04 00:54:13,340 | INFO     | keeper.strategy      | TWAP chunk 4/4: $1,250 (progress: 100%)
2026-07-04 00:54:48,380 | INFO     | keeper.strategy      | TWAP order complete: avg price $0.0000
2026-07-04 00:54:48,380 | INFO     | keeper.strategy      | TWAP order created: $1,250 in 4 chunks of $312 every 6 blocks
2026-07-04 00:55:33,980 | INFO     | keeper.strategy      | TWAP chunk 1/4: $312 (progress: 25%)
2026-07-04 00:56:07,010 | INFO     | keeper.strategy      | TWAP chunk 2/4: $312 (progress: 50%)
2026-07-04 00:56:53,561 | INFO     | keeper.strategy      | TWAP chunk 3/4: $312 (progress: 75%)
2026-07-04 00:57:28,241 | INFO     | keeper.strategy      | TWAP chunk 4/4: $1,250 (progress: 100%)
2026-07-04 00:58:14,371 | INFO     | keeper.strategy      | TWAP order complete: avg price $0.0000
2026-07-04 00:58:14,372 | INFO     | keeper.strategy      | TWAP order created: $1,250 in 4 chunks of $312 every 6 blocks
2026-07-04 00:58:47,452 | INFO     | keeper.strategy      | TWAP chunk 1/4: $312 (progress: 25%)
2026-07-04 00:59:32,702 | INFO     | keeper.strategy      | TWAP chunk 2/4: $312 (progress: 50%)
2026-07-04 01:00:06,183 | INFO     | keeper.strategy      | TWAP chunk 3/4: $312 (progress: 75%)
2026-07-04 01:00:53,723 | INFO     | keeper.strategy      | TWAP chunk 4/4: $1,250 (progress: 100%)
2026-07-04 01:01:27,363 | INFO     | keeper.strategy      | TWAP order complete: avg price $0.0000
2026-07-04 01:01:27,364 | INFO     | keeper.strategy      | TWAP order created: $1,250 in 4 chunks of $312 every 6 blocks
2026-07-04 01:02:13,475 | INFO     | keeper.strategy      | TWAP chunk 1/4: $312 (progress: 25%)
2026-07-04 01:02:46,917 | INFO     | keeper.strategy      | TWAP chunk 2/4: $312 (progress: 50%)
2026-07-04 01:03:34,159 | INFO     | keeper.strategy      | TWAP chunk 3/4: $312 (progress: 75%)
2026-07-04 01:04:07,201 | INFO     | keeper.strategy      | TWAP chunk 4/4: $1,250 (progress: 100%)
2026-07-04 01:04:52,742 | INFO     | keeper.strategy      | TWAP order complete: avg price $0.0000
2026-07-04 01:04:52,742 | INFO     | keeper.strategy      | TWAP order created: $1,250 in 4 chunks of $312 every 6 blocks
2026-07-04 01:05:26,364 | INFO     | keeper.strategy      | TWAP chunk 1/4: $312 (progress: 25%)
2026-07-04 01:06:14,655 | INFO     | keeper.strategy      | TWAP chunk 2/4: $312 (progress: 50%)
2026-07-04 01:06:48,196 | INFO     | keeper.strategy      | TWAP chunk 3/4: $312 (progress: 75%)
2026-07-04 01:07:32,207 | INFO     | keeper.strategy      | TWAP chunk 4/4: $1,250 (progress: 100%)
2026-07-04 01:08:06,239 | INFO     | keeper.strategy      | TWAP order complete: avg price $0.0000
2026-07-04 01:08:06,239 | INFO     | keeper.strategy      | TWAP order created: $1,250 in 4 chunks of $312 every 6 blocks
2026-07-04 01:08:54,159 | INFO     | keeper.strategy      | TWAP chunk 1/4: $312 (progress: 25%)
2026-07-04 01:09:28,310 | INFO     | keeper.strategy      | TWAP chunk 2/4: $312 (progress: 50%)
2026-07-04 01:10:08,432 | INFO     | keeper.strategy      | TWAP chunk 3/4: $312 (progress: 75%)
2026-07-04 01:10:46,134 | INFO     | keeper.strategy      | TWAP chunk 4/4: $1,250 (progress: 100%)
2026-07-04 01:11:33,913 | INFO     | keeper.strategy      | TWAP order complete: avg price $0.0000
2026-07-04 01:11:33,913 | INFO     | keeper.strategy      | TWAP order created: $1,250 in 4 chunks of $312 every 6 blocks
2026-07-04 01:12:07,715 | INFO     | keeper.strategy      | TWAP chunk 1/4: $312 (progress: 25%)
2026-07-04 01:12:53,546 | INFO     | keeper.strategy      | TWAP chunk 2/4: $312 (progress: 50%)
2026-07-04 01:13:26,596 | INFO     | keeper.strategy      | TWAP chunk 3/4: $312 (progress: 75%)
2026-07-04 01:14:14,078 | INFO     | keeper.strategy      | TWAP chunk 4/4: $1,250 (progress: 100%)
2026-07-04 01:14:46,859 | INFO     | keeper.strategy      | TWAP order complete: avg price $0.0000
2026-07-04 01:14:46,859 | INFO     | keeper.strategy      | TWAP order created: $1,250 in 4 chunks of $312 every 6 blocks
2026-07-04 01:15:32,030 | INFO     | keeper.strategy      | TWAP chunk 1/4: $312 (progress: 25%)
2026-07-04 01:16:05,270 | INFO     | keeper.strategy      | TWAP chunk 2/4: $312 (progress: 50%)
2026-07-04 01:16:51,582 | INFO     | keeper.strategy      | TWAP chunk 3/4: $312 (progress: 75%)
2026-07-04 01:17:25,812 | INFO     | keeper.strategy      | TWAP chunk 4/4: $1,250 (progress: 100%)
2026-07-04 01:18:08,833 | INFO     | keeper.strategy      | TWAP order complete: avg price $0.0000
2026-07-04 01:18:08,834 | INFO     | keeper.strategy      | TWAP order created: $1,250 in 4 chunks of $312 every 6 blocks
2026-07-04 01:18:43,633 | INFO     | keeper.strategy      | TWAP chunk 1/4: $312 (progress: 25%)
2026-07-04 01:19:35,485 | INFO     | keeper.strategy      | TWAP chunk 2/4: $312 (progress: 50%)
2026-07-04 01:20:12,395 | INFO     | keeper.strategy      | TWAP chunk 3/4: $312 (progress: 75%)
2026-07-04 01:20:45,557 | INFO     | keeper.strategy      | TWAP chunk 4/4: $1,250 (progress: 100%)
2026-07-04 01:21:28,896 | INFO     | keeper.strategy      | TWAP order complete: avg price $0.0000
2026-07-04 01:21:28,896 | INFO     | keeper.strategy      | TWAP order created: $1,250 in 4 chunks of $312 every 6 blocks
2026-07-04 01:22:13,208 | INFO     | keeper.strategy      | TWAP chunk 1/4: $312 (progress: 25%)
2026-07-04 01:22:46,199 | INFO     | keeper.strategy      | TWAP chunk 2/4: $312 (progress: 50%)
2026-07-04 01:23:27,519 | INFO     | keeper.strategy      | TWAP chunk 3/4: $312 (progress: 75%)
2026-07-04 01:24:14,551 | INFO     | keeper.strategy      | TWAP chunk 4/4: $1,250 (progress: 100%)
2026-07-04 01:24:49,941 | INFO     | keeper.strategy      | TWAP order complete: avg price $0.0000
2026-07-04 01:24:49,941 | INFO     | keeper.strategy      | TWAP order created: $1,250 in 4 chunks of $312 every 6 blocks
2026-07-04 01:25:33,661 | INFO     | keeper.strategy      | TWAP chunk 1/4: $312 (progress: 25%)
2026-07-04 01:26:06,873 | INFO     | keeper.strategy      | TWAP chunk 2/4: $312 (progress: 50%)
2026-07-04 01:26:52,953 | INFO     | keeper.strategy      | TWAP chunk 3/4: $312 (progress: 75%)
2026-07-04 01:27:38,154 | INFO     | keeper.strategy      | TWAP chunk 4/4: $1,250 (progress: 100%)
2026-07-04 01:28:12,964 | INFO     | keeper.strategy      | TWAP order complete: avg price $0.0000
2026-07-04 01:28:12,965 | INFO     | keeper.strategy      | TWAP order created: $1,250 in 4 chunks of $312 every 6 blocks
2026-07-04 01:29:01,555 | INFO     | keeper.strategy      | TWAP chunk 1/4: $312 (progress: 25%)
2026-07-04 01:29:34,276 | INFO     | keeper.strategy      | TWAP chunk 2/4: $312 (progress: 50%)
2026-07-04 01:30:19,158 | INFO     | keeper.strategy      | TWAP chunk 3/4: $312 (progress: 75%)
2026-07-04 01:31:04,437 | INFO     | keeper.strategy      | TWAP chunk 4/4: $1,250 (progress: 100%)
2026-07-04 01:31:41,898 | INFO     | keeper.strategy      | TWAP order complete: avg price $0.0000
2026-07-04 01:31:41,898 | INFO     | keeper.strategy      | TWAP order created: $1,250 in 4 chunks of $312 every 6 blocks
2026-07-04 01:32:25,230 | INFO     | keeper.strategy      | TWAP chunk 1/4: $312 (progress: 25%)
2026-07-04 01:33:11,950 | INFO     | keeper.strategy      | TWAP chunk 2/4: $312 (progress: 50%)
2026-07-04 01:33:45,540 | INFO     | keeper.strategy      | TWAP chunk 3/4: $312 (progress: 75%)
2026-07-04 01:34:30,933 | INFO     | keeper.strategy      | TWAP chunk 4/4: $1,250 (progress: 100%)
2026-07-04 01:35:04,072 | INFO     | keeper.strategy      | TWAP order complete: avg price $0.0000
2026-07-04 01:35:04,072 | INFO     | keeper.strategy      | TWAP order created: $1,250 in 4 chunks of $312 every 6 blocks
2026-07-04 01:35:39,573 | INFO     | keeper.strategy      | TWAP chunk 1/4: $312 (progress: 25%)
2026-07-04 01:36:33,464 | INFO     | keeper.strategy      | TWAP chunk 2/4: $312 (progress: 50%)
2026-07-04 01:37:09,644 | INFO     | keeper.strategy      | TWAP chunk 3/4: $312 (progress: 75%)
2026-07-04 01:37:54,865 | INFO     | keeper.strategy      | TWAP chunk 4/4: $1,250 (progress: 100%)
2026-07-04 01:38:28,765 | INFO     | keeper.strategy      | TWAP order complete: avg price $0.0000
2026-07-04 01:38:28,765 | INFO     | keeper.strategy      | TWAP order created: $1,250 in 4 chunks of $312 every 6 blocks
2026-07-04 01:39:14,476 | INFO     | keeper.strategy      | TWAP chunk 1/4: $312 (progress: 25%)
2026-07-04 01:39:47,157 | INFO     | keeper.strategy      | TWAP chunk 2/4: $312 (progress: 50%)
2026-07-04 01:40:32,947 | INFO     | keeper.strategy      | TWAP chunk 3/4: $312 (progress: 75%)
2026-07-04 01:41:06,817 | INFO     | keeper.strategy      | TWAP chunk 4/4: $1,250 (progress: 100%)
2026-07-04 01:41:52,928 | INFO     | keeper.strategy      | TWAP order complete: avg price $0.0000
2026-07-04 01:41:52,929 | INFO     | keeper.strategy      | TWAP order created: $1,250 in 4 chunks of $312 every 6 blocks
2026-07-04 01:42:26,439 | INFO     | keeper.strategy      | TWAP chunk 1/4: $312 (progress: 25%)
2026-07-04 01:43:13,249 | INFO     | keeper.strategy      | TWAP chunk 2/4: $312 (progress: 50%)
2026-07-04 01:43:57,730 | INFO     | keeper.strategy      | TWAP chunk 3/4: $312 (progress: 75%)
2026-07-04 01:44:43,611 | INFO     | keeper.strategy      | TWAP chunk 4/4: $1,250 (progress: 100%)
2026-07-04 01:45:19,011 | INFO     | keeper.strategy      | TWAP order complete: avg price $0.0000
2026-07-04 01:45:19,012 | INFO     | keeper.strategy      | TWAP order created: $1,250 in 4 chunks of $312 every 6 blocks
2026-07-04 01:46:03,782 | INFO     | keeper.strategy      | TWAP chunk 1/4: $312 (progress: 25%)
2026-07-04 01:46:39,103 | INFO     | keeper.strategy      | TWAP chunk 2/4: $312 (progress: 50%)
2026-07-04 01:47:25,821 | INFO     | keeper.strategy      | TWAP chunk 3/4: $312 (progress: 75%)
2026-07-04 01:47:58,475 | INFO     | keeper.strategy      | TWAP chunk 4/4: $1,250 (progress: 100%)
2026-07-04 01:48:42,745 | INFO     | keeper.strategy      | TWAP order complete: avg price $0.0000
2026-07-04 01:48:42,745 | INFO     | keeper.strategy      | TWAP order created: $1,250 in 4 chunks of $312 every 6 blocks
2026-07-04 01:49:24,195 | INFO     | keeper.strategy      | TWAP chunk 1/4: $312 (progress: 25%)
2026-07-04 01:49:59,496 | INFO     | keeper.strategy      | TWAP chunk 2/4: $312 (progress: 50%)
2026-07-04 01:50:43,637 | INFO     | keeper.strategy      | TWAP chunk 3/4: $312 (progress: 75%)
2026-07-04 01:51:27,628 | INFO     | keeper.strategy      | TWAP chunk 4/4: $1,250 (progress: 100%)
2026-07-04 01:52:12,728 | INFO     | keeper.strategy      | TWAP order complete: avg price $0.0000
2026-07-04 01:52:12,728 | INFO     | keeper.strategy      | TWAP order created: $1,250 in 4 chunks of $312 every 6 blocks
2026-07-04 01:52:45,768 | INFO     | keeper.strategy      | TWAP chunk 1/4: $312 (progress: 25%)
2026-07-04 01:53:27,309 | INFO     | keeper.strategy      | TWAP chunk 2/4: $312 (progress: 50%)
2026-07-04 01:54:04,060 | INFO     | keeper.strategy      | TWAP chunk 3/4: $312 (progress: 75%)
2026-07-04 01:54:49,170 | INFO     | keeper.strategy      | TWAP chunk 4/4: $1,250 (progress: 100%)
2026-07-04 01:55:35,472 | INFO     | keeper.strategy      | TWAP order complete: avg price $0.0000
2026-07-04 01:55:35,473 | INFO     | keeper.strategy      | TWAP order created: $1,250 in 4 chunks of $312 every 6 blocks
2026-07-04 01:56:21,972 | INFO     | keeper.strategy      | TWAP chunk 1/4: $312 (progress: 25%)
2026-07-04 01:56:54,863 | INFO     | keeper.strategy      | TWAP chunk 2/4: $312 (progress: 50%)
2026-07-04 01:57:28,173 | INFO     | keeper.strategy      | TWAP chunk 3/4: $312 (progress: 75%)
2026-07-04 01:58:13,974 | INFO     | keeper.strategy      | TWAP chunk 4/4: $1,250 (progress: 100%)
2026-07-04 01:58:46,925 | INFO     | keeper.strategy      | TWAP order complete: avg price $0.0000
2026-07-04 01:58:46,925 | INFO     | keeper.strategy      | TWAP order created: $1,250 in 4 chunks of $312 every 6 blocks
2026-07-04 01:59:33,605 | INFO     | keeper.strategy      | TWAP chunk 1/4: $312 (progress: 25%)
2026-07-04 02:00:14,637 | INFO     | keeper.strategy      | TWAP chunk 2/4: $312 (progress: 50%)
2026-07-04 02:01:02,507 | INFO     | keeper.strategy      | TWAP chunk 3/4: $312 (progress: 75%)
2026-07-04 02:01:36,057 | INFO     | keeper.strategy      | TWAP chunk 4/4: $1,250 (progress: 100%)
2026-07-04 02:02:21,839 | INFO     | keeper.strategy      | TWAP order complete: avg price $0.0000
2026-07-04 02:02:21,839 | INFO     | keeper.strategy      | TWAP order created: $1,250 in 4 chunks of $312 every 6 blocks
2026-07-04 02:02:55,388 | INFO     | keeper.strategy      | TWAP chunk 1/4: $312 (progress: 25%)
2026-07-04 02:03:37,889 | INFO     | keeper.strategy      | TWAP chunk 2/4: $312 (progress: 50%)
2026-07-04 02:04:13,569 | INFO     | keeper.strategy      | TWAP chunk 3/4: $312 (progress: 75%)
2026-07-04 02:05:03,081 | INFO     | keeper.strategy      | TWAP chunk 4/4: $1,250 (progress: 100%)
2026-07-04 02:05:36,061 | INFO     | keeper.strategy      | TWAP order complete: avg price $0.0000
2026-07-04 02:05:36,061 | INFO     | keeper.strategy      | TWAP order created: $1,250 in 4 chunks of $312 every 6 blocks
2026-07-04 02:06:23,451 | INFO     | keeper.strategy      | TWAP chunk 1/4: $312 (progress: 25%)
2026-07-04 02:06:56,691 | INFO     | keeper.strategy      | TWAP chunk 2/4: $312 (progress: 50%)
2026-07-04 02:07:43,082 | INFO     | keeper.strategy      | TWAP chunk 3/4: $312 (progress: 75%)
2026-07-04 02:08:16,732 | INFO     | keeper.strategy      | TWAP chunk 4/4: $1,250 (progress: 100%)
2026-07-04 02:09:03,554 | INFO     | keeper.strategy      | TWAP order complete: avg price $0.0000
2026-07-04 02:09:03,554 | INFO     | keeper.strategy      | TWAP order created: $1,250 in 4 chunks of $312 every 6 blocks
2026-07-04 02:09:48,484 | INFO     | keeper.strategy      | TWAP chunk 1/4: $312 (progress: 25%)
2026-07-04 02:10:23,094 | INFO     | keeper.strategy      | TWAP chunk 2/4: $312 (progress: 50%)
2026-07-04 02:11:10,433 | INFO     | keeper.strategy      | TWAP chunk 3/4: $312 (progress: 75%)
2026-07-04 02:11:53,683 | INFO     | keeper.strategy      | TWAP chunk 4/4: $1,250 (progress: 100%)
2026-07-04 02:12:30,938 | INFO     | keeper.strategy      | TWAP order complete: avg price $0.0000
2026-07-04 02:12:30,938 | INFO     | keeper.strategy      | TWAP order created: $1,250 in 4 chunks of $312 every 6 blocks
2026-07-04 02:13:29,652 | INFO     | keeper.strategy      | TWAP chunk 1/4: $312 (progress: 25%)
2026-07-04 02:14:03,194 | INFO     | keeper.strategy      | TWAP chunk 2/4: $312 (progress: 50%)
2026-07-04 02:14:36,082 | INFO     | keeper.strategy      | TWAP chunk 3/4: $312 (progress: 75%)
2026-07-04 02:15:10,272 | INFO     | keeper.strategy      | TWAP chunk 4/4: $1,250 (progress: 100%)
2026-07-04 02:15:54,182 | INFO     | keeper.strategy      | TWAP order complete: avg price $0.0000
2026-07-04 02:15:54,182 | INFO     | keeper.strategy      | TWAP order created: $1,250 in 4 chunks of $312 every 6 blocks
2026-07-04 02:16:27,192 | INFO     | keeper.strategy      | TWAP chunk 1/4: $312 (progress: 25%)
2026-07-04 02:17:07,682 | INFO     | keeper.strategy      | TWAP chunk 2/4: $312 (progress: 50%)
2026-07-04 02:17:44,213 | INFO     | keeper.strategy      | TWAP chunk 3/4: $312 (progress: 75%)
2026-07-04 02:18:31,072 | INFO     | keeper.strategy      | TWAP chunk 4/4: $1,250 (progress: 100%)
2026-07-04 02:19:04,602 | INFO     | keeper.strategy      | TWAP order complete: avg price $0.0000
2026-07-04 02:19:04,603 | INFO     | keeper.strategy      | TWAP order created: $1,250 in 4 chunks of $312 every 6 blocks
2026-07-04 02:19:51,672 | INFO     | keeper.strategy      | TWAP chunk 1/4: $312 (progress: 25%)
2026-07-04 02:20:35,572 | INFO     | keeper.strategy      | TWAP chunk 2/4: $312 (progress: 50%)
2026-07-04 02:21:10,993 | INFO     | keeper.strategy      | TWAP chunk 3/4: $312 (progress: 75%)
2026-07-04 02:21:56,213 | INFO     | keeper.strategy      | TWAP chunk 4/4: $1,250 (progress: 100%)
2026-07-04 02:22:28,898 | INFO     | keeper.strategy      | TWAP order complete: avg price $0.0000
2026-07-04 02:22:28,898 | INFO     | keeper.strategy      | TWAP order created: $1,250 in 4 chunks of $312 every 6 blocks
2026-07-04 02:23:13,684 | INFO     | keeper.strategy      | TWAP chunk 1/4: $312 (progress: 25%)
2026-07-04 02:24:03,074 | INFO     | keeper.strategy      | TWAP chunk 2/4: $312 (progress: 50%)
2026-07-04 02:24:35,924 | INFO     | keeper.strategy      | TWAP chunk 3/4: $312 (progress: 75%)
2026-07-04 02:25:18,284 | INFO     | keeper.strategy      | TWAP chunk 4/4: $1,250 (progress: 100%)
2026-07-04 02:25:52,935 | INFO     | keeper.strategy      | TWAP order complete: avg price $0.0000
2026-07-04 02:25:52,935 | INFO     | keeper.strategy      | TWAP order created: $1,250 in 4 chunks of $312 every 6 blocks
2026-07-04 02:26:26,285 | INFO     | keeper.strategy      | TWAP chunk 1/4: $312 (progress: 25%)
2026-07-04 02:27:12,986 | INFO     | keeper.strategy      | TWAP chunk 2/4: $312 (progress: 50%)
2026-07-04 02:27:45,765 | INFO     | keeper.strategy      | TWAP chunk 3/4: $312 (progress: 75%)
2026-07-04 02:28:26,856 | INFO     | keeper.strategy      | TWAP chunk 4/4: $1,250 (progress: 100%)
2026-07-04 02:29:03,047 | INFO     | keeper.strategy      | TWAP order complete: avg price $0.0000
2026-07-04 02:29:03,047 | INFO     | keeper.strategy      | TWAP order created: $1,250 in 4 chunks of $312 every 6 blocks
2026-07-04 02:29:48,367 | INFO     | keeper.strategy      | TWAP chunk 1/4: $312 (progress: 25%)
2026-07-04 02:30:22,727 | INFO     | keeper.strategy      | TWAP chunk 2/4: $312 (progress: 50%)
2026-07-04 02:31:07,767 | INFO     | keeper.strategy      | TWAP chunk 3/4: $312 (progress: 75%)
2026-07-04 02:31:56,318 | INFO     | keeper.strategy      | TWAP chunk 4/4: $1,250 (progress: 100%)
2026-07-04 02:32:34,139 | INFO     | keeper.strategy      | TWAP order complete: avg price $0.0000
2026-07-04 02:32:34,139 | INFO     | keeper.strategy      | TWAP order created: $1,250 in 4 chunks of $312 every 6 blocks
2026-07-04 02:33:19,559 | INFO     | keeper.strategy      | TWAP chunk 1/4: $312 (progress: 25%)
2026-07-04 02:34:03,899 | INFO     | keeper.strategy      | TWAP chunk 2/4: $312 (progress: 50%)
2026-07-04 02:34:39,400 | INFO     | keeper.strategy      | TWAP chunk 3/4: $312 (progress: 75%)
2026-07-04 02:35:25,062 | INFO     | keeper.strategy      | TWAP chunk 4/4: $1,250 (progress: 100%)
2026-07-04 02:35:57,830 | INFO     | keeper.strategy      | TWAP order complete: avg price $0.0000
2026-07-04 02:35:57,830 | INFO     | keeper.strategy      | TWAP order created: $1,250 in 4 chunks of $312 every 6 blocks
2026-07-04 02:36:41,661 | INFO     | keeper.strategy      | TWAP chunk 1/4: $312 (progress: 25%)
2026-07-04 02:37:15,621 | INFO     | keeper.strategy      | TWAP chunk 2/4: $312 (progress: 50%)
2026-07-04 02:37:57,653 | INFO     | keeper.strategy      | TWAP chunk 3/4: $312 (progress: 75%)
2026-07-04 02:38:33,402 | INFO     | keeper.strategy      | TWAP chunk 4/4: $1,250 (progress: 100%)
2026-07-04 02:39:16,492 | INFO     | keeper.strategy      | TWAP order complete: avg price $0.0000
2026-07-04 02:39:16,492 | INFO     | keeper.strategy      | TWAP order created: $1,250 in 4 chunks of $312 every 6 blocks
2026-07-04 02:39:49,373 | INFO     | keeper.strategy      | TWAP chunk 1/4: $312 (progress: 25%)
2026-07-04 02:40:34,553 | INFO     | keeper.strategy      | TWAP chunk 2/4: $312 (progress: 50%)
2026-07-04 02:41:11,664 | INFO     | keeper.strategy      | TWAP chunk 3/4: $312 (progress: 75%)
2026-07-04 02:41:55,244 | INFO     | keeper.strategy      | TWAP chunk 4/4: $1,250 (progress: 100%)
2026-07-04 02:42:29,494 | INFO     | keeper.strategy      | TWAP order complete: avg price $0.0000
2026-07-04 02:42:29,494 | INFO     | keeper.strategy      | TWAP order created: $1,250 in 4 chunks of $312 every 6 blocks
2026-07-04 02:43:12,856 | INFO     | keeper.strategy      | TWAP chunk 1/4: $312 (progress: 25%)
2026-07-04 02:43:46,556 | INFO     | keeper.strategy      | TWAP chunk 2/4: $312 (progress: 50%)
2026-07-04 02:44:35,576 | INFO     | keeper.strategy      | TWAP chunk 3/4: $312 (progress: 75%)
2026-07-04 02:45:13,836 | INFO     | keeper.strategy      | TWAP chunk 4/4: $1,250 (progress: 100%)
2026-07-04 02:45:56,027 | INFO     | keeper.strategy      | TWAP order complete: avg price $0.0000
2026-07-04 02:45:56,027 | INFO     | keeper.strategy      | TWAP order created: $1,250 in 4 chunks of $312 every 6 blocks
2026-07-04 02:46:31,387 | INFO     | keeper.strategy      | TWAP chunk 1/4: $312 (progress: 25%)
2026-07-04 02:47:15,018 | INFO     | keeper.strategy      | TWAP chunk 2/4: $312 (progress: 50%)
2026-07-04 02:47:47,688 | INFO     | keeper.strategy      | TWAP chunk 3/4: $312 (progress: 75%)
2026-07-04 02:48:32,280 | INFO     | keeper.strategy      | TWAP chunk 4/4: $1,250 (progress: 100%)
2026-07-04 02:49:05,160 | INFO     | keeper.strategy      | TWAP order complete: avg price $0.0000
2026-07-04 02:49:05,160 | INFO     | keeper.strategy      | TWAP order created: $1,250 in 4 chunks of $312 every 6 blocks
2026-07-04 02:49:37,849 | INFO     | keeper.strategy      | TWAP chunk 1/4: $312 (progress: 25%)
2026-07-04 02:50:23,190 | INFO     | keeper.strategy      | TWAP chunk 2/4: $312 (progress: 50%)
2026-07-04 02:51:08,399 | INFO     | keeper.strategy      | TWAP chunk 3/4: $312 (progress: 75%)
2026-07-04 02:51:51,041 | INFO     | keeper.strategy      | TWAP chunk 4/4: $1,250 (progress: 100%)
2026-07-04 02:52:24,861 | INFO     | keeper.strategy      | TWAP order complete: avg price $0.0000
2026-07-04 02:52:24,861 | INFO     | keeper.strategy      | TWAP order created: $1,250 in 4 chunks of $312 every 6 blocks
2026-07-04 02:53:07,882 | INFO     | keeper.strategy      | TWAP chunk 1/4: $312 (progress: 25%)
2026-07-04 02:53:43,572 | INFO     | keeper.strategy      | TWAP chunk 2/4: $312 (progress: 50%)
2026-07-04 02:54:29,974 | INFO     | keeper.strategy      | TWAP chunk 3/4: $312 (progress: 75%)
2026-07-04 02:55:02,753 | INFO     | keeper.strategy      | TWAP chunk 4/4: $1,250 (progress: 100%)
2026-07-04 02:55:46,084 | INFO     | keeper.strategy      | TWAP order complete: avg price $0.0000
2026-07-04 02:55:46,084 | INFO     | keeper.strategy      | TWAP order created: $1,250 in 4 chunks of $312 every 6 blocks
2026-07-04 02:56:18,864 | INFO     | keeper.strategy      | TWAP chunk 1/4: $312 (progress: 25%)
2026-07-04 02:57:03,964 | INFO     | keeper.strategy      | TWAP chunk 2/4: $312 (progress: 50%)
2026-07-04 02:57:36,736 | INFO     | keeper.strategy      | TWAP chunk 3/4: $312 (progress: 75%)
2026-07-04 02:58:23,485 | INFO     | keeper.strategy      | TWAP chunk 4/4: $1,250 (progress: 100%)
2026-07-04 02:59:07,907 | INFO     | keeper.strategy      | TWAP order complete: avg price $0.0000
2026-07-04 02:59:07,907 | INFO     | keeper.strategy      | TWAP order created: $1,250 in 4 chunks of $312 every 6 blocks
2026-07-04 02:59:43,816 | INFO     | keeper.strategy      | TWAP chunk 1/4: $312 (progress: 25%)
2026-07-04 03:00:28,887 | INFO     | keeper.strategy      | TWAP chunk 2/4: $312 (progress: 50%)
2026-07-04 03:01:12,897 | INFO     | keeper.strategy      | TWAP chunk 3/4: $312 (progress: 75%)
2026-07-04 03:01:47,638 | INFO     | keeper.strategy      | TWAP chunk 4/4: $1,250 (progress: 100%)
2026-07-04 03:02:32,618 | INFO     | keeper.strategy      | TWAP order complete: avg price $0.0000
2026-07-04 03:02:32,618 | INFO     | keeper.strategy      | TWAP order created: $1,250 in 4 chunks of $312 every 6 blocks
2026-07-04 03:03:06,028 | INFO     | keeper.strategy      | TWAP chunk 1/4: $312 (progress: 25%)
2026-07-04 03:03:51,649 | INFO     | keeper.strategy      | TWAP chunk 2/4: $312 (progress: 50%)
2026-07-04 03:04:34,650 | INFO     | keeper.strategy      | TWAP chunk 3/4: $312 (progress: 75%)
2026-07-04 03:05:25,349 | INFO     | keeper.strategy      | TWAP chunk 4/4: $1,250 (progress: 100%)
2026-07-04 03:06:00,180 | INFO     | keeper.strategy      | TWAP order complete: avg price $0.0000
2026-07-04 03:06:00,180 | INFO     | keeper.strategy      | TWAP order created: $1,250 in 4 chunks of $312 every 6 blocks
2026-07-04 03:06:45,122 | INFO     | keeper.strategy      | TWAP chunk 1/4: $312 (progress: 25%)
2026-07-04 03:07:31,471 | INFO     | keeper.strategy      | TWAP chunk 2/4: $312 (progress: 50%)
2026-07-04 03:08:04,842 | INFO     | keeper.strategy      | TWAP chunk 3/4: $312 (progress: 75%)
2026-07-04 03:08:51,802 | INFO     | keeper.strategy      | TWAP chunk 4/4: $1,250 (progress: 100%)
2026-07-04 03:09:24,883 | INFO     | keeper.strategy      | TWAP order complete: avg price $0.0000
2026-07-04 03:09:24,883 | INFO     | keeper.strategy      | TWAP order created: $1,250 in 4 chunks of $312 every 6 blocks
2026-07-04 03:09:57,583 | INFO     | keeper.strategy      | TWAP chunk 1/4: $312 (progress: 25%)
2026-07-04 03:10:44,783 | INFO     | keeper.strategy      | TWAP chunk 2/4: $312 (progress: 50%)
2026-07-04 03:11:28,594 | INFO     | keeper.strategy      | TWAP chunk 3/4: $312 (progress: 75%)
2026-07-04 03:12:03,185 | INFO     | keeper.strategy      | TWAP chunk 4/4: $1,250 (progress: 100%)
2026-07-04 03:12:52,985 | INFO     | keeper.strategy      | TWAP order complete: avg price $0.0000
2026-07-04 03:12:52,985 | INFO     | keeper.strategy      | TWAP order created: $1,250 in 4 chunks of $312 every 6 blocks
2026-07-04 03:13:34,926 | INFO     | keeper.strategy      | TWAP chunk 1/4: $312 (progress: 25%)
2026-07-04 03:14:11,127 | INFO     | keeper.strategy      | TWAP chunk 2/4: $312 (progress: 50%)
2026-07-04 03:14:54,577 | INFO     | keeper.strategy      | TWAP chunk 3/4: $312 (progress: 75%)
2026-07-04 03:15:27,508 | INFO     | keeper.strategy      | TWAP chunk 4/4: $1,250 (progress: 100%)
2026-07-04 03:16:13,407 | INFO     | keeper.strategy      | TWAP order complete: avg price $0.0000
2026-07-04 03:16:13,407 | INFO     | keeper.strategy      | TWAP order created: $1,250 in 4 chunks of $312 every 6 blocks
2026-07-04 03:16:48,387 | INFO     | keeper.strategy      | TWAP chunk 1/4: $312 (progress: 25%)
2026-07-04 03:17:33,488 | INFO     | keeper.strategy      | TWAP chunk 2/4: $312 (progress: 50%)
2026-07-04 03:18:06,970 | INFO     | keeper.strategy      | TWAP chunk 3/4: $312 (progress: 75%)
2026-07-04 03:18:53,200 | INFO     | keeper.strategy      | TWAP chunk 4/4: $1,250 (progress: 100%)
2026-07-04 03:19:25,840 | INFO     | keeper.strategy      | TWAP order complete: avg price $0.0000
2026-07-04 03:19:25,840 | INFO     | keeper.strategy      | TWAP order created: $1,250 in 4 chunks of $312 every 6 blocks
2026-07-04 03:20:10,020 | INFO     | keeper.strategy      | TWAP chunk 1/4: $312 (progress: 25%)
2026-07-04 03:20:44,154 | INFO     | keeper.strategy      | TWAP chunk 2/4: $312 (progress: 50%)
2026-07-04 03:21:17,282 | INFO     | keeper.strategy      | TWAP chunk 3/4: $312 (progress: 75%)
2026-07-04 03:22:03,392 | INFO     | keeper.strategy      | TWAP chunk 4/4: $1,250 (progress: 100%)
2026-07-04 03:22:47,484 | INFO     | keeper.strategy      | TWAP order complete: avg price $0.0000
2026-07-04 03:22:47,484 | INFO     | keeper.strategy      | TWAP order created: $1,250 in 4 chunks of $312 every 6 blocks
2026-07-04 03:23:37,774 | INFO     | keeper.strategy      | TWAP chunk 1/4: $312 (progress: 25%)
2026-07-04 03:24:10,694 | INFO     | keeper.strategy      | TWAP chunk 2/4: $312 (progress: 50%)
2026-07-04 03:24:56,449 | INFO     | keeper.strategy      | TWAP chunk 3/4: $312 (progress: 75%)
2026-07-04 03:25:43,313 | INFO     | keeper.strategy      | TWAP chunk 4/4: $1,250 (progress: 100%)
2026-07-04 03:26:16,096 | INFO     | keeper.strategy      | TWAP order complete: avg price $0.0000
2026-07-04 03:26:16,096 | INFO     | keeper.strategy      | TWAP order created: $1,250 in 4 chunks of $312 every 6 blocks
2026-07-04 03:26:54,038 | INFO     | keeper.strategy      | TWAP chunk 1/4: $312 (progress: 25%)
2026-07-04 03:27:30,807 | INFO     | keeper.strategy      | TWAP chunk 2/4: $312 (progress: 50%)
2026-07-04 03:28:13,418 | INFO     | keeper.strategy      | TWAP chunk 3/4: $312 (progress: 75%)
2026-07-04 03:28:54,288 | INFO     | keeper.strategy      | TWAP chunk 4/4: $1,250 (progress: 100%)
2026-07-04 03:29:29,709 | INFO     | keeper.strategy      | TWAP order complete: avg price $0.0000
2026-07-04 03:29:29,709 | INFO     | keeper.strategy      | TWAP order created: $1,250 in 4 chunks of $312 every 6 blocks
2026-07-04 03:30:14,229 | INFO     | keeper.strategy      | TWAP chunk 1/4: $312 (progress: 25%)
2026-07-04 03:30:54,600 | INFO     | keeper.strategy      | TWAP chunk 2/4: $312 (progress: 50%)
2026-07-04 03:31:29,851 | INFO     | keeper.strategy      | TWAP chunk 3/4: $312 (progress: 75%)
2026-07-04 03:32:13,511 | INFO     | keeper.strategy      | TWAP chunk 4/4: $1,250 (progress: 100%)
2026-07-04 03:32:46,621 | INFO     | keeper.strategy      | TWAP order complete: avg price $0.0000
2026-07-04 03:32:46,621 | INFO     | keeper.strategy      | TWAP order created: $1,250 in 4 chunks of $312 every 6 blocks
2026-07-04 03:33:33,202 | INFO     | keeper.strategy      | TWAP chunk 1/4: $312 (progress: 25%)
2026-07-04 03:34:14,013 | INFO     | keeper.strategy      | TWAP chunk 2/4: $312 (progress: 50%)
2026-07-04 03:34:49,643 | INFO     | keeper.strategy      | TWAP chunk 3/4: $312 (progress: 75%)
2026-07-04 03:35:34,643 | INFO     | keeper.strategy      | TWAP chunk 4/4: $1,250 (progress: 100%)
2026-07-04 03:36:07,269 | INFO     | keeper.strategy      | TWAP order complete: avg price $0.0000
2026-07-04 03:36:07,269 | INFO     | keeper.strategy      | TWAP order created: $1,250 in 4 chunks of $312 every 6 blocks
2026-07-04 03:36:53,116 | INFO     | keeper.strategy      | TWAP chunk 1/4: $312 (progress: 25%)
2026-07-04 03:37:37,605 | INFO     | keeper.strategy      | TWAP chunk 2/4: $312 (progress: 50%)
2026-07-04 03:38:13,667 | INFO     | keeper.strategy      | TWAP chunk 3/4: $312 (progress: 75%)
2026-07-04 03:39:01,266 | INFO     | keeper.strategy      | TWAP chunk 4/4: $1,250 (progress: 100%)
2026-07-04 03:39:33,906 | INFO     | keeper.strategy      | TWAP order complete: avg price $0.0000
2026-07-04 03:39:33,906 | INFO     | keeper.strategy      | TWAP order created: $1,250 in 4 chunks of $312 every 6 blocks
2026-07-04 03:40:21,917 | INFO     | keeper.strategy      | TWAP chunk 1/4: $312 (progress: 25%)
2026-07-04 03:40:54,627 | INFO     | keeper.strategy      | TWAP chunk 2/4: $312 (progress: 50%)
2026-07-04 03:41:43,358 | INFO     | keeper.strategy      | TWAP chunk 3/4: $312 (progress: 75%)
2026-07-04 03:42:16,079 | INFO     | keeper.strategy      | TWAP chunk 4/4: $1,250 (progress: 100%)
2026-07-04 03:43:02,330 | INFO     | keeper.strategy      | TWAP order complete: avg price $0.0000
2026-07-04 03:43:02,330 | INFO     | keeper.strategy      | TWAP order created: $1,250 in 4 chunks of $312 every 6 blocks
2026-07-04 03:43:35,813 | INFO     | keeper.strategy      | TWAP chunk 1/4: $312 (progress: 25%)
2026-07-04 03:44:22,504 | INFO     | keeper.strategy      | TWAP chunk 2/4: $312 (progress: 50%)
2026-07-04 03:44:56,700 | INFO     | keeper.strategy      | TWAP chunk 3/4: $312 (progress: 75%)
2026-07-04 03:45:42,881 | INFO     | keeper.strategy      | TWAP chunk 4/4: $1,250 (progress: 100%)
2026-07-04 03:46:15,872 | INFO     | keeper.strategy      | TWAP order complete: avg price $0.0000
2026-07-04 03:46:15,872 | INFO     | keeper.strategy      | TWAP order created: $1,250 in 4 chunks of $312 every 6 blocks
2026-07-04 03:47:04,042 | INFO     | keeper.strategy      | TWAP chunk 1/4: $312 (progress: 25%)
2026-07-04 03:47:36,783 | INFO     | keeper.strategy      | TWAP chunk 2/4: $312 (progress: 50%)
2026-07-04 03:48:18,143 | INFO     | keeper.strategy      | TWAP chunk 3/4: $312 (progress: 75%)
2026-07-04 03:49:02,873 | INFO     | keeper.strategy      | TWAP chunk 4/4: $1,250 (progress: 100%)
2026-07-04 03:49:35,763 | INFO     | keeper.strategy      | TWAP order complete: avg price $0.0000
2026-07-04 03:49:35,764 | INFO     | keeper.strategy      | TWAP order created: $1,250 in 4 chunks of $312 every 6 blocks
2026-07-04 03:50:17,274 | INFO     | keeper.strategy      | TWAP chunk 1/4: $312 (progress: 25%)
2026-07-04 03:50:53,136 | INFO     | keeper.strategy      | TWAP chunk 2/4: $312 (progress: 50%)
2026-07-04 03:51:38,785 | INFO     | keeper.strategy      | TWAP chunk 3/4: $312 (progress: 75%)
2026-07-04 03:52:22,686 | INFO     | keeper.strategy      | TWAP chunk 4/4: $1,250 (progress: 100%)
2026-07-04 03:52:55,476 | INFO     | keeper.strategy      | TWAP order complete: avg price $0.0000
2026-07-04 03:52:55,476 | INFO     | keeper.strategy      | TWAP order created: $1,250 in 4 chunks of $312 every 6 blocks
2026-07-04 03:53:41,147 | INFO     | keeper.strategy      | TWAP chunk 1/4: $312 (progress: 25%)
2026-07-04 03:54:15,177 | INFO     | keeper.strategy      | TWAP chunk 2/4: $312 (progress: 50%)
2026-07-04 03:54:47,938 | INFO     | keeper.strategy      | TWAP chunk 3/4: $312 (progress: 75%)
2026-07-04 03:55:35,428 | INFO     | keeper.strategy      | TWAP chunk 4/4: $1,250 (progress: 100%)
2026-07-04 03:56:18,349 | INFO     | keeper.strategy      | TWAP order complete: avg price $0.0000
2026-07-04 03:56:18,349 | INFO     | keeper.strategy      | TWAP order created: $1,250 in 4 chunks of $312 every 6 blocks
2026-07-04 03:56:54,270 | INFO     | keeper.strategy      | TWAP chunk 1/4: $312 (progress: 25%)
2026-07-04 03:57:38,122 | INFO     | keeper.strategy      | TWAP chunk 2/4: $312 (progress: 50%)
2026-07-04 03:58:12,730 | INFO     | keeper.strategy      | TWAP chunk 3/4: $312 (progress: 75%)
2026-07-04 03:58:59,143 | INFO     | keeper.strategy      | TWAP chunk 4/4: $1,250 (progress: 100%)
2026-07-04 03:59:32,843 | INFO     | keeper.strategy      | TWAP order complete: avg price $0.0000
2026-07-04 03:59:32,843 | INFO     | keeper.strategy      | TWAP order created: $1,250 in 4 chunks of $312 every 6 blocks
2026-07-04 04:00:21,562 | INFO     | keeper.strategy      | TWAP chunk 1/4: $312 (progress: 25%)
2026-07-04 04:00:54,232 | INFO     | keeper.strategy      | TWAP chunk 2/4: $312 (progress: 50%)
2026-07-04 04:01:39,573 | INFO     | keeper.strategy      | TWAP chunk 3/4: $312 (progress: 75%)
2026-07-04 04:02:24,533 | INFO     | keeper.strategy      | TWAP chunk 4/4: $1,250 (progress: 100%)
2026-07-04 04:03:14,174 | INFO     | keeper.strategy      | TWAP order complete: avg price $0.0000
2026-07-04 04:03:14,174 | INFO     | keeper.strategy      | TWAP order created: $1,250 in 4 chunks of $312 every 6 blocks
2026-07-04 04:03:51,695 | INFO     | keeper.strategy      | TWAP chunk 1/4: $312 (progress: 25%)
2026-07-04 04:04:35,124 | INFO     | keeper.strategy      | TWAP chunk 2/4: $312 (progress: 50%)
2026-07-04 04:05:08,306 | INFO     | keeper.strategy      | TWAP chunk 3/4: $312 (progress: 75%)
2026-07-04 04:05:53,176 | INFO     | keeper.strategy      | TWAP chunk 4/4: $1,250 (progress: 100%)
2026-07-04 04:06:25,847 | INFO     | keeper.strategy      | TWAP order complete: avg price $0.0000
2026-07-04 04:06:25,847 | INFO     | keeper.strategy      | TWAP order created: $1,250 in 4 chunks of $312 every 6 blocks
2026-07-04 04:07:12,528 | INFO     | keeper.strategy      | TWAP chunk 1/4: $312 (progress: 25%)
2026-07-04 04:07:54,408 | INFO     | keeper.strategy      | TWAP chunk 2/4: $312 (progress: 50%)
2026-07-04 04:08:29,938 | INFO     | keeper.strategy      | TWAP chunk 3/4: $312 (progress: 75%)
2026-07-04 04:09:14,679 | INFO     | keeper.strategy      | TWAP chunk 4/4: $1,250 (progress: 100%)
2026-07-04 04:10:01,670 | INFO     | keeper.strategy      | TWAP order complete: avg price $0.0000
2026-07-04 04:10:01,670 | INFO     | keeper.strategy      | TWAP order created: $1,250 in 4 chunks of $312 every 6 blocks
2026-07-04 04:10:35,609 | INFO     | keeper.strategy      | TWAP chunk 1/4: $312 (progress: 25%)
2026-07-04 04:11:21,930 | INFO     | keeper.strategy      | TWAP chunk 2/4: $312 (progress: 50%)
2026-07-04 04:11:56,860 | INFO     | keeper.strategy      | TWAP chunk 3/4: $312 (progress: 75%)
2026-07-04 04:12:43,671 | INFO     | keeper.strategy      | TWAP chunk 4/4: $1,250 (progress: 100%)
2026-07-04 04:13:19,521 | INFO     | keeper.strategy      | TWAP order complete: avg price $0.0000
2026-07-04 04:13:19,522 | INFO     | keeper.strategy      | TWAP order created: $1,250 in 4 chunks of $312 every 6 blocks
2026-07-04 04:14:03,343 | INFO     | keeper.strategy      | TWAP chunk 1/4: $312 (progress: 25%)
2026-07-04 04:14:43,994 | INFO     | keeper.strategy      | TWAP chunk 2/4: $312 (progress: 50%)
2026-07-04 04:15:33,354 | INFO     | keeper.strategy      | TWAP chunk 3/4: $312 (progress: 75%)
2026-07-04 04:16:10,363 | INFO     | keeper.strategy      | TWAP chunk 4/4: $1,250 (progress: 100%)
2026-07-04 04:16:54,464 | INFO     | keeper.strategy      | TWAP order complete: avg price $0.0000
2026-07-04 04:16:54,464 | INFO     | keeper.strategy      | TWAP order created: $1,250 in 4 chunks of $312 every 6 blocks
2026-07-04 04:17:27,594 | INFO     | keeper.strategy      | TWAP chunk 1/4: $312 (progress: 25%)
2026-07-04 04:18:12,365 | INFO     | keeper.strategy      | TWAP chunk 2/4: $312 (progress: 50%)
2026-07-04 04:18:59,265 | INFO     | keeper.strategy      | TWAP chunk 3/4: $312 (progress: 75%)
2026-07-04 04:19:33,866 | INFO     | keeper.strategy      | TWAP chunk 4/4: $1,250 (progress: 100%)
2026-07-04 04:20:06,557 | INFO     | keeper.strategy      | TWAP order complete: avg price $0.0000
2026-07-04 04:20:06,557 | INFO     | keeper.strategy      | TWAP order created: $1,250 in 4 chunks of $312 every 6 blocks
2026-07-04 04:20:51,728 | INFO     | keeper.strategy      | TWAP chunk 1/4: $312 (progress: 25%)
2026-07-04 04:21:24,767 | INFO     | keeper.strategy      | TWAP chunk 2/4: $312 (progress: 50%)
2026-07-04 04:21:57,489 | INFO     | keeper.strategy      | TWAP chunk 3/4: $312 (progress: 75%)
2026-07-04 04:22:44,389 | INFO     | keeper.strategy      | TWAP chunk 4/4: $1,250 (progress: 100%)
2026-07-04 04:23:17,069 | INFO     | keeper.strategy      | TWAP order complete: avg price $0.0000
2026-07-04 04:23:17,069 | INFO     | keeper.strategy      | TWAP order created: $1,250 in 4 chunks of $312 every 6 blocks
2026-07-04 04:24:03,149 | INFO     | keeper.strategy      | TWAP chunk 1/4: $312 (progress: 25%)
2026-07-04 04:24:36,171 | INFO     | keeper.strategy      | TWAP chunk 2/4: $312 (progress: 50%)
2026-07-04 04:25:24,456 | INFO     | keeper.strategy      | TWAP chunk 3/4: $312 (progress: 75%)
2026-07-04 04:25:58,597 | INFO     | keeper.strategy      | TWAP chunk 4/4: $1,250 (progress: 100%)
2026-07-04 04:26:43,102 | INFO     | keeper.strategy      | TWAP order complete: avg price $0.0000
2026-07-04 04:26:43,102 | INFO     | keeper.strategy      | TWAP order created: $1,250 in 4 chunks of $312 every 6 blocks
2026-07-04 04:27:27,094 | INFO     | keeper.strategy      | TWAP chunk 1/4: $312 (progress: 25%)
2026-07-04 04:28:13,084 | INFO     | keeper.strategy      | TWAP chunk 2/4: $312 (progress: 50%)
2026-07-04 04:28:47,535 | INFO     | keeper.strategy      | TWAP chunk 3/4: $312 (progress: 75%)
2026-07-04 04:29:32,823 | INFO     | keeper.strategy      | TWAP chunk 4/4: $1,250 (progress: 100%)
2026-07-04 04:30:06,158 | INFO     | keeper.strategy      | TWAP order complete: avg price $0.0000
2026-07-04 04:30:06,159 | INFO     | keeper.strategy      | TWAP order created: $1,250 in 4 chunks of $312 every 6 blocks
2026-07-04 04:30:53,233 | INFO     | keeper.strategy      | TWAP chunk 1/4: $312 (progress: 25%)
2026-07-04 04:31:37,635 | INFO     | keeper.strategy      | TWAP chunk 2/4: $312 (progress: 50%)
2026-07-04 04:32:23,123 | INFO     | keeper.strategy      | TWAP chunk 3/4: $312 (progress: 75%)
2026-07-04 04:32:59,471 | INFO     | keeper.strategy      | TWAP chunk 4/4: $1,250 (progress: 100%)
2026-07-04 04:33:42,911 | INFO     | keeper.strategy      | TWAP order complete: avg price $0.0000
2026-07-04 04:33:42,911 | INFO     | keeper.strategy      | TWAP order created: $1,250 in 4 chunks of $312 every 6 blocks
2026-07-04 04:34:15,682 | INFO     | keeper.strategy      | TWAP chunk 1/4: $312 (progress: 25%)
2026-07-04 04:35:03,303 | INFO     | keeper.strategy      | TWAP chunk 2/4: $312 (progress: 50%)
2026-07-04 04:35:35,977 | INFO     | keeper.strategy      | TWAP chunk 3/4: $312 (progress: 75%)
2026-07-04 04:36:22,955 | INFO     | keeper.strategy      | TWAP chunk 4/4: $1,250 (progress: 100%)
2026-07-04 04:37:07,436 | INFO     | keeper.strategy      | TWAP order complete: avg price $0.0000
2026-07-04 04:37:07,437 | INFO     | keeper.strategy      | TWAP order created: $1,250 in 4 chunks of $312 every 6 blocks
2026-07-04 04:37:52,697 | INFO     | keeper.strategy      | TWAP chunk 1/4: $312 (progress: 25%)
2026-07-04 04:38:28,637 | INFO     | keeper.strategy      | TWAP chunk 2/4: $312 (progress: 50%)
2026-07-04 04:39:12,697 | INFO     | keeper.strategy      | TWAP chunk 3/4: $312 (progress: 75%)
2026-07-04 04:39:54,989 | INFO     | keeper.strategy      | TWAP chunk 4/4: $1,250 (progress: 100%)
2026-07-04 04:40:31,320 | INFO     | keeper.strategy      | TWAP order complete: avg price $0.0000
2026-07-04 04:40:31,320 | INFO     | keeper.strategy      | TWAP order created: $1,250 in 4 chunks of $312 every 6 blocks
2026-07-04 04:41:16,181 | INFO     | keeper.strategy      | TWAP chunk 1/4: $312 (progress: 25%)
2026-07-04 04:41:51,501 | INFO     | keeper.strategy      | TWAP chunk 2/4: $312 (progress: 50%)
2026-07-04 04:42:34,141 | INFO     | keeper.strategy      | TWAP chunk 3/4: $312 (progress: 75%)
2026-07-04 04:43:10,393 | INFO     | keeper.strategy      | TWAP chunk 4/4: $1,250 (progress: 100%)
2026-07-04 04:43:55,073 | INFO     | keeper.strategy      | TWAP order complete: avg price $0.0000
2026-07-04 04:43:55,073 | INFO     | keeper.strategy      | TWAP order created: $1,250 in 4 chunks of $312 every 6 blocks
2026-07-04 04:44:41,773 | INFO     | keeper.strategy      | TWAP chunk 1/4: $312 (progress: 25%)
2026-07-04 04:45:15,885 | INFO     | keeper.strategy      | TWAP chunk 2/4: $312 (progress: 50%)
2026-07-04 04:45:58,205 | INFO     | keeper.strategy      | TWAP chunk 3/4: $312 (progress: 75%)
2026-07-04 04:46:33,165 | INFO     | keeper.strategy      | TWAP chunk 4/4: $1,250 (progress: 100%)
2026-07-04 04:47:23,277 | INFO     | keeper.strategy      | TWAP order complete: avg price $0.0000
2026-07-04 04:47:23,278 | INFO     | keeper.strategy      | TWAP order created: $1,250 in 4 chunks of $312 every 6 blocks
2026-07-04 04:47:56,257 | INFO     | keeper.strategy      | TWAP chunk 1/4: $312 (progress: 25%)
2026-07-04 04:48:43,228 | INFO     | keeper.strategy      | TWAP chunk 2/4: $312 (progress: 50%)
2026-07-04 04:49:18,448 | INFO     | keeper.strategy      | TWAP chunk 3/4: $312 (progress: 75%)
2026-07-04 04:50:02,108 | INFO     | keeper.strategy      | TWAP chunk 4/4: $1,250 (progress: 100%)
2026-07-04 04:50:35,499 | INFO     | keeper.strategy      | TWAP order complete: avg price $0.0000
2026-07-04 04:50:35,499 | INFO     | keeper.strategy      | TWAP order created: $1,250 in 4 chunks of $312 every 6 blocks
2026-07-04 04:51:21,659 | INFO     | keeper.strategy      | TWAP chunk 1/4: $312 (progress: 25%)
2026-07-04 04:52:07,790 | INFO     | keeper.strategy      | TWAP chunk 2/4: $312 (progress: 50%)
2026-07-04 04:52:45,901 | INFO     | keeper.strategy      | TWAP chunk 3/4: $312 (progress: 75%)
2026-07-04 04:53:31,712 | INFO     | keeper.strategy      | TWAP chunk 4/4: $1,250 (progress: 100%)
2026-07-04 04:54:05,312 | INFO     | keeper.strategy      | TWAP order complete: avg price $0.0000
2026-07-04 04:54:05,312 | INFO     | keeper.strategy      | TWAP order created: $1,250 in 4 chunks of $312 every 6 blocks
2026-07-04 04:54:48,393 | INFO     | keeper.strategy      | TWAP chunk 1/4: $312 (progress: 25%)
2026-07-04 04:55:23,116 | INFO     | keeper.strategy      | TWAP chunk 2/4: $312 (progress: 50%)
2026-07-04 04:56:08,115 | INFO     | keeper.strategy      | TWAP chunk 3/4: $312 (progress: 75%)
2026-07-04 04:56:43,474 | INFO     | keeper.strategy      | TWAP chunk 4/4: $1,250 (progress: 100%)
2026-07-04 04:57:28,604 | INFO     | keeper.strategy      | TWAP order complete: avg price $0.0000
2026-07-04 04:57:28,605 | INFO     | keeper.strategy      | TWAP order created: $1,250 in 4 chunks of $312 every 6 blocks
2026-07-04 04:58:12,863 | INFO     | keeper.strategy      | TWAP chunk 1/4: $312 (progress: 25%)
2026-07-04 04:58:46,846 | INFO     | keeper.strategy      | TWAP chunk 2/4: $312 (progress: 50%)
2026-07-04 04:59:27,827 | INFO     | keeper.strategy      | TWAP chunk 3/4: $312 (progress: 75%)
2026-07-04 05:00:04,017 | INFO     | keeper.strategy      | TWAP chunk 4/4: $1,250 (progress: 100%)
2026-07-04 05:00:52,408 | INFO     | keeper.strategy      | TWAP order complete: avg price $0.0000
2026-07-04 05:00:52,408 | INFO     | keeper.strategy      | TWAP order created: $1,250 in 4 chunks of $312 every 6 blocks
2026-07-04 05:01:26,157 | INFO     | keeper.strategy      | TWAP chunk 1/4: $312 (progress: 25%)
2026-07-04 05:02:12,746 | INFO     | keeper.strategy      | TWAP chunk 2/4: $312 (progress: 50%)
2026-07-04 05:02:45,545 | INFO     | keeper.strategy      | TWAP chunk 3/4: $312 (progress: 75%)
2026-07-04 05:03:20,077 | INFO     | keeper.strategy      | TWAP chunk 4/4: $1,250 (progress: 100%)
2026-07-04 05:04:04,285 | INFO     | keeper.strategy      | TWAP order complete: avg price $0.0000
2026-07-04 05:04:04,286 | INFO     | keeper.strategy      | TWAP order created: $1,250 in 4 chunks of $312 every 6 blocks
2026-07-04 05:04:51,814 | INFO     | keeper.strategy      | TWAP chunk 1/4: $312 (progress: 25%)
2026-07-04 05:05:25,264 | INFO     | keeper.strategy      | TWAP chunk 2/4: $312 (progress: 50%)
2026-07-04 05:06:11,824 | INFO     | keeper.strategy      | TWAP chunk 3/4: $312 (progress: 75%)
2026-07-04 05:06:48,914 | INFO     | keeper.strategy      | TWAP chunk 4/4: $1,250 (progress: 100%)
2026-07-04 05:07:23,394 | INFO     | keeper.strategy      | TWAP order complete: avg price $0.0000
2026-07-04 05:07:23,394 | INFO     | keeper.strategy      | TWAP order created: $1,250 in 4 chunks of $312 every 6 blocks
2026-07-04 05:08:13,275 | INFO     | keeper.strategy      | TWAP chunk 1/4: $312 (progress: 25%)
2026-07-04 05:08:47,044 | INFO     | keeper.strategy      | TWAP chunk 2/4: $312 (progress: 50%)
2026-07-04 05:09:32,854 | INFO     | keeper.strategy      | TWAP chunk 3/4: $312 (progress: 75%)
2026-07-04 05:10:18,524 | INFO     | keeper.strategy      | TWAP chunk 4/4: $1,250 (progress: 100%)
2026-07-04 05:10:53,074 | INFO     | keeper.strategy      | TWAP order complete: avg price $0.0000
2026-07-04 05:10:53,074 | INFO     | keeper.strategy      | TWAP order created: $1,250 in 4 chunks of $312 every 6 blocks
2026-07-04 05:11:38,423 | INFO     | keeper.strategy      | TWAP chunk 1/4: $312 (progress: 25%)
2026-07-04 05:12:12,864 | INFO     | keeper.strategy      | TWAP chunk 2/4: $312 (progress: 50%)
2026-07-04 05:12:53,834 | INFO     | keeper.strategy      | TWAP chunk 3/4: $312 (progress: 75%)
2026-07-04 05:13:29,254 | INFO     | keeper.strategy      | TWAP chunk 4/4: $1,250 (progress: 100%)
2026-07-04 05:14:12,955 | INFO     | keeper.strategy      | TWAP order complete: avg price $0.0000
2026-07-04 05:14:12,955 | INFO     | keeper.strategy      | TWAP order created: $1,250 in 4 chunks of $312 every 6 blocks
2026-07-04 05:14:45,614 | INFO     | keeper.strategy      | TWAP chunk 1/4: $312 (progress: 25%)
2026-07-04 05:15:32,866 | INFO     | keeper.strategy      | TWAP chunk 2/4: $312 (progress: 50%)
2026-07-04 05:16:14,204 | INFO     | keeper.strategy      | TWAP chunk 3/4: $312 (progress: 75%)
2026-07-04 05:16:49,576 | INFO     | keeper.strategy      | TWAP chunk 4/4: $1,250 (progress: 100%)
2026-07-04 05:17:34,605 | INFO     | keeper.strategy      | TWAP order complete: avg price $0.0000
2026-07-04 05:17:34,606 | INFO     | keeper.strategy      | TWAP order created: $1,250 in 4 chunks of $312 every 6 blocks
2026-07-04 05:18:08,427 | INFO     | keeper.strategy      | TWAP chunk 1/4: $312 (progress: 25%)
2026-07-04 05:18:53,496 | INFO     | keeper.strategy      | TWAP chunk 2/4: $312 (progress: 50%)
2026-07-04 05:19:27,656 | INFO     | keeper.strategy      | TWAP chunk 3/4: $312 (progress: 75%)
2026-07-04 05:20:12,747 | INFO     | keeper.strategy      | TWAP chunk 4/4: $1,250 (progress: 100%)
2026-07-04 05:20:45,757 | INFO     | keeper.strategy      | TWAP order complete: avg price $0.0000
2026-07-04 05:20:45,757 | INFO     | keeper.strategy      | TWAP order created: $1,250 in 4 chunks of $312 every 6 blocks
2026-07-04 05:21:31,497 | INFO     | keeper.strategy      | TWAP chunk 1/4: $312 (progress: 25%)
2026-07-04 05:22:04,778 | INFO     | keeper.strategy      | TWAP chunk 2/4: $312 (progress: 50%)
2026-07-04 05:22:37,848 | INFO     | keeper.strategy      | TWAP chunk 3/4: $312 (progress: 75%)
2026-07-04 05:23:23,879 | INFO     | keeper.strategy      | TWAP chunk 4/4: $1,250 (progress: 100%)
2026-07-04 05:23:58,678 | INFO     | keeper.strategy      | TWAP order complete: avg price $0.0000
2026-07-04 05:23:58,678 | INFO     | keeper.strategy      | TWAP order created: $1,250 in 4 chunks of $312 every 6 blocks
2026-07-04 05:24:43,199 | INFO     | keeper.strategy      | TWAP chunk 1/4: $312 (progress: 25%)
2026-07-04 05:25:29,929 | INFO     | keeper.strategy      | TWAP chunk 2/4: $312 (progress: 50%)
2026-07-04 05:26:03,470 | INFO     | keeper.strategy      | TWAP chunk 3/4: $312 (progress: 75%)
2026-07-04 05:26:37,240 | INFO     | keeper.strategy      | TWAP chunk 4/4: $1,250 (progress: 100%)
2026-07-04 05:27:23,240 | INFO     | keeper.strategy      | TWAP order complete: avg price $0.0000
2026-07-04 05:27:23,240 | INFO     | keeper.strategy      | TWAP order created: $1,250 in 4 chunks of $312 every 6 blocks
2026-07-04 05:27:56,670 | INFO     | keeper.strategy      | TWAP chunk 1/4: $312 (progress: 25%)
2026-07-04 05:28:45,131 | INFO     | keeper.strategy      | TWAP chunk 2/4: $312 (progress: 50%)
2026-07-04 05:29:28,871 | INFO     | keeper.strategy      | TWAP chunk 3/4: $312 (progress: 75%)
2026-07-04 05:30:02,601 | INFO     | keeper.strategy      | TWAP chunk 4/4: $1,250 (progress: 100%)
2026-07-04 05:30:35,371 | INFO     | keeper.strategy      | TWAP order complete: avg price $0.0000
2026-07-04 05:30:35,371 | INFO     | keeper.strategy      | TWAP order created: $1,250 in 4 chunks of $312 every 6 blocks
2026-07-04 05:31:08,111 | INFO     | keeper.strategy      | TWAP chunk 1/4: $312 (progress: 25%)
2026-07-04 05:31:53,592 | INFO     | keeper.strategy      | TWAP chunk 2/4: $312 (progress: 50%)
2026-07-04 05:32:26,644 | INFO     | keeper.strategy      | TWAP chunk 3/4: $312 (progress: 75%)
2026-07-04 05:33:13,583 | INFO     | keeper.strategy      | TWAP chunk 4/4: $1,250 (progress: 100%)
2026-07-04 05:33:46,393 | INFO     | keeper.strategy      | TWAP order complete: avg price $0.0000
2026-07-04 05:33:46,394 | INFO     | keeper.strategy      | TWAP order created: $1,250 in 4 chunks of $312 every 6 blocks
2026-07-04 05:34:33,283 | INFO     | keeper.strategy      | TWAP chunk 1/4: $312 (progress: 25%)
2026-07-04 05:35:18,125 | INFO     | keeper.strategy      | TWAP chunk 2/4: $312 (progress: 50%)
2026-07-04 05:36:03,276 | INFO     | keeper.strategy      | TWAP chunk 3/4: $312 (progress: 75%)
2026-07-04 05:36:51,518 | INFO     | keeper.strategy      | TWAP chunk 4/4: $1,250 (progress: 100%)
2026-07-04 05:37:24,573 | INFO     | keeper.strategy      | TWAP order complete: avg price $0.0000
2026-07-04 05:37:24,573 | INFO     | keeper.strategy      | TWAP order created: $1,250 in 4 chunks of $312 every 6 blocks
2026-07-04 05:38:14,249 | INFO     | keeper.strategy      | TWAP chunk 1/4: $312 (progress: 25%)
2026-07-04 05:38:47,759 | INFO     | keeper.strategy      | TWAP chunk 2/4: $312 (progress: 50%)
2026-07-04 05:39:33,381 | INFO     | keeper.strategy      | TWAP chunk 3/4: $312 (progress: 75%)
2026-07-04 05:40:06,101 | INFO     | keeper.strategy      | TWAP chunk 4/4: $1,250 (progress: 100%)
2026-07-04 05:40:53,390 | INFO     | keeper.strategy      | TWAP order complete: avg price $0.0000
2026-07-04 05:40:53,390 | INFO     | keeper.strategy      | TWAP order created: $1,250 in 4 chunks of $312 every 6 blocks
2026-07-04 05:41:37,556 | INFO     | keeper.strategy      | TWAP chunk 1/4: $312 (progress: 25%)
2026-07-04 05:42:22,964 | INFO     | keeper.strategy      | TWAP chunk 2/4: $312 (progress: 50%)
2026-07-04 05:42:55,733 | INFO     | keeper.strategy      | TWAP chunk 3/4: $312 (progress: 75%)
2026-07-04 05:43:37,503 | INFO     | keeper.strategy      | TWAP chunk 4/4: $1,250 (progress: 100%)
2026-07-04 05:44:13,345 | INFO     | keeper.strategy      | TWAP order complete: avg price $0.0000
2026-07-04 05:44:13,345 | INFO     | keeper.strategy      | TWAP order created: $1,250 in 4 chunks of $312 every 6 blocks
2026-07-04 05:45:03,506 | INFO     | keeper.strategy      | TWAP chunk 1/4: $312 (progress: 25%)
2026-07-04 05:45:36,958 | INFO     | keeper.strategy      | TWAP chunk 2/4: $312 (progress: 50%)
2026-07-04 05:46:23,677 | INFO     | keeper.strategy      | TWAP chunk 3/4: $312 (progress: 75%)
2026-07-04 05:46:56,738 | INFO     | keeper.strategy      | TWAP chunk 4/4: $1,250 (progress: 100%)
2026-07-04 05:47:45,818 | INFO     | keeper.strategy      | TWAP order complete: avg price $0.0000
2026-07-04 05:47:45,819 | INFO     | keeper.strategy      | TWAP order created: $1,250 in 4 chunks of $312 every 6 blocks
2026-07-04 05:48:28,479 | INFO     | keeper.strategy      | TWAP chunk 1/4: $312 (progress: 25%)
2026-07-04 05:49:04,021 | INFO     | keeper.strategy      | TWAP chunk 2/4: $312 (progress: 50%)
2026-07-04 05:49:53,575 | INFO     | keeper.strategy      | TWAP chunk 3/4: $312 (progress: 75%)
2026-07-04 05:50:33,832 | INFO     | keeper.strategy      | TWAP chunk 4/4: $1,250 (progress: 100%)
2026-07-04 05:51:21,792 | INFO     | keeper.strategy      | TWAP order complete: avg price $0.0000
2026-07-04 05:51:21,792 | INFO     | keeper.strategy      | TWAP order created: $1,250 in 4 chunks of $312 every 6 blocks
2026-07-04 05:51:54,693 | INFO     | keeper.strategy      | TWAP chunk 1/4: $312 (progress: 25%)
2026-07-04 05:52:40,863 | INFO     | keeper.strategy      | TWAP chunk 2/4: $312 (progress: 50%)
2026-07-04 05:53:13,933 | INFO     | keeper.strategy      | TWAP chunk 3/4: $312 (progress: 75%)
2026-07-04 05:53:59,654 | INFO     | keeper.strategy      | TWAP chunk 4/4: $1,250 (progress: 100%)
2026-07-04 05:54:43,945 | INFO     | keeper.strategy      | TWAP order complete: avg price $0.0000
2026-07-04 05:54:43,945 | INFO     | keeper.strategy      | TWAP order created: $1,250 in 4 chunks of $312 every 6 blocks
2026-07-04 05:55:31,306 | INFO     | keeper.strategy      | TWAP chunk 1/4: $312 (progress: 25%)
2026-07-04 05:56:03,966 | INFO     | keeper.strategy      | TWAP chunk 2/4: $312 (progress: 50%)
2026-07-04 05:56:38,166 | INFO     | keeper.strategy      | TWAP chunk 3/4: $312 (progress: 75%)
2026-07-04 05:57:22,827 | INFO     | keeper.strategy      | TWAP chunk 4/4: $1,250 (progress: 100%)
2026-07-04 05:57:56,587 | INFO     | keeper.strategy      | TWAP order complete: avg price $0.0000
2026-07-04 05:57:56,588 | INFO     | keeper.strategy      | TWAP order created: $1,250 in 4 chunks of $312 every 6 blocks
2026-07-04 05:58:40,937 | INFO     | keeper.strategy      | TWAP chunk 1/4: $312 (progress: 25%)
2026-07-04 05:59:14,128 | INFO     | keeper.strategy      | TWAP chunk 2/4: $312 (progress: 50%)
2026-07-04 05:59:47,323 | INFO     | keeper.strategy      | TWAP chunk 3/4: $312 (progress: 75%)
2026-07-04 06:00:32,518 | INFO     | keeper.strategy      | TWAP chunk 4/4: $1,250 (progress: 100%)
2026-07-04 06:01:14,959 | INFO     | keeper.strategy      | TWAP order complete: avg price $0.0000
2026-07-04 06:01:14,959 | INFO     | keeper.strategy      | TWAP order created: $1,250 in 4 chunks of $312 every 6 blocks
2026-07-04 06:02:02,960 | INFO     | keeper.strategy      | TWAP chunk 1/4: $312 (progress: 25%)
2026-07-04 06:02:38,961 | INFO     | keeper.strategy      | TWAP chunk 2/4: $312 (progress: 50%)
2026-07-04 06:03:13,291 | INFO     | keeper.strategy      | TWAP chunk 3/4: $312 (progress: 75%)
2026-07-04 06:03:46,322 | INFO     | keeper.strategy      | TWAP chunk 4/4: $1,250 (progress: 100%)
2026-07-04 06:04:33,212 | INFO     | keeper.strategy      | TWAP order complete: avg price $0.0000
2026-07-04 06:04:33,213 | INFO     | keeper.strategy      | TWAP order created: $1,250 in 4 chunks of $312 every 6 blocks
2026-07-04 06:05:06,002 | INFO     | keeper.strategy      | TWAP chunk 1/4: $312 (progress: 25%)
2026-07-04 06:05:49,165 | INFO     | keeper.strategy      | TWAP chunk 2/4: $312 (progress: 50%)
2026-07-04 06:06:23,530 | INFO     | keeper.strategy      | TWAP chunk 3/4: $312 (progress: 75%)
2026-07-04 06:06:56,145 | INFO     | keeper.strategy      | TWAP chunk 4/4: $1,250 (progress: 100%)
2026-07-04 06:07:42,914 | INFO     | keeper.strategy      | TWAP order complete: avg price $0.0000
2026-07-04 06:07:42,914 | INFO     | keeper.strategy      | TWAP order created: $1,250 in 4 chunks of $312 every 6 blocks
2026-07-04 06:08:16,563 | INFO     | keeper.strategy      | TWAP chunk 1/4: $312 (progress: 25%)
2026-07-04 06:08:57,815 | INFO     | keeper.strategy      | TWAP chunk 2/4: $312 (progress: 50%)
2026-07-04 06:09:34,955 | INFO     | keeper.strategy      | TWAP chunk 3/4: $312 (progress: 75%)
2026-07-04 06:10:23,417 | INFO     | keeper.strategy      | TWAP chunk 4/4: $1,250 (progress: 100%)
2026-07-04 06:10:57,687 | INFO     | keeper.strategy      | TWAP order complete: avg price $0.0000
2026-07-04 06:10:57,688 | INFO     | keeper.strategy      | TWAP order created: $1,250 in 4 chunks of $312 every 6 blocks
2026-07-04 06:11:42,989 | INFO     | keeper.strategy      | TWAP chunk 1/4: $312 (progress: 25%)
2026-07-04 06:12:27,889 | INFO     | keeper.strategy      | TWAP chunk 2/4: $312 (progress: 50%)
2026-07-04 06:13:03,850 | INFO     | keeper.strategy      | TWAP chunk 3/4: $312 (progress: 75%)
2026-07-04 06:13:49,392 | INFO     | keeper.strategy      | TWAP chunk 4/4: $1,250 (progress: 100%)
2026-07-04 06:14:32,982 | INFO     | keeper.strategy      | TWAP order complete: avg price $0.0000
2026-07-04 06:14:32,982 | INFO     | keeper.strategy      | TWAP order created: $1,250 in 4 chunks of $312 every 6 blocks
2026-07-04 06:15:05,884 | INFO     | keeper.strategy      | TWAP chunk 1/4: $312 (progress: 25%)
2026-07-04 06:15:50,483 | INFO     | keeper.strategy      | TWAP chunk 2/4: $312 (progress: 50%)
2026-07-04 06:16:23,965 | INFO     | keeper.strategy      | TWAP chunk 3/4: $312 (progress: 75%)
2026-07-04 06:16:57,745 | INFO     | keeper.strategy      | TWAP chunk 4/4: $1,250 (progress: 100%)
2026-07-04 06:17:42,627 | INFO     | keeper.strategy      | TWAP order complete: avg price $0.0000
2026-07-04 06:17:42,627 | INFO     | keeper.strategy      | TWAP order created: $1,250 in 4 chunks of $312 every 6 blocks
2026-07-04 06:18:24,286 | INFO     | keeper.strategy      | TWAP chunk 1/4: $312 (progress: 25%)
2026-07-04 06:18:59,757 | INFO     | keeper.strategy      | TWAP chunk 2/4: $312 (progress: 50%)
2026-07-04 06:19:45,448 | INFO     | keeper.strategy      | TWAP chunk 3/4: $312 (progress: 75%)
2026-07-04 06:20:18,089 | INFO     | keeper.strategy      | TWAP chunk 4/4: $1,250 (progress: 100%)
2026-07-04 06:21:03,169 | INFO     | keeper.strategy      | TWAP order complete: avg price $0.0000
2026-07-04 06:21:03,170 | INFO     | keeper.strategy      | TWAP order created: $1,250 in 4 chunks of $312 every 6 blocks
2026-07-04 06:21:47,429 | INFO     | keeper.strategy      | TWAP chunk 1/4: $312 (progress: 25%)
2026-07-04 06:22:24,210 | INFO     | keeper.strategy      | TWAP chunk 2/4: $312 (progress: 50%)
2026-07-04 06:23:13,071 | INFO     | keeper.strategy      | TWAP chunk 3/4: $312 (progress: 75%)
2026-07-04 06:23:48,222 | INFO     | keeper.strategy      | TWAP chunk 4/4: $1,250 (progress: 100%)
2026-07-04 06:24:33,783 | INFO     | keeper.strategy      | TWAP order complete: avg price $0.0000
2026-07-04 06:24:33,783 | INFO     | keeper.strategy      | TWAP order created: $1,250 in 4 chunks of $312 every 6 blocks
2026-07-04 06:25:09,493 | INFO     | keeper.strategy      | TWAP chunk 1/4: $312 (progress: 25%)
2026-07-04 06:26:00,943 | INFO     | keeper.strategy      | TWAP chunk 2/4: $312 (progress: 50%)
2026-07-04 06:26:43,594 | INFO     | keeper.strategy      | TWAP chunk 3/4: $312 (progress: 75%)
2026-07-04 06:27:16,285 | INFO     | keeper.strategy      | TWAP chunk 4/4: $1,250 (progress: 100%)
2026-07-04 06:27:57,705 | INFO     | keeper.strategy      | TWAP order complete: avg price $0.0000
2026-07-04 06:27:57,706 | INFO     | keeper.strategy      | TWAP order created: $1,250 in 4 chunks of $312 every 6 blocks
2026-07-04 06:28:33,555 | INFO     | keeper.strategy      | TWAP chunk 1/4: $312 (progress: 25%)
2026-07-04 06:29:18,236 | INFO     | keeper.strategy      | TWAP chunk 2/4: $312 (progress: 50%)
2026-07-04 06:30:04,318 | INFO     | keeper.strategy      | TWAP chunk 3/4: $312 (progress: 75%)
2026-07-04 06:30:40,827 | INFO     | keeper.strategy      | TWAP chunk 4/4: $1,250 (progress: 100%)
2026-07-04 06:31:24,827 | INFO     | keeper.strategy      | TWAP order complete: avg price $0.0000
2026-07-04 06:31:24,827 | INFO     | keeper.strategy      | TWAP order created: $1,250 in 4 chunks of $312 every 6 blocks
2026-07-04 06:31:57,448 | INFO     | keeper.strategy      | TWAP chunk 1/4: $312 (progress: 25%)
2026-07-04 06:32:41,709 | INFO     | keeper.strategy      | TWAP chunk 2/4: $312 (progress: 50%)
2026-07-04 06:33:23,500 | INFO     | keeper.strategy      | TWAP chunk 3/4: $312 (progress: 75%)
2026-07-04 06:34:01,110 | INFO     | keeper.strategy      | TWAP chunk 4/4: $1,250 (progress: 100%)
2026-07-04 06:34:45,230 | INFO     | keeper.strategy      | TWAP order complete: avg price $0.0000
2026-07-04 06:34:45,230 | INFO     | keeper.strategy      | TWAP order created: $1,250 in 4 chunks of $312 every 6 blocks
2026-07-04 06:35:18,091 | INFO     | keeper.strategy      | TWAP chunk 1/4: $312 (progress: 25%)
2026-07-04 06:35:59,891 | INFO     | keeper.strategy      | TWAP chunk 2/4: $312 (progress: 50%)
2026-07-04 06:36:43,181 | INFO     | keeper.strategy      | TWAP chunk 3/4: $312 (progress: 75%)
2026-07-04 06:37:31,993 | INFO     | keeper.strategy      | TWAP chunk 4/4: $1,250 (progress: 100%)
2026-07-04 06:38:06,773 | INFO     | keeper.strategy      | TWAP order complete: avg price $0.0000
2026-07-04 06:38:06,774 | INFO     | keeper.strategy      | TWAP order created: $1,250 in 4 chunks of $312 every 6 blocks
2026-07-04 06:38:52,544 | INFO     | keeper.strategy      | TWAP chunk 1/4: $312 (progress: 25%)
2026-07-04 06:39:26,134 | INFO     | keeper.strategy      | TWAP chunk 2/4: $312 (progress: 50%)
2026-07-04 06:40:12,525 | INFO     | keeper.strategy      | TWAP chunk 3/4: $312 (progress: 75%)
2026-07-04 06:40:46,915 | INFO     | keeper.strategy      | TWAP chunk 4/4: $1,250 (progress: 100%)
2026-07-04 06:41:28,766 | INFO     | keeper.strategy      | TWAP order complete: avg price $0.0000
2026-07-04 06:41:28,766 | INFO     | keeper.strategy      | TWAP order created: $1,250 in 4 chunks of $312 every 6 blocks
2026-07-04 06:42:13,906 | INFO     | keeper.strategy      | TWAP chunk 1/4: $312 (progress: 25%)
2026-07-04 06:43:00,917 | INFO     | keeper.strategy      | TWAP chunk 2/4: $312 (progress: 50%)
2026-07-04 06:43:33,767 | INFO     | keeper.strategy      | TWAP chunk 3/4: $312 (progress: 75%)
2026-07-04 06:44:06,627 | INFO     | keeper.strategy      | TWAP chunk 4/4: $1,250 (progress: 100%)
2026-07-04 06:44:52,207 | INFO     | keeper.strategy      | TWAP order complete: avg price $0.0000
2026-07-04 06:44:52,207 | INFO     | keeper.strategy      | TWAP order created: $1,250 in 4 chunks of $312 every 6 blocks
2026-07-04 06:45:26,357 | INFO     | keeper.strategy      | TWAP chunk 1/4: $312 (progress: 25%)
2026-07-04 06:46:14,027 | INFO     | keeper.strategy      | TWAP chunk 2/4: $312 (progress: 50%)
2026-07-04 06:46:47,008 | INFO     | keeper.strategy      | TWAP chunk 3/4: $312 (progress: 75%)
2026-07-04 06:47:32,217 | INFO     | keeper.strategy      | TWAP chunk 4/4: $1,250 (progress: 100%)
2026-07-04 06:48:06,247 | INFO     | keeper.strategy      | TWAP order complete: avg price $0.0000
2026-07-04 06:48:06,247 | INFO     | keeper.strategy      | TWAP order created: $1,250 in 4 chunks of $312 every 6 blocks
2026-07-04 06:48:50,358 | INFO     | keeper.strategy      | TWAP chunk 1/4: $312 (progress: 25%)
2026-07-04 06:49:33,028 | INFO     | keeper.strategy      | TWAP chunk 2/4: $312 (progress: 50%)
2026-07-04 06:50:22,328 | INFO     | keeper.strategy      | TWAP chunk 3/4: $312 (progress: 75%)
2026-07-04 06:50:55,079 | INFO     | keeper.strategy      | TWAP chunk 4/4: $1,250 (progress: 100%)
2026-07-04 06:51:28,318 | INFO     | keeper.strategy      | TWAP order complete: avg price $0.0000
2026-07-04 06:51:28,318 | INFO     | keeper.strategy      | TWAP order created: $1,250 in 4 chunks of $312 every 6 blocks
2026-07-04 06:52:13,439 | INFO     | keeper.strategy      | TWAP chunk 1/4: $312 (progress: 25%)
2026-07-04 06:53:00,110 | INFO     | keeper.strategy      | TWAP chunk 2/4: $312 (progress: 50%)
2026-07-04 06:53:33,199 | INFO     | keeper.strategy      | TWAP chunk 3/4: $312 (progress: 75%)
2026-07-04 06:54:17,521 | INFO     | keeper.strategy      | TWAP chunk 4/4: $1,250 (progress: 100%)
2026-07-04 06:55:02,040 | INFO     | keeper.strategy      | TWAP order complete: avg price $0.0000
2026-07-04 06:55:02,041 | INFO     | keeper.strategy      | TWAP order created: $1,250 in 4 chunks of $312 every 6 blocks
2026-07-04 06:55:35,390 | INFO     | keeper.strategy      | TWAP chunk 1/4: $312 (progress: 25%)
2026-07-04 06:56:21,381 | INFO     | keeper.strategy      | TWAP chunk 2/4: $312 (progress: 50%)
2026-07-04 06:56:54,701 | INFO     | keeper.strategy      | TWAP chunk 3/4: $312 (progress: 75%)
2026-07-04 06:57:27,412 | INFO     | keeper.strategy      | TWAP chunk 4/4: $1,250 (progress: 100%)
2026-07-04 06:58:12,922 | INFO     | keeper.strategy      | TWAP order complete: avg price $0.0000
2026-07-04 06:58:12,922 | INFO     | keeper.strategy      | TWAP order created: $1,250 in 4 chunks of $312 every 6 blocks
2026-07-04 06:58:46,203 | INFO     | keeper.strategy      | TWAP chunk 1/4: $312 (progress: 25%)
2026-07-04 06:59:33,072 | INFO     | keeper.strategy      | TWAP chunk 2/4: $312 (progress: 50%)
2026-07-04 07:00:07,053 | INFO     | keeper.strategy      | TWAP chunk 3/4: $312 (progress: 75%)
2026-07-04 07:00:54,663 | INFO     | keeper.strategy      | TWAP chunk 4/4: $1,250 (progress: 100%)
2026-07-04 07:01:35,093 | INFO     | keeper.strategy      | TWAP order complete: avg price $0.0000
2026-07-04 07:01:35,094 | INFO     | keeper.strategy      | TWAP order created: $1,250 in 4 chunks of $312 every 6 blocks
2026-07-04 07:02:23,165 | INFO     | keeper.strategy      | TWAP chunk 1/4: $312 (progress: 25%)
2026-07-04 07:02:56,314 | INFO     | keeper.strategy      | TWAP chunk 2/4: $312 (progress: 50%)
2026-07-04 07:03:38,104 | INFO     | keeper.strategy      | TWAP chunk 3/4: $312 (progress: 75%)
2026-07-04 07:04:12,935 | INFO     | keeper.strategy      | TWAP chunk 4/4: $1,250 (progress: 100%)
2026-07-04 07:04:59,216 | INFO     | keeper.strategy      | TWAP order complete: avg price $0.0000
2026-07-04 07:04:59,216 | INFO     | keeper.strategy      | TWAP order created: $1,250 in 4 chunks of $312 every 6 blocks
2026-07-04 07:05:42,796 | INFO     | keeper.strategy      | TWAP chunk 1/4: $312 (progress: 25%)
2026-07-04 07:06:15,467 | INFO     | keeper.strategy      | TWAP chunk 2/4: $312 (progress: 50%)
2026-07-04 07:06:49,297 | INFO     | keeper.strategy      | TWAP chunk 3/4: $312 (progress: 75%)
2026-07-04 07:07:32,377 | INFO     | keeper.strategy      | TWAP chunk 4/4: $1,250 (progress: 100%)
2026-07-04 07:08:06,538 | INFO     | keeper.strategy      | TWAP order complete: avg price $0.0000
2026-07-04 07:08:06,538 | INFO     | keeper.strategy      | TWAP order created: $1,250 in 4 chunks of $312 every 6 blocks
2026-07-04 07:08:53,088 | INFO     | keeper.strategy      | TWAP chunk 1/4: $312 (progress: 25%)
2026-07-04 07:09:33,669 | INFO     | keeper.strategy      | TWAP chunk 2/4: $312 (progress: 50%)
2026-07-04 07:10:08,840 | INFO     | keeper.strategy      | TWAP chunk 3/4: $312 (progress: 75%)
2026-07-04 07:10:53,010 | INFO     | keeper.strategy      | TWAP chunk 4/4: $1,250 (progress: 100%)
2026-07-04 07:11:37,760 | INFO     | keeper.strategy      | TWAP order complete: avg price $0.0000
2026-07-04 07:11:37,760 | INFO     | keeper.strategy      | TWAP order created: $1,250 in 4 chunks of $312 every 6 blocks
2026-07-04 07:12:24,400 | INFO     | keeper.strategy      | TWAP chunk 1/4: $312 (progress: 25%)
2026-07-04 07:12:57,201 | INFO     | keeper.strategy      | TWAP chunk 2/4: $312 (progress: 50%)
2026-07-04 07:13:38,111 | INFO     | keeper.strategy      | TWAP chunk 3/4: $312 (progress: 75%)
2026-07-04 07:14:12,742 | INFO     | keeper.strategy      | TWAP chunk 4/4: $1,250 (progress: 100%)
2026-07-04 07:14:58,553 | INFO     | keeper.strategy      | TWAP order complete: avg price $0.0000
2026-07-04 07:14:58,553 | INFO     | keeper.strategy      | TWAP order created: $1,250 in 4 chunks of $312 every 6 blocks
2026-07-04 07:15:33,452 | INFO     | keeper.strategy      | TWAP chunk 1/4: $312 (progress: 25%)
2026-07-04 07:16:19,603 | INFO     | keeper.strategy      | TWAP chunk 2/4: $312 (progress: 50%)
2026-07-04 07:17:03,663 | INFO     | keeper.strategy      | TWAP chunk 3/4: $312 (progress: 75%)
2026-07-04 07:17:36,544 | INFO     | keeper.strategy      | TWAP chunk 4/4: $1,250 (progress: 100%)
2026-07-04 07:18:21,255 | INFO     | keeper.strategy      | TWAP order complete: avg price $0.0000
2026-07-04 07:18:21,255 | INFO     | keeper.strategy      | TWAP order created: $1,250 in 4 chunks of $312 every 6 blocks
2026-07-04 07:18:53,927 | INFO     | keeper.strategy      | TWAP chunk 1/4: $312 (progress: 25%)
2026-07-04 07:19:37,098 | INFO     | keeper.strategy      | TWAP chunk 2/4: $312 (progress: 50%)
2026-07-04 07:20:21,717 | INFO     | keeper.strategy      | TWAP chunk 3/4: $312 (progress: 75%)
2026-07-04 07:20:55,098 | INFO     | keeper.strategy      | TWAP chunk 4/4: $1,250 (progress: 100%)
2026-07-04 07:21:27,820 | INFO     | keeper.strategy      | TWAP order complete: avg price $0.0000
2026-07-04 07:21:27,820 | INFO     | keeper.strategy      | TWAP order created: $1,250 in 4 chunks of $312 every 6 blocks
2026-07-04 07:22:14,150 | INFO     | keeper.strategy      | TWAP chunk 1/4: $312 (progress: 25%)
2026-07-04 07:22:47,151 | INFO     | keeper.strategy      | TWAP chunk 2/4: $312 (progress: 50%)
2026-07-04 07:23:32,671 | INFO     | keeper.strategy      | TWAP chunk 3/4: $312 (progress: 75%)
2026-07-04 07:24:05,804 | INFO     | keeper.strategy      | TWAP chunk 4/4: $1,250 (progress: 100%)
2026-07-04 07:24:51,184 | INFO     | keeper.strategy      | TWAP order complete: avg price $0.0000
2026-07-04 07:24:51,185 | INFO     | keeper.strategy      | TWAP order created: $1,250 in 4 chunks of $312 every 6 blocks
2026-07-04 07:25:24,434 | INFO     | keeper.strategy      | TWAP chunk 1/4: $312 (progress: 25%)
2026-07-04 07:25:57,104 | INFO     | keeper.strategy      | TWAP chunk 2/4: $312 (progress: 50%)
2026-07-04 07:26:41,294 | INFO     | keeper.strategy      | TWAP chunk 3/4: $312 (progress: 75%)
2026-07-04 07:27:14,426 | INFO     | keeper.strategy      | TWAP chunk 4/4: $1,250 (progress: 100%)
2026-07-04 07:27:59,056 | INFO     | keeper.strategy      | TWAP order complete: avg price $0.0000
2026-07-04 07:27:59,056 | INFO     | keeper.strategy      | TWAP order created: $1,250 in 4 chunks of $312 every 6 blocks
2026-07-04 07:28:43,677 | INFO     | keeper.strategy      | TWAP chunk 1/4: $312 (progress: 25%)
2026-07-04 07:29:18,997 | INFO     | keeper.strategy      | TWAP chunk 2/4: $312 (progress: 50%)
2026-07-04 07:30:03,588 | INFO     | keeper.strategy      | TWAP chunk 3/4: $312 (progress: 75%)
2026-07-04 07:30:36,348 | INFO     | keeper.strategy      | TWAP chunk 4/4: $1,250 (progress: 100%)
2026-07-04 07:31:19,679 | INFO     | keeper.strategy      | TWAP order complete: avg price $0.0000
2026-07-04 07:31:19,679 | INFO     | keeper.strategy      | TWAP order created: $1,250 in 4 chunks of $312 every 6 blocks
2026-07-04 07:31:53,060 | INFO     | keeper.strategy      | TWAP chunk 1/4: $312 (progress: 25%)
2026-07-04 07:32:27,081 | INFO     | keeper.strategy      | TWAP chunk 2/4: $312 (progress: 50%)
2026-07-04 07:33:14,122 | INFO     | keeper.strategy      | TWAP chunk 3/4: $312 (progress: 75%)
2026-07-04 07:33:46,892 | INFO     | keeper.strategy      | TWAP chunk 4/4: $1,250 (progress: 100%)
2026-07-04 07:34:24,112 | INFO     | keeper.strategy      | TWAP order complete: avg price $0.0000
2026-07-04 07:34:24,112 | INFO     | keeper.strategy      | TWAP order created: $1,250 in 4 chunks of $312 every 6 blocks
2026-07-04 07:34:59,522 | INFO     | keeper.strategy      | TWAP chunk 1/4: $312 (progress: 25%)
2026-07-04 07:35:43,863 | INFO     | keeper.strategy      | TWAP chunk 2/4: $312 (progress: 50%)
2026-07-04 07:36:17,064 | INFO     | keeper.strategy      | TWAP chunk 3/4: $312 (progress: 75%)
2026-07-04 07:37:03,864 | INFO     | keeper.strategy      | TWAP chunk 4/4: $1,250 (progress: 100%)
2026-07-04 07:37:37,225 | INFO     | keeper.strategy      | TWAP order complete: avg price $0.0000
2026-07-04 07:37:37,226 | INFO     | keeper.strategy      | TWAP order created: $1,250 in 4 chunks of $312 every 6 blocks
2026-07-04 07:38:22,636 | INFO     | keeper.strategy      | TWAP chunk 1/4: $312 (progress: 25%)
2026-07-04 07:38:55,825 | INFO     | keeper.strategy      | TWAP chunk 2/4: $312 (progress: 50%)
2026-07-04 07:39:43,646 | INFO     | keeper.strategy      | TWAP chunk 3/4: $312 (progress: 75%)
2026-07-04 07:40:16,347 | INFO     | keeper.strategy      | TWAP chunk 4/4: $1,250 (progress: 100%)
2026-07-04 07:41:03,868 | INFO     | keeper.strategy      | TWAP order complete: avg price $0.0000
2026-07-04 07:41:03,868 | INFO     | keeper.strategy      | TWAP order created: $1,250 in 4 chunks of $312 every 6 blocks
2026-07-04 07:41:47,678 | INFO     | keeper.strategy      | TWAP chunk 1/4: $312 (progress: 25%)
2026-07-04 07:42:32,668 | INFO     | keeper.strategy      | TWAP chunk 2/4: $312 (progress: 50%)
2026-07-04 07:43:05,909 | INFO     | keeper.strategy      | TWAP chunk 3/4: $312 (progress: 75%)
2026-07-04 07:43:47,900 | INFO     | keeper.strategy      | TWAP chunk 4/4: $1,250 (progress: 100%)
2026-07-04 07:44:34,270 | INFO     | keeper.strategy      | TWAP order complete: avg price $0.0000
2026-07-04 07:44:34,271 | INFO     | keeper.strategy      | TWAP order created: $1,250 in 4 chunks of $312 every 6 blocks
2026-07-04 07:45:09,611 | INFO     | keeper.strategy      | TWAP chunk 1/4: $312 (progress: 25%)
2026-07-04 07:45:54,072 | INFO     | keeper.strategy      | TWAP chunk 2/4: $312 (progress: 50%)
2026-07-04 07:46:26,982 | INFO     | keeper.strategy      | TWAP chunk 3/4: $312 (progress: 75%)
2026-07-04 07:47:09,382 | INFO     | keeper.strategy      | TWAP chunk 4/4: $1,250 (progress: 100%)
2026-07-04 07:47:42,763 | INFO     | keeper.strategy      | TWAP order complete: avg price $0.0000
2026-07-04 07:47:42,763 | INFO     | keeper.strategy      | TWAP order created: $1,250 in 4 chunks of $312 every 6 blocks
2026-07-04 07:48:16,374 | INFO     | keeper.strategy      | TWAP chunk 1/4: $312 (progress: 25%)
2026-07-04 07:49:03,084 | INFO     | keeper.strategy      | TWAP chunk 2/4: $312 (progress: 50%)
2026-07-04 07:49:44,115 | INFO     | keeper.strategy      | TWAP chunk 3/4: $312 (progress: 75%)
2026-07-04 07:50:20,475 | INFO     | keeper.strategy      | TWAP chunk 4/4: $1,250 (progress: 100%)
2026-07-04 07:51:04,885 | INFO     | keeper.strategy      | TWAP order complete: avg price $0.0000
2026-07-04 07:51:04,885 | INFO     | keeper.strategy      | TWAP order created: $1,250 in 4 chunks of $312 every 6 blocks
2026-07-04 07:51:54,286 | INFO     | keeper.strategy      | TWAP chunk 1/4: $312 (progress: 25%)
2026-07-04 07:52:27,006 | INFO     | keeper.strategy      | TWAP chunk 2/4: $312 (progress: 50%)
2026-07-04 07:52:59,607 | INFO     | keeper.strategy      | TWAP chunk 3/4: $312 (progress: 75%)
2026-07-04 07:53:43,737 | INFO     | keeper.strategy      | TWAP chunk 4/4: $1,250 (progress: 100%)
2026-07-04 07:54:16,388 | INFO     | keeper.strategy      | TWAP order complete: avg price $0.0000
2026-07-04 07:54:16,388 | INFO     | keeper.strategy      | TWAP order created: $1,250 in 4 chunks of $312 every 6 blocks
2026-07-04 07:55:02,748 | INFO     | keeper.strategy      | TWAP chunk 1/4: $312 (progress: 25%)
2026-07-04 07:55:44,789 | INFO     | keeper.strategy      | TWAP chunk 2/4: $312 (progress: 50%)
2026-07-04 07:56:21,019 | INFO     | keeper.strategy      | TWAP chunk 3/4: $312 (progress: 75%)
2026-07-04 07:57:04,990 | INFO     | keeper.strategy      | TWAP chunk 4/4: $1,250 (progress: 100%)
2026-07-04 07:57:37,720 | INFO     | keeper.strategy      | TWAP order complete: avg price $0.0000
2026-07-04 07:57:37,721 | INFO     | keeper.strategy      | TWAP order created: $1,250 in 4 chunks of $312 every 6 blocks
2026-07-04 07:58:21,730 | INFO     | keeper.strategy      | TWAP chunk 1/4: $312 (progress: 25%)
2026-07-04 07:58:54,511 | INFO     | keeper.strategy      | TWAP chunk 2/4: $312 (progress: 50%)
2026-07-04 07:59:39,291 | INFO     | keeper.strategy      | TWAP chunk 3/4: $312 (progress: 75%)
2026-07-04 08:00:22,551 | INFO     | keeper.strategy      | TWAP chunk 4/4: $1,250 (progress: 100%)
2026-07-04 08:00:56,483 | INFO     | keeper.strategy      | TWAP order complete: avg price $0.0000
2026-07-04 08:00:56,483 | INFO     | keeper.strategy      | TWAP order created: $1,250 in 4 chunks of $312 every 6 blocks
2026-07-04 08:01:43,803 | INFO     | keeper.strategy      | TWAP chunk 1/4: $312 (progress: 25%)
2026-07-04 08:02:20,224 | INFO     | keeper.strategy      | TWAP chunk 2/4: $312 (progress: 50%)
2026-07-04 08:03:03,394 | INFO     | keeper.strategy      | TWAP chunk 3/4: $312 (progress: 75%)
2026-07-04 08:03:36,514 | INFO     | keeper.strategy      | TWAP chunk 4/4: $1,250 (progress: 100%)
2026-07-04 08:04:22,885 | INFO     | keeper.strategy      | TWAP order complete: avg price $0.0000
2026-07-04 08:04:22,885 | INFO     | keeper.strategy      | TWAP order created: $1,250 in 4 chunks of $312 every 6 blocks
2026-07-04 08:05:08,637 | INFO     | keeper.strategy      | TWAP chunk 1/4: $312 (progress: 25%)
2026-07-04 08:05:54,791 | INFO     | keeper.strategy      | TWAP chunk 2/4: $312 (progress: 50%)
2026-07-04 08:06:30,166 | INFO     | keeper.strategy      | TWAP chunk 3/4: $312 (progress: 75%)
2026-07-04 08:07:16,547 | INFO     | keeper.strategy      | TWAP chunk 4/4: $1,250 (progress: 100%)
2026-07-04 08:07:59,808 | INFO     | keeper.strategy      | TWAP order complete: avg price $0.0000
2026-07-04 08:07:59,808 | INFO     | keeper.strategy      | TWAP order created: $1,250 in 4 chunks of $312 every 6 blocks
2026-07-04 08:08:32,508 | INFO     | keeper.strategy      | TWAP chunk 1/4: $312 (progress: 25%)
2026-07-04 08:09:05,148 | INFO     | keeper.strategy      | TWAP chunk 2/4: $312 (progress: 50%)
2026-07-04 08:09:48,449 | INFO     | keeper.strategy      | TWAP chunk 3/4: $312 (progress: 75%)
2026-07-04 08:10:22,830 | INFO     | keeper.strategy      | TWAP chunk 4/4: $1,250 (progress: 100%)
2026-07-04 08:11:03,820 | INFO     | keeper.strategy      | TWAP order complete: avg price $0.0000
2026-07-04 08:11:03,820 | INFO     | keeper.strategy      | TWAP order created: $1,250 in 4 chunks of $312 every 6 blocks
2026-07-04 08:11:36,861 | INFO     | keeper.strategy      | TWAP chunk 1/4: $312 (progress: 25%)
2026-07-04 08:12:18,462 | INFO     | keeper.strategy      | TWAP chunk 2/4: $312 (progress: 50%)
2026-07-04 08:12:52,841 | INFO     | keeper.strategy      | TWAP chunk 3/4: $312 (progress: 75%)
2026-07-04 08:13:37,092 | INFO     | keeper.strategy      | TWAP chunk 4/4: $1,250 (progress: 100%)
2026-07-04 08:14:22,553 | INFO     | keeper.strategy      | TWAP order complete: avg price $0.0000
2026-07-04 08:14:22,553 | INFO     | keeper.strategy      | TWAP order created: $1,250 in 4 chunks of $312 every 6 blocks
2026-07-04 08:14:55,234 | INFO     | keeper.strategy      | TWAP chunk 1/4: $312 (progress: 25%)
2026-07-04 08:15:37,424 | INFO     | keeper.strategy      | TWAP chunk 2/4: $312 (progress: 50%)
2026-07-04 08:16:13,844 | INFO     | keeper.strategy      | TWAP chunk 3/4: $312 (progress: 75%)
2026-07-04 08:16:59,405 | INFO     | keeper.strategy      | TWAP chunk 4/4: $1,250 (progress: 100%)
2026-07-04 08:17:43,175 | INFO     | keeper.strategy      | TWAP order complete: avg price $0.0000
2026-07-04 08:17:43,175 | INFO     | keeper.strategy      | TWAP order created: $1,250 in 4 chunks of $312 every 6 blocks
2026-07-04 08:18:15,886 | INFO     | keeper.strategy      | TWAP chunk 1/4: $312 (progress: 25%)
2026-07-04 08:19:01,206 | INFO     | keeper.strategy      | TWAP chunk 2/4: $312 (progress: 50%)
2026-07-04 08:19:34,727 | INFO     | keeper.strategy      | TWAP chunk 3/4: $312 (progress: 75%)
2026-07-04 08:20:17,538 | INFO     | keeper.strategy      | TWAP chunk 4/4: $1,250 (progress: 100%)
2026-07-04 08:21:03,638 | INFO     | keeper.strategy      | TWAP order complete: avg price $0.0000
2026-07-04 08:21:03,638 | INFO     | keeper.strategy      | TWAP order created: $1,250 in 4 chunks of $312 every 6 blocks
2026-07-04 08:21:39,058 | INFO     | keeper.strategy      | TWAP chunk 1/4: $312 (progress: 25%)
2026-07-04 08:22:22,699 | INFO     | keeper.strategy      | TWAP chunk 2/4: $312 (progress: 50%)
2026-07-04 08:22:55,739 | INFO     | keeper.strategy      | TWAP chunk 3/4: $312 (progress: 75%)
2026-07-04 08:23:39,641 | INFO     | keeper.strategy      | TWAP chunk 4/4: $1,250 (progress: 100%)
2026-07-04 08:24:22,959 | INFO     | keeper.strategy      | TWAP order complete: avg price $0.0000
2026-07-04 08:24:22,960 | INFO     | keeper.strategy      | TWAP order created: $1,250 in 4 chunks of $312 every 6 blocks
2026-07-04 08:24:59,432 | INFO     | keeper.strategy      | TWAP chunk 1/4: $312 (progress: 25%)
2026-07-04 08:25:42,531 | INFO     | keeper.strategy      | TWAP chunk 2/4: $312 (progress: 50%)
2026-07-04 08:26:23,972 | INFO     | keeper.strategy      | TWAP chunk 3/4: $312 (progress: 75%)
2026-07-04 08:26:59,291 | INFO     | keeper.strategy      | TWAP chunk 4/4: $1,250 (progress: 100%)
2026-07-04 08:27:43,202 | INFO     | keeper.strategy      | TWAP order complete: avg price $0.0000
2026-07-04 08:27:43,202 | INFO     | keeper.strategy      | TWAP order created: $1,250 in 4 chunks of $312 every 6 blocks
2026-07-04 08:28:24,282 | INFO     | keeper.strategy      | TWAP chunk 1/4: $312 (progress: 25%)
2026-07-04 08:28:59,692 | INFO     | keeper.strategy      | TWAP chunk 2/4: $312 (progress: 50%)
2026-07-04 08:29:43,672 | INFO     | keeper.strategy      | TWAP chunk 3/4: $312 (progress: 75%)
2026-07-04 08:30:17,372 | INFO     | keeper.strategy      | TWAP chunk 4/4: $1,250 (progress: 100%)
2026-07-04 08:31:03,282 | INFO     | keeper.strategy      | TWAP order complete: avg price $0.0000
2026-07-04 08:31:03,283 | INFO     | keeper.strategy      | TWAP order created: $1,250 in 4 chunks of $312 every 6 blocks
2026-07-04 08:31:48,983 | INFO     | keeper.strategy      | TWAP chunk 1/4: $312 (progress: 25%)
2026-07-04 08:32:22,434 | INFO     | keeper.strategy      | TWAP chunk 2/4: $312 (progress: 50%)
2026-07-04 08:32:55,144 | INFO     | keeper.strategy      | TWAP chunk 3/4: $312 (progress: 75%)
2026-07-04 08:33:43,784 | INFO     | keeper.strategy      | TWAP chunk 4/4: $1,250 (progress: 100%)
2026-07-04 08:34:16,454 | INFO     | keeper.strategy      | TWAP order complete: avg price $0.0000
2026-07-04 08:34:16,455 | INFO     | keeper.strategy      | TWAP order created: $1,250 in 4 chunks of $312 every 6 blocks
2026-07-04 08:34:57,065 | INFO     | keeper.strategy      | TWAP chunk 1/4: $312 (progress: 25%)
2026-07-04 08:35:32,605 | INFO     | keeper.strategy      | TWAP chunk 2/4: $312 (progress: 50%)
2026-07-04 08:36:18,215 | INFO     | keeper.strategy      | TWAP chunk 3/4: $312 (progress: 75%)
2026-07-04 08:36:53,273 | INFO     | keeper.strategy      | TWAP chunk 4/4: $1,250 (progress: 100%)
2026-07-04 08:37:27,275 | INFO     | keeper.strategy      | TWAP order complete: avg price $0.0000
2026-07-04 08:37:27,275 | INFO     | keeper.strategy      | TWAP order created: $1,250 in 4 chunks of $312 every 6 blocks
2026-07-04 08:38:13,057 | INFO     | keeper.strategy      | TWAP chunk 1/4: $312 (progress: 25%)
2026-07-04 08:38:46,016 | INFO     | keeper.strategy      | TWAP chunk 2/4: $312 (progress: 50%)
2026-07-04 08:39:32,648 | INFO     | keeper.strategy      | TWAP chunk 3/4: $312 (progress: 75%)
2026-07-04 08:40:18,059 | INFO     | keeper.strategy      | TWAP chunk 4/4: $1,250 (progress: 100%)
2026-07-04 08:40:53,648 | INFO     | keeper.strategy      | TWAP order complete: avg price $0.0000
2026-07-04 08:40:53,649 | INFO     | keeper.strategy      | TWAP order created: $1,250 in 4 chunks of $312 every 6 blocks
2026-07-04 08:41:38,909 | INFO     | keeper.strategy      | TWAP chunk 1/4: $312 (progress: 25%)
2026-07-04 08:42:22,609 | INFO     | keeper.strategy      | TWAP chunk 2/4: $312 (progress: 50%)
2026-07-04 08:42:55,640 | INFO     | keeper.strategy      | TWAP chunk 3/4: $312 (progress: 75%)
2026-07-04 08:43:40,990 | INFO     | keeper.strategy      | TWAP chunk 4/4: $1,250 (progress: 100%)
2026-07-04 08:44:14,330 | INFO     | keeper.strategy      | TWAP order complete: avg price $0.0000
2026-07-04 08:44:14,330 | INFO     | keeper.strategy      | TWAP order created: $1,250 in 4 chunks of $312 every 6 blocks
2026-07-04 08:44:46,980 | INFO     | keeper.strategy      | TWAP chunk 1/4: $312 (progress: 25%)
2026-07-04 08:45:33,252 | INFO     | keeper.strategy      | TWAP chunk 2/4: $312 (progress: 50%)
2026-07-04 08:46:16,973 | INFO     | keeper.strategy      | TWAP chunk 3/4: $312 (progress: 75%)
2026-07-04 08:46:49,621 | INFO     | keeper.strategy      | TWAP chunk 4/4: $1,250 (progress: 100%)
2026-07-04 08:47:33,312 | INFO     | keeper.strategy      | TWAP order complete: avg price $0.0000
2026-07-04 08:47:33,313 | INFO     | keeper.strategy      | TWAP order created: $1,250 in 4 chunks of $312 every 6 blocks
2026-07-04 08:48:06,084 | INFO     | keeper.strategy      | TWAP chunk 1/4: $312 (progress: 25%)
2026-07-04 08:48:52,774 | INFO     | keeper.strategy      | TWAP chunk 2/4: $312 (progress: 50%)
2026-07-04 08:49:37,144 | INFO     | keeper.strategy      | TWAP chunk 3/4: $312 (progress: 75%)
2026-07-04 08:50:21,834 | INFO     | keeper.strategy      | TWAP chunk 4/4: $1,250 (progress: 100%)
2026-07-04 08:50:55,305 | INFO     | keeper.strategy      | TWAP order complete: avg price $0.0000
2026-07-04 08:50:55,305 | INFO     | keeper.strategy      | TWAP order created: $1,250 in 4 chunks of $312 every 6 blocks
2026-07-04 08:51:40,846 | INFO     | keeper.strategy      | TWAP chunk 1/4: $312 (progress: 25%)
2026-07-04 08:52:14,296 | INFO     | keeper.strategy      | TWAP chunk 2/4: $312 (progress: 50%)
2026-07-04 08:52:47,797 | INFO     | keeper.strategy      | TWAP chunk 3/4: $312 (progress: 75%)
2026-07-04 08:53:31,996 | INFO     | keeper.strategy      | TWAP chunk 4/4: $1,250 (progress: 100%)
2026-07-04 08:54:04,646 | INFO     | keeper.strategy      | TWAP order complete: avg price $0.0000
2026-07-04 08:54:04,646 | INFO     | keeper.strategy      | TWAP order created: $1,250 in 4 chunks of $312 every 6 blocks
2026-07-04 08:54:37,327 | INFO     | keeper.strategy      | TWAP chunk 1/4: $312 (progress: 25%)
2026-07-04 08:55:23,908 | INFO     | keeper.strategy      | TWAP chunk 2/4: $312 (progress: 50%)
2026-07-04 08:56:03,859 | INFO     | keeper.strategy      | TWAP chunk 3/4: $312 (progress: 75%)
2026-07-04 08:56:39,270 | INFO     | keeper.strategy      | TWAP chunk 4/4: $1,250 (progress: 100%)
2026-07-04 08:57:24,259 | INFO     | keeper.strategy      | TWAP order complete: avg price $0.0000
2026-07-04 08:57:24,259 | INFO     | keeper.strategy      | TWAP order created: $1,250 in 4 chunks of $312 every 6 blocks
2026-07-04 08:58:11,749 | INFO     | keeper.strategy      | TWAP chunk 1/4: $312 (progress: 25%)
2026-07-04 08:58:44,410 | INFO     | keeper.strategy      | TWAP chunk 2/4: $312 (progress: 50%)
2026-07-04 08:59:17,731 | INFO     | keeper.strategy      | TWAP chunk 3/4: $312 (progress: 75%)
2026-07-04 09:00:03,050 | INFO     | keeper.strategy      | TWAP chunk 4/4: $1,250 (progress: 100%)
2026-07-04 09:00:35,860 | INFO     | keeper.strategy      | TWAP order complete: avg price $0.0000
2026-07-04 09:00:35,861 | INFO     | keeper.strategy      | TWAP order created: $1,250 in 4 chunks of $312 every 6 blocks
2026-07-04 09:01:23,710 | INFO     | keeper.strategy      | TWAP chunk 1/4: $312 (progress: 25%)
2026-07-04 09:02:10,251 | INFO     | keeper.strategy      | TWAP chunk 2/4: $312 (progress: 50%)
2026-07-04 09:02:43,230 | INFO     | keeper.strategy      | TWAP chunk 3/4: $312 (progress: 75%)
2026-07-04 09:03:16,330 | INFO     | keeper.strategy      | TWAP chunk 4/4: $1,250 (progress: 100%)
2026-07-04 09:04:03,231 | INFO     | keeper.strategy      | TWAP order complete: avg price $0.0000
2026-07-04 09:04:03,231 | INFO     | keeper.strategy      | TWAP order created: $1,250 in 4 chunks of $312 every 6 blocks
2026-07-04 09:04:44,150 | INFO     | keeper.strategy      | TWAP chunk 1/4: $312 (progress: 25%)
2026-07-04 09:05:19,390 | INFO     | keeper.strategy      | TWAP chunk 2/4: $312 (progress: 50%)
2026-07-04 09:06:03,510 | INFO     | keeper.strategy      | TWAP chunk 3/4: $312 (progress: 75%)
2026-07-04 09:06:47,291 | INFO     | keeper.strategy      | TWAP chunk 4/4: $1,250 (progress: 100%)
2026-07-04 09:07:31,821 | INFO     | keeper.strategy      | TWAP order complete: avg price $0.0000
2026-07-04 09:07:31,821 | INFO     | keeper.strategy      | TWAP order created: $1,250 in 4 chunks of $312 every 6 blocks
2026-07-04 09:08:05,072 | INFO     | keeper.strategy      | TWAP chunk 1/4: $312 (progress: 25%)
2026-07-04 09:08:47,811 | INFO     | keeper.strategy      | TWAP chunk 2/4: $312 (progress: 50%)
2026-07-04 09:09:23,361 | INFO     | keeper.strategy      | TWAP chunk 3/4: $312 (progress: 75%)
2026-07-04 09:10:08,871 | INFO     | keeper.strategy      | TWAP chunk 4/4: $1,250 (progress: 100%)
2026-07-04 09:10:53,142 | INFO     | keeper.strategy      | TWAP order complete: avg price $0.0000
2026-07-04 09:10:53,142 | INFO     | keeper.strategy      | TWAP order created: $1,250 in 4 chunks of $312 every 6 blocks
2026-07-04 09:11:26,222 | INFO     | keeper.strategy      | TWAP chunk 1/4: $312 (progress: 25%)
2026-07-04 09:12:07,982 | INFO     | keeper.strategy      | TWAP chunk 2/4: $312 (progress: 50%)
2026-07-04 09:12:43,542 | INFO     | keeper.strategy      | TWAP chunk 3/4: $312 (progress: 75%)
2026-07-04 09:13:25,653 | INFO     | keeper.strategy      | TWAP chunk 4/4: $1,250 (progress: 100%)
2026-07-04 09:14:11,855 | INFO     | keeper.strategy      | TWAP order complete: avg price $0.0000
2026-07-04 09:14:11,855 | INFO     | keeper.strategy      | TWAP order created: $1,250 in 4 chunks of $312 every 6 blocks
2026-07-04 09:14:44,723 | INFO     | keeper.strategy      | TWAP chunk 1/4: $312 (progress: 25%)
2026-07-04 09:15:29,243 | INFO     | keeper.strategy      | TWAP chunk 2/4: $312 (progress: 50%)
2026-07-04 09:16:02,814 | INFO     | keeper.strategy      | TWAP chunk 3/4: $312 (progress: 75%)
2026-07-04 09:16:47,484 | INFO     | keeper.strategy      | TWAP chunk 4/4: $1,250 (progress: 100%)
2026-07-04 09:17:32,684 | INFO     | keeper.strategy      | TWAP order complete: avg price $0.0000
2026-07-04 09:17:32,684 | INFO     | keeper.strategy      | TWAP order created: $1,250 in 4 chunks of $312 every 6 blocks
2026-07-04 09:18:05,365 | INFO     | keeper.strategy      | TWAP chunk 1/4: $312 (progress: 25%)
2026-07-04 09:18:47,525 | INFO     | keeper.strategy      | TWAP chunk 2/4: $312 (progress: 50%)
2026-07-04 09:19:23,395 | INFO     | keeper.strategy      | TWAP chunk 3/4: $312 (progress: 75%)
2026-07-04 09:20:09,287 | INFO     | keeper.strategy      | TWAP chunk 4/4: $1,250 (progress: 100%)
2026-07-04 09:20:53,565 | INFO     | keeper.strategy      | TWAP order complete: avg price $0.0000
2026-07-04 09:20:53,566 | INFO     | keeper.strategy      | TWAP order created: $1,250 in 4 chunks of $312 every 6 blocks
2026-07-04 09:21:29,307 | INFO     | keeper.strategy      | TWAP chunk 1/4: $312 (progress: 25%)
2026-07-04 09:22:12,857 | INFO     | keeper.strategy      | TWAP chunk 2/4: $312 (progress: 50%)
2026-07-04 09:22:53,897 | INFO     | keeper.strategy      | TWAP chunk 3/4: $312 (progress: 75%)
2026-07-04 09:23:29,287 | INFO     | keeper.strategy      | TWAP chunk 4/4: $1,250 (progress: 100%)
2026-07-04 09:24:12,477 | INFO     | keeper.strategy      | TWAP order complete: avg price $0.0000
2026-07-04 09:24:12,478 | INFO     | keeper.strategy      | TWAP order created: $1,250 in 4 chunks of $312 every 6 blocks
2026-07-04 09:24:53,370 | INFO     | keeper.strategy      | TWAP chunk 1/4: $312 (progress: 25%)
2026-07-04 09:25:28,669 | INFO     | keeper.strategy      | TWAP chunk 2/4: $312 (progress: 50%)
2026-07-04 09:26:11,903 | INFO     | keeper.strategy      | TWAP chunk 3/4: $312 (progress: 75%)
2026-07-04 09:26:44,609 | INFO     | keeper.strategy      | TWAP chunk 4/4: $1,250 (progress: 100%)
2026-07-04 09:27:24,350 | INFO     | keeper.strategy      | TWAP order complete: avg price $0.0000
2026-07-04 09:27:24,350 | INFO     | keeper.strategy      | TWAP order created: $1,250 in 4 chunks of $312 every 6 blocks
2026-07-04 09:28:00,370 | INFO     | keeper.strategy      | TWAP chunk 1/4: $312 (progress: 25%)
2026-07-04 09:28:45,209 | INFO     | keeper.strategy      | TWAP chunk 2/4: $312 (progress: 50%)
2026-07-04 09:29:31,341 | INFO     | keeper.strategy      | TWAP chunk 3/4: $312 (progress: 75%)
2026-07-04 09:30:03,991 | INFO     | keeper.strategy      | TWAP chunk 4/4: $1,250 (progress: 100%)
2026-07-04 09:30:48,122 | INFO     | keeper.strategy      | TWAP order complete: avg price $0.0000
2026-07-04 09:30:48,122 | INFO     | keeper.strategy      | TWAP order created: $1,250 in 4 chunks of $312 every 6 blocks
2026-07-04 09:31:32,642 | INFO     | keeper.strategy      | TWAP chunk 1/4: $312 (progress: 25%)
2026-07-04 09:32:08,632 | INFO     | keeper.strategy      | TWAP chunk 2/4: $312 (progress: 50%)
2026-07-04 09:32:52,782 | INFO     | keeper.strategy      | TWAP chunk 3/4: $312 (progress: 75%)
2026-07-04 09:33:25,533 | INFO     | keeper.strategy      | TWAP chunk 4/4: $1,250 (progress: 100%)
2026-07-04 09:34:08,614 | INFO     | keeper.strategy      | TWAP order complete: avg price $0.0000
2026-07-04 09:34:08,614 | INFO     | keeper.strategy      | TWAP order created: $1,250 in 4 chunks of $312 every 6 blocks
2026-07-04 09:34:53,174 | INFO     | keeper.strategy      | TWAP chunk 1/4: $312 (progress: 25%)
2026-07-04 09:35:28,635 | INFO     | keeper.strategy      | TWAP chunk 2/4: $312 (progress: 50%)
2026-07-04 09:36:12,625 | INFO     | keeper.strategy      | TWAP chunk 3/4: $312 (progress: 75%)
2026-07-04 09:36:45,785 | INFO     | keeper.strategy      | TWAP chunk 4/4: $1,250 (progress: 100%)
2026-07-04 09:37:34,345 | INFO     | keeper.strategy      | TWAP order complete: avg price $0.0000
2026-07-04 09:37:34,346 | INFO     | keeper.strategy      | TWAP order created: $1,250 in 4 chunks of $312 every 6 blocks
2026-07-04 09:38:17,986 | INFO     | keeper.strategy      | TWAP chunk 1/4: $312 (progress: 25%)
2026-07-04 09:39:02,677 | INFO     | keeper.strategy      | TWAP chunk 2/4: $312 (progress: 50%)
2026-07-04 09:39:35,294 | INFO     | keeper.strategy      | TWAP chunk 3/4: $312 (progress: 75%)
2026-07-04 09:40:17,587 | INFO     | keeper.strategy      | TWAP chunk 4/4: $1,250 (progress: 100%)
2026-07-04 09:40:54,377 | INFO     | keeper.strategy      | TWAP order complete: avg price $0.0000
2026-07-04 09:40:54,377 | INFO     | keeper.strategy      | TWAP order created: $1,250 in 4 chunks of $312 every 6 blocks
2026-07-04 09:41:27,568 | INFO     | keeper.strategy      | TWAP chunk 1/4: $312 (progress: 25%)
2026-07-04 09:42:13,418 | INFO     | keeper.strategy      | TWAP chunk 2/4: $312 (progress: 50%)
2026-07-04 09:42:54,449 | INFO     | keeper.strategy      | TWAP chunk 3/4: $312 (progress: 75%)
2026-07-04 09:43:41,959 | INFO     | keeper.strategy      | TWAP chunk 4/4: $1,250 (progress: 100%)
2026-07-04 09:44:15,959 | INFO     | keeper.strategy      | TWAP order complete: avg price $0.0000
2026-07-04 09:44:15,960 | INFO     | keeper.strategy      | TWAP order created: $1,250 in 4 chunks of $312 every 6 blocks
2026-07-04 09:45:02,960 | INFO     | keeper.strategy      | TWAP chunk 1/4: $312 (progress: 25%)
2026-07-04 09:45:36,590 | INFO     | keeper.strategy      | TWAP chunk 2/4: $312 (progress: 50%)
2026-07-04 09:46:21,710 | INFO     | keeper.strategy      | TWAP chunk 3/4: $312 (progress: 75%)
2026-07-04 09:47:04,041 | INFO     | keeper.strategy      | TWAP chunk 4/4: $1,250 (progress: 100%)
2026-07-04 09:47:39,831 | INFO     | keeper.strategy      | TWAP order complete: avg price $0.0000
2026-07-04 09:47:39,832 | INFO     | keeper.strategy      | TWAP order created: $1,250 in 4 chunks of $312 every 6 blocks
2026-07-04 09:48:24,131 | INFO     | keeper.strategy      | TWAP chunk 1/4: $312 (progress: 25%)
2026-07-04 09:49:08,342 | INFO     | keeper.strategy      | TWAP chunk 2/4: $312 (progress: 50%)
2026-07-04 09:49:51,693 | INFO     | keeper.strategy      | TWAP chunk 3/4: $312 (progress: 75%)
2026-07-04 09:50:24,383 | INFO     | keeper.strategy      | TWAP chunk 4/4: $1,250 (progress: 100%)
2026-07-04 09:50:57,483 | INFO     | keeper.strategy      | TWAP order complete: avg price $0.0000
2026-07-04 09:50:57,483 | INFO     | keeper.strategy      | TWAP order created: $1,250 in 4 chunks of $312 every 6 blocks
2026-07-04 09:51:43,064 | INFO     | keeper.strategy      | TWAP chunk 1/4: $312 (progress: 25%)
2026-07-04 09:52:29,974 | INFO     | keeper.strategy      | TWAP chunk 2/4: $312 (progress: 50%)
2026-07-04 09:53:02,685 | INFO     | keeper.strategy      | TWAP chunk 3/4: $312 (progress: 75%)
2026-07-04 09:53:35,555 | INFO     | keeper.strategy      | TWAP chunk 4/4: $1,250 (progress: 100%)
2026-07-04 09:54:19,735 | INFO     | keeper.strategy      | TWAP order complete: avg price $0.0000
2026-07-04 09:54:19,735 | INFO     | keeper.strategy      | TWAP order created: $1,250 in 4 chunks of $312 every 6 blocks
2026-07-04 09:54:54,046 | INFO     | keeper.strategy      | TWAP chunk 1/4: $312 (progress: 25%)
2026-07-04 09:55:27,346 | INFO     | keeper.strategy      | TWAP chunk 2/4: $312 (progress: 50%)
2026-07-04 09:56:14,815 | INFO     | keeper.strategy      | TWAP chunk 3/4: $312 (progress: 75%)
2026-07-04 09:56:57,527 | INFO     | keeper.strategy      | TWAP chunk 4/4: $1,250 (progress: 100%)
2026-07-04 09:57:43,547 | INFO     | keeper.strategy      | TWAP order complete: avg price $0.0000
2026-07-04 09:57:43,547 | INFO     | keeper.strategy      | TWAP order created: $1,250 in 4 chunks of $312 every 6 blocks
2026-07-04 09:58:19,458 | INFO     | keeper.strategy      | TWAP chunk 1/4: $312 (progress: 25%)
2026-07-04 09:59:05,688 | INFO     | keeper.strategy      | TWAP chunk 2/4: $312 (progress: 50%)
2026-07-04 09:59:38,598 | INFO     | keeper.strategy      | TWAP chunk 3/4: $312 (progress: 75%)
2026-07-04 10:00:24,010 | INFO     | keeper.strategy      | TWAP chunk 4/4: $1,250 (progress: 100%)
2026-07-04 10:00:56,789 | INFO     | keeper.strategy      | TWAP order complete: avg price $0.0000
2026-07-04 10:00:56,789 | INFO     | keeper.strategy      | TWAP order created: $1,250 in 4 chunks of $312 every 6 blocks
2026-07-04 10:01:43,460 | INFO     | keeper.strategy      | TWAP chunk 1/4: $312 (progress: 25%)
2026-07-04 10:02:25,800 | INFO     | keeper.strategy      | TWAP chunk 2/4: $312 (progress: 50%)
2026-07-04 10:03:12,200 | INFO     | keeper.strategy      | TWAP chunk 3/4: $312 (progress: 75%)
2026-07-04 10:03:45,621 | INFO     | keeper.strategy      | TWAP chunk 4/4: $1,250 (progress: 100%)
2026-07-04 10:04:31,368 | INFO     | keeper.strategy      | TWAP order complete: avg price $0.0000
2026-07-04 10:04:31,368 | INFO     | keeper.strategy      | TWAP order created: $1,250 in 4 chunks of $312 every 6 blocks
2026-07-04 10:05:04,241 | INFO     | keeper.strategy      | TWAP chunk 1/4: $312 (progress: 25%)
2026-07-04 10:05:49,202 | INFO     | keeper.strategy      | TWAP chunk 2/4: $312 (progress: 50%)
2026-07-04 10:06:23,072 | INFO     | keeper.strategy      | TWAP chunk 3/4: $312 (progress: 75%)
2026-07-04 10:06:56,272 | INFO     | keeper.strategy      | TWAP chunk 4/4: $1,250 (progress: 100%)
2026-07-04 10:07:43,083 | INFO     | keeper.strategy      | TWAP order complete: avg price $0.0000
2026-07-04 10:07:43,083 | INFO     | keeper.strategy      | TWAP order created: $1,250 in 4 chunks of $312 every 6 blocks
2026-07-04 10:08:24,093 | INFO     | keeper.strategy      | TWAP chunk 1/4: $312 (progress: 25%)
2026-07-04 10:08:59,543 | INFO     | keeper.strategy      | TWAP chunk 2/4: $312 (progress: 50%)
2026-07-04 10:09:43,424 | INFO     | keeper.strategy      | TWAP chunk 3/4: $312 (progress: 75%)
2026-07-04 10:10:24,035 | INFO     | keeper.strategy      | TWAP chunk 4/4: $1,250 (progress: 100%)
2026-07-04 10:10:59,355 | INFO     | keeper.strategy      | TWAP order complete: avg price $0.0000
2026-07-04 10:10:59,355 | INFO     | keeper.strategy      | TWAP order created: $1,250 in 4 chunks of $312 every 6 blocks
2026-07-04 10:11:43,836 | INFO     | keeper.strategy      | TWAP chunk 1/4: $312 (progress: 25%)
2026-07-04 10:12:16,586 | INFO     | keeper.strategy      | TWAP chunk 2/4: $312 (progress: 50%)
2026-07-04 10:13:03,436 | INFO     | keeper.strategy      | TWAP chunk 3/4: $312 (progress: 75%)
2026-07-04 10:13:47,496 | INFO     | keeper.strategy      | TWAP chunk 4/4: $1,250 (progress: 100%)
2026-07-04 10:14:23,016 | INFO     | keeper.strategy      | TWAP order complete: avg price $0.0000
2026-07-04 10:14:23,017 | INFO     | keeper.strategy      | TWAP order created: $1,250 in 4 chunks of $312 every 6 blocks
2026-07-04 10:15:06,277 | INFO     | keeper.strategy      | TWAP chunk 1/4: $312 (progress: 25%)
2026-07-04 10:15:53,418 | INFO     | keeper.strategy      | TWAP chunk 2/4: $312 (progress: 50%)
2026-07-04 10:16:26,547 | INFO     | keeper.strategy      | TWAP chunk 3/4: $312 (progress: 75%)
2026-07-04 10:17:12,689 | INFO     | keeper.strategy      | TWAP chunk 4/4: $1,250 (progress: 100%)
2026-07-04 10:17:46,249 | INFO     | keeper.strategy      | TWAP order complete: avg price $0.0000
2026-07-04 10:17:46,249 | INFO     | keeper.strategy      | TWAP order created: $1,250 in 4 chunks of $312 every 6 blocks
2026-07-04 10:18:32,649 | INFO     | keeper.strategy      | TWAP chunk 1/4: $312 (progress: 25%)
2026-07-04 10:19:06,090 | INFO     | keeper.strategy      | TWAP chunk 2/4: $312 (progress: 50%)
2026-07-04 10:19:52,500 | INFO     | keeper.strategy      | TWAP chunk 3/4: $312 (progress: 75%)
2026-07-04 10:20:25,680 | INFO     | keeper.strategy      | TWAP chunk 4/4: $1,250 (progress: 100%)
2026-07-04 10:21:12,742 | INFO     | keeper.strategy      | TWAP order complete: avg price $0.0000
2026-07-04 10:21:12,742 | INFO     | keeper.strategy      | TWAP order created: $1,250 in 4 chunks of $312 every 6 blocks
2026-07-04 10:21:53,981 | INFO     | keeper.strategy      | TWAP chunk 1/4: $312 (progress: 25%)
2026-07-04 10:22:30,461 | INFO     | keeper.strategy      | TWAP chunk 2/4: $312 (progress: 50%)
2026-07-04 10:23:14,692 | INFO     | keeper.strategy      | TWAP chunk 3/4: $312 (progress: 75%)
2026-07-04 10:24:01,762 | INFO     | keeper.strategy      | TWAP chunk 4/4: $1,250 (progress: 100%)
2026-07-04 10:24:34,453 | INFO     | keeper.strategy      | TWAP order complete: avg price $0.0000
2026-07-04 10:24:34,453 | INFO     | keeper.strategy      | TWAP order created: $1,250 in 4 chunks of $312 every 6 blocks
2026-07-04 10:25:07,134 | INFO     | keeper.strategy      | TWAP chunk 1/4: $312 (progress: 25%)
2026-07-04 10:25:52,763 | INFO     | keeper.strategy      | TWAP chunk 2/4: $312 (progress: 50%)
2026-07-04 10:26:26,304 | INFO     | keeper.strategy      | TWAP chunk 3/4: $312 (progress: 75%)
2026-07-04 10:27:12,804 | INFO     | keeper.strategy      | TWAP chunk 4/4: $1,250 (progress: 100%)
2026-07-04 10:27:46,129 | INFO     | keeper.strategy      | TWAP order complete: avg price $0.0000
2026-07-04 10:27:46,129 | INFO     | keeper.strategy      | TWAP order created: $1,250 in 4 chunks of $312 every 6 blocks
2026-07-04 10:28:32,415 | INFO     | keeper.strategy      | TWAP chunk 1/4: $312 (progress: 25%)
2026-07-04 10:29:18,516 | INFO     | keeper.strategy      | TWAP chunk 2/4: $312 (progress: 50%)
2026-07-04 10:29:52,910 | INFO     | keeper.strategy      | TWAP chunk 3/4: $312 (progress: 75%)
2026-07-04 10:30:39,670 | INFO     | keeper.strategy      | TWAP chunk 4/4: $1,250 (progress: 100%)
2026-07-04 10:31:22,746 | INFO     | keeper.strategy      | TWAP order complete: avg price $0.0000
2026-07-04 10:31:22,746 | INFO     | keeper.strategy      | TWAP order created: $1,250 in 4 chunks of $312 every 6 blocks
2026-07-04 10:31:58,716 | INFO     | keeper.strategy      | TWAP chunk 1/4: $312 (progress: 25%)
2026-07-04 10:32:43,337 | INFO     | keeper.strategy      | TWAP chunk 2/4: $312 (progress: 50%)
2026-07-04 10:33:16,408 | INFO     | keeper.strategy      | TWAP chunk 3/4: $312 (progress: 75%)
2026-07-04 10:33:57,380 | INFO     | keeper.strategy      | TWAP chunk 4/4: $1,250 (progress: 100%)
2026-07-04 10:34:33,348 | INFO     | keeper.strategy      | TWAP order complete: avg price $0.0000
2026-07-04 10:34:33,349 | INFO     | keeper.strategy      | TWAP order created: $1,250 in 4 chunks of $312 every 6 blocks
2026-07-04 10:35:22,449 | INFO     | keeper.strategy      | TWAP chunk 1/4: $312 (progress: 25%)
2026-07-04 10:36:03,970 | INFO     | keeper.strategy      | TWAP chunk 2/4: $312 (progress: 50%)
2026-07-04 10:36:39,310 | INFO     | keeper.strategy      | TWAP chunk 3/4: $312 (progress: 75%)
2026-07-04 10:37:22,850 | INFO     | keeper.strategy      | TWAP chunk 4/4: $1,250 (progress: 100%)
2026-07-04 10:38:09,370 | INFO     | keeper.strategy      | TWAP order complete: avg price $0.0000
2026-07-04 10:38:09,370 | INFO     | keeper.strategy      | TWAP order created: $1,250 in 4 chunks of $312 every 6 blocks
2026-07-04 10:38:52,423 | INFO     | keeper.strategy      | TWAP chunk 1/4: $312 (progress: 25%)
2026-07-04 10:39:25,142 | INFO     | keeper.strategy      | TWAP chunk 2/4: $312 (progress: 50%)
2026-07-04 10:40:11,812 | INFO     | keeper.strategy      | TWAP chunk 3/4: $312 (progress: 75%)
2026-07-04 10:40:44,581 | INFO     | keeper.strategy      | TWAP chunk 4/4: $1,250 (progress: 100%)
2026-07-04 10:41:18,033 | INFO     | keeper.strategy      | TWAP order complete: avg price $0.0000
2026-07-04 10:41:18,033 | INFO     | keeper.strategy      | TWAP order created: $1,250 in 4 chunks of $312 every 6 blocks
2026-07-04 10:42:03,373 | INFO     | keeper.strategy      | TWAP chunk 1/4: $312 (progress: 25%)
2026-07-04 10:42:36,393 | INFO     | keeper.strategy      | TWAP chunk 2/4: $312 (progress: 50%)
2026-07-04 10:43:24,435 | INFO     | keeper.strategy      | TWAP chunk 3/4: $312 (progress: 75%)
2026-07-04 10:43:57,055 | INFO     | keeper.strategy      | TWAP chunk 4/4: $1,250 (progress: 100%)
2026-07-04 10:44:42,169 | INFO     | keeper.strategy      | TWAP order complete: avg price $0.0000
2026-07-04 10:44:42,169 | INFO     | keeper.strategy      | TWAP order created: $1,250 in 4 chunks of $312 every 6 blocks
2026-07-04 10:45:27,796 | INFO     | keeper.strategy      | TWAP chunk 1/4: $312 (progress: 25%)
2026-07-04 10:46:13,177 | INFO     | keeper.strategy      | TWAP chunk 2/4: $312 (progress: 50%)
2026-07-04 10:46:58,478 | INFO     | keeper.strategy      | TWAP chunk 3/4: $312 (progress: 75%)
2026-07-04 10:47:32,869 | INFO     | keeper.strategy      | TWAP chunk 4/4: $1,250 (progress: 100%)
2026-07-04 10:48:17,279 | INFO     | keeper.strategy      | TWAP order complete: avg price $0.0000
2026-07-04 10:48:17,280 | INFO     | keeper.strategy      | TWAP order created: $1,250 in 4 chunks of $312 every 6 blocks
2026-07-04 10:48:53,010 | INFO     | keeper.strategy      | TWAP chunk 1/4: $312 (progress: 25%)
2026-07-04 10:49:42,461 | INFO     | keeper.strategy      | TWAP chunk 2/4: $312 (progress: 50%)
2026-07-04 10:50:29,893 | INFO     | keeper.strategy      | TWAP chunk 3/4: $312 (progress: 75%)
2026-07-04 10:51:03,682 | INFO     | keeper.strategy      | TWAP chunk 4/4: $1,250 (progress: 100%)
2026-07-04 10:51:36,512 | INFO     | keeper.strategy      | TWAP order complete: avg price $0.0000
2026-07-04 10:51:36,512 | INFO     | keeper.strategy      | TWAP order created: $1,250 in 4 chunks of $312 every 6 blocks
2026-07-04 10:52:24,083 | INFO     | keeper.strategy      | TWAP chunk 1/4: $312 (progress: 25%)
2026-07-04 10:52:57,074 | INFO     | keeper.strategy      | TWAP chunk 2/4: $312 (progress: 50%)
2026-07-04 10:53:42,254 | INFO     | keeper.strategy      | TWAP chunk 3/4: $312 (progress: 75%)
2026-07-04 10:54:15,245 | INFO     | keeper.strategy      | TWAP chunk 4/4: $1,250 (progress: 100%)
2026-07-04 10:55:00,905 | INFO     | keeper.strategy      | TWAP order complete: avg price $0.0000
2026-07-04 10:55:00,905 | INFO     | keeper.strategy      | TWAP order created: $1,250 in 4 chunks of $312 every 6 blocks
2026-07-04 10:55:34,276 | INFO     | keeper.strategy      | TWAP chunk 1/4: $312 (progress: 25%)
2026-07-04 10:56:14,216 | INFO     | keeper.strategy      | TWAP chunk 2/4: $312 (progress: 50%)
2026-07-04 10:56:49,717 | INFO     | keeper.strategy      | TWAP chunk 3/4: $312 (progress: 75%)
2026-07-04 10:57:32,216 | INFO     | keeper.strategy      | TWAP chunk 4/4: $1,250 (progress: 100%)
2026-07-04 10:58:04,868 | INFO     | keeper.strategy      | TWAP order complete: avg price $0.0000
2026-07-04 10:58:04,868 | INFO     | keeper.strategy      | TWAP order created: $1,250 in 4 chunks of $312 every 6 blocks
2026-07-04 10:58:47,088 | INFO     | keeper.strategy      | TWAP chunk 1/4: $312 (progress: 25%)
2026-07-04 10:59:23,138 | INFO     | keeper.strategy      | TWAP chunk 2/4: $312 (progress: 50%)
2026-07-04 11:00:08,479 | INFO     | keeper.strategy      | TWAP chunk 3/4: $312 (progress: 75%)
2026-07-04 11:00:51,679 | INFO     | keeper.strategy      | TWAP chunk 4/4: $1,250 (progress: 100%)
2026-07-04 11:01:24,390 | INFO     | keeper.strategy      | TWAP order complete: avg price $0.0000
2026-07-04 11:01:24,390 | INFO     | keeper.strategy      | TWAP order created: $1,250 in 4 chunks of $312 every 6 blocks
2026-07-04 11:01:57,080 | INFO     | keeper.strategy      | TWAP chunk 1/4: $312 (progress: 25%)
2026-07-04 11:02:43,691 | INFO     | keeper.strategy      | TWAP chunk 2/4: $312 (progress: 50%)
2026-07-04 11:03:27,421 | INFO     | keeper.strategy      | TWAP chunk 3/4: $312 (progress: 75%)
2026-07-04 11:04:12,012 | INFO     | keeper.strategy      | TWAP chunk 4/4: $1,250 (progress: 100%)
2026-07-04 11:04:45,092 | INFO     | keeper.strategy      | TWAP order complete: avg price $0.0000
2026-07-04 11:04:45,093 | INFO     | keeper.strategy      | TWAP order created: $1,250 in 4 chunks of $312 every 6 blocks
2026-07-04 11:05:17,792 | INFO     | keeper.strategy      | TWAP chunk 1/4: $312 (progress: 25%)
2026-07-04 11:06:02,431 | INFO     | keeper.strategy      | TWAP chunk 2/4: $312 (progress: 50%)
2026-07-04 11:06:45,134 | INFO     | keeper.strategy      | TWAP chunk 3/4: $312 (progress: 75%)
2026-07-04 11:07:31,224 | INFO     | keeper.strategy      | TWAP chunk 4/4: $1,250 (progress: 100%)
2026-07-04 11:08:04,015 | INFO     | keeper.strategy      | TWAP order complete: avg price $0.0000
2026-07-04 11:08:04,015 | INFO     | keeper.strategy      | TWAP order created: $1,250 in 4 chunks of $312 every 6 blocks
2026-07-04 11:08:47,335 | INFO     | keeper.strategy      | TWAP chunk 1/4: $312 (progress: 25%)
2026-07-04 11:09:22,905 | INFO     | keeper.strategy      | TWAP chunk 2/4: $312 (progress: 50%)
2026-07-04 11:10:08,766 | INFO     | keeper.strategy      | TWAP chunk 3/4: $312 (progress: 75%)
2026-07-04 11:10:50,018 | INFO     | keeper.strategy      | TWAP chunk 4/4: $1,250 (progress: 100%)
2026-07-04 11:11:23,126 | INFO     | keeper.strategy      | TWAP order complete: avg price $0.0000
2026-07-04 11:11:23,126 | INFO     | keeper.strategy      | TWAP order created: $1,250 in 4 chunks of $312 every 6 blocks
2026-07-04 11:11:55,997 | INFO     | keeper.strategy      | TWAP chunk 1/4: $312 (progress: 25%)
2026-07-04 11:12:38,006 | INFO     | keeper.strategy      | TWAP chunk 2/4: $312 (progress: 50%)
2026-07-04 11:13:13,098 | INFO     | keeper.strategy      | TWAP chunk 3/4: $312 (progress: 75%)
2026-07-04 11:13:59,748 | INFO     | keeper.strategy      | TWAP chunk 4/4: $1,250 (progress: 100%)
2026-07-04 11:14:42,639 | INFO     | keeper.strategy      | TWAP order complete: avg price $0.0000
2026-07-04 11:14:42,639 | INFO     | keeper.strategy      | TWAP order created: $1,250 in 4 chunks of $312 every 6 blocks
2026-07-04 11:15:18,978 | INFO     | keeper.strategy      | TWAP chunk 1/4: $312 (progress: 25%)
2026-07-04 11:16:03,491 | INFO     | keeper.strategy      | TWAP chunk 2/4: $312 (progress: 50%)
2026-07-04 11:16:36,201 | INFO     | keeper.strategy      | TWAP chunk 3/4: $312 (progress: 75%)
2026-07-04 11:17:22,890 | INFO     | keeper.strategy      | TWAP chunk 4/4: $1,250 (progress: 100%)
2026-07-04 11:18:07,312 | INFO     | keeper.strategy      | TWAP order complete: avg price $0.0000
2026-07-04 11:18:07,312 | INFO     | keeper.strategy      | TWAP order created: $1,250 in 4 chunks of $312 every 6 blocks
2026-07-04 11:18:52,360 | INFO     | keeper.strategy      | TWAP chunk 1/4: $312 (progress: 25%)
2026-07-04 11:19:25,880 | INFO     | keeper.strategy      | TWAP chunk 2/4: $312 (progress: 50%)
2026-07-04 11:20:15,706 | INFO     | keeper.strategy      | TWAP chunk 3/4: $312 (progress: 75%)
2026-07-04 11:20:48,770 | INFO     | keeper.strategy      | TWAP chunk 4/4: $1,250 (progress: 100%)
2026-07-04 11:21:31,898 | INFO     | keeper.strategy      | TWAP order complete: avg price $0.0000
2026-07-04 11:21:31,900 | INFO     | keeper.strategy      | TWAP order created: $1,250 in 4 chunks of $312 every 6 blocks
2026-07-04 11:22:14,433 | INFO     | keeper.strategy      | TWAP chunk 1/4: $312 (progress: 25%)
2026-07-04 11:22:51,199 | INFO     | keeper.strategy      | TWAP chunk 2/4: $312 (progress: 50%)
2026-07-04 11:23:34,902 | INFO     | keeper.strategy      | TWAP chunk 3/4: $312 (progress: 75%)
2026-07-04 11:24:21,080 | INFO     | keeper.strategy      | TWAP chunk 4/4: $1,250 (progress: 100%)
2026-07-04 11:24:53,901 | INFO     | keeper.strategy      | TWAP order complete: avg price $0.0000
2026-07-04 11:24:53,901 | INFO     | keeper.strategy      | TWAP order created: $1,250 in 4 chunks of $312 every 6 blocks
2026-07-04 11:25:26,906 | INFO     | keeper.strategy      | TWAP chunk 1/4: $312 (progress: 25%)
2026-07-04 11:26:13,282 | INFO     | keeper.strategy      | TWAP chunk 2/4: $312 (progress: 50%)
2026-07-04 11:26:46,593 | INFO     | keeper.strategy      | TWAP chunk 3/4: $312 (progress: 75%)
2026-07-04 11:27:32,027 | INFO     | keeper.strategy      | TWAP chunk 4/4: $1,250 (progress: 100%)
2026-07-04 11:28:04,814 | INFO     | keeper.strategy      | TWAP order complete: avg price $0.0000
2026-07-04 11:28:04,814 | INFO     | keeper.strategy      | TWAP order created: $1,250 in 4 chunks of $312 every 6 blocks
2026-07-04 11:28:47,405 | INFO     | keeper.strategy      | TWAP chunk 1/4: $312 (progress: 25%)
2026-07-04 11:29:34,169 | INFO     | keeper.strategy      | TWAP chunk 2/4: $312 (progress: 50%)
2026-07-04 11:30:09,707 | INFO     | keeper.strategy      | TWAP chunk 3/4: $312 (progress: 75%)
2026-07-04 11:30:54,485 | INFO     | keeper.strategy      | TWAP chunk 4/4: $1,250 (progress: 100%)
2026-07-04 11:31:27,285 | INFO     | keeper.strategy      | TWAP order complete: avg price $0.0000
2026-07-04 11:31:27,285 | INFO     | keeper.strategy      | TWAP order created: $1,250 in 4 chunks of $312 every 6 blocks
2026-07-04 11:32:13,637 | INFO     | keeper.strategy      | TWAP chunk 1/4: $312 (progress: 25%)
2026-07-04 11:32:57,358 | INFO     | keeper.strategy      | TWAP chunk 2/4: $312 (progress: 50%)
2026-07-04 11:33:43,329 | INFO     | keeper.strategy      | TWAP chunk 3/4: $312 (progress: 75%)
2026-07-04 11:34:19,309 | INFO     | keeper.strategy      | TWAP chunk 4/4: $1,250 (progress: 100%)
2026-07-04 11:35:02,620 | INFO     | keeper.strategy      | TWAP order complete: avg price $0.0000
2026-07-04 11:35:02,620 | INFO     | keeper.strategy      | TWAP order created: $1,250 in 4 chunks of $312 every 6 blocks
2026-07-04 11:35:44,430 | INFO     | keeper.strategy      | TWAP chunk 1/4: $312 (progress: 25%)
2026-07-04 11:36:19,891 | INFO     | keeper.strategy      | TWAP chunk 2/4: $312 (progress: 50%)
2026-07-04 11:37:04,347 | INFO     | keeper.strategy      | TWAP chunk 3/4: $312 (progress: 75%)
2026-07-04 11:37:37,067 | INFO     | keeper.strategy      | TWAP chunk 4/4: $1,250 (progress: 100%)
2026-07-04 11:38:22,810 | INFO     | keeper.strategy      | TWAP order complete: avg price $0.0000
2026-07-04 11:38:22,811 | INFO     | keeper.strategy      | TWAP order created: $1,250 in 4 chunks of $312 every 6 blocks
2026-07-04 11:39:03,813 | INFO     | keeper.strategy      | TWAP chunk 1/4: $312 (progress: 25%)
2026-07-04 11:39:39,508 | INFO     | keeper.strategy      | TWAP chunk 2/4: $312 (progress: 50%)
2026-07-04 11:40:23,172 | INFO     | keeper.strategy      | TWAP chunk 3/4: $312 (progress: 75%)
2026-07-04 11:41:04,096 | INFO     | keeper.strategy      | TWAP chunk 4/4: $1,250 (progress: 100%)
2026-07-04 11:41:39,886 | INFO     | keeper.strategy      | TWAP order complete: avg price $0.0000
2026-07-04 11:41:39,886 | INFO     | keeper.strategy      | TWAP order created: $1,250 in 4 chunks of $312 every 6 blocks
2026-07-04 11:42:24,396 | INFO     | keeper.strategy      | TWAP chunk 1/4: $312 (progress: 25%)
2026-07-04 11:42:57,693 | INFO     | keeper.strategy      | TWAP chunk 2/4: $312 (progress: 50%)
2026-07-04 11:43:42,916 | INFO     | keeper.strategy      | TWAP chunk 3/4: $312 (progress: 75%)
2026-07-04 11:44:27,788 | INFO     | keeper.strategy      | TWAP chunk 4/4: $1,250 (progress: 100%)
2026-07-04 11:45:02,397 | INFO     | keeper.strategy      | TWAP order complete: avg price $0.0000
2026-07-04 11:45:02,398 | INFO     | keeper.strategy      | TWAP order created: $1,250 in 4 chunks of $312 every 6 blocks
2026-07-04 11:45:46,569 | INFO     | keeper.strategy      | TWAP chunk 1/4: $312 (progress: 25%)
2026-07-04 11:46:33,030 | INFO     | keeper.strategy      | TWAP chunk 2/4: $312 (progress: 50%)
2026-07-04 11:47:05,670 | INFO     | keeper.strategy      | TWAP chunk 3/4: $312 (progress: 75%)
2026-07-04 11:47:53,456 | INFO     | keeper.strategy      | TWAP chunk 4/4: $1,250 (progress: 100%)
2026-07-04 11:48:27,303 | INFO     | keeper.strategy      | TWAP order complete: avg price $0.0000
2026-07-04 11:48:27,304 | INFO     | keeper.strategy      | TWAP order created: $1,250 in 4 chunks of $312 every 6 blocks
2026-07-04 11:49:12,532 | INFO     | keeper.strategy      | TWAP chunk 1/4: $312 (progress: 25%)
2026-07-04 11:49:53,763 | INFO     | keeper.strategy      | TWAP chunk 2/4: $312 (progress: 50%)
2026-07-04 11:50:42,552 | INFO     | keeper.strategy      | TWAP chunk 3/4: $312 (progress: 75%)
2026-07-04 11:51:15,317 | INFO     | keeper.strategy      | TWAP chunk 4/4: $1,250 (progress: 100%)
2026-07-04 11:51:57,373 | INFO     | keeper.strategy      | TWAP order complete: avg price $0.0000
2026-07-04 11:51:57,373 | INFO     | keeper.strategy      | TWAP order created: $1,250 in 4 chunks of $312 every 6 blocks
2026-07-04 11:52:32,893 | INFO     | keeper.strategy      | TWAP chunk 1/4: $312 (progress: 25%)
2026-07-04 11:53:17,643 | INFO     | keeper.strategy      | TWAP chunk 2/4: $312 (progress: 50%)
2026-07-04 11:54:01,703 | INFO     | keeper.strategy      | TWAP chunk 3/4: $312 (progress: 75%)
2026-07-04 11:54:34,524 | INFO     | keeper.strategy      | TWAP chunk 4/4: $1,250 (progress: 100%)
2026-07-04 11:55:07,744 | INFO     | keeper.strategy      | TWAP order complete: avg price $0.0000
2026-07-04 11:55:07,745 | INFO     | keeper.strategy      | TWAP order created: $1,250 in 4 chunks of $312 every 6 blocks
2026-07-04 11:55:52,014 | INFO     | keeper.strategy      | TWAP chunk 1/4: $312 (progress: 25%)
2026-07-04 11:56:34,636 | INFO     | keeper.strategy      | TWAP chunk 2/4: $312 (progress: 50%)
2026-07-04 11:57:10,084 | INFO     | keeper.strategy      | TWAP chunk 3/4: $312 (progress: 75%)
2026-07-04 11:57:56,587 | INFO     | keeper.strategy      | TWAP chunk 4/4: $1,250 (progress: 100%)
2026-07-04 11:58:41,797 | INFO     | keeper.strategy      | TWAP order complete: avg price $0.0000
2026-07-04 11:58:41,798 | INFO     | keeper.strategy      | TWAP order created: $1,250 in 4 chunks of $312 every 6 blocks
2026-07-04 11:59:15,455 | INFO     | keeper.strategy      | TWAP chunk 1/4: $312 (progress: 25%)
2026-07-04 12:00:03,005 | INFO     | keeper.strategy      | TWAP chunk 2/4: $312 (progress: 50%)
2026-07-04 12:00:36,237 | INFO     | keeper.strategy      | TWAP chunk 3/4: $312 (progress: 75%)
2026-07-04 12:01:23,287 | INFO     | keeper.strategy      | TWAP chunk 4/4: $1,250 (progress: 100%)
2026-07-04 12:02:07,128 | INFO     | keeper.strategy      | TWAP order complete: avg price $0.0000
2026-07-04 12:02:07,128 | INFO     | keeper.strategy      | TWAP order created: $1,250 in 4 chunks of $312 every 6 blocks
2026-07-04 12:02:52,828 | INFO     | keeper.strategy      | TWAP chunk 1/4: $312 (progress: 25%)
2026-07-04 12:03:25,493 | INFO     | keeper.strategy      | TWAP chunk 2/4: $312 (progress: 50%)
2026-07-04 12:03:58,209 | INFO     | keeper.strategy      | TWAP chunk 3/4: $312 (progress: 75%)
2026-07-04 12:04:42,778 | INFO     | keeper.strategy      | TWAP chunk 4/4: $1,250 (progress: 100%)
2026-07-04 12:05:16,288 | INFO     | keeper.strategy      | TWAP order complete: avg price $0.0000
2026-07-04 12:05:16,289 | INFO     | keeper.strategy      | TWAP order created: $1,250 in 4 chunks of $312 every 6 blocks
2026-07-04 12:06:02,760 | INFO     | keeper.strategy      | TWAP chunk 1/4: $312 (progress: 25%)
2026-07-04 12:06:44,059 | INFO     | keeper.strategy      | TWAP chunk 2/4: $312 (progress: 50%)
2026-07-04 12:07:19,880 | INFO     | keeper.strategy      | TWAP chunk 3/4: $312 (progress: 75%)
2026-07-04 12:08:04,551 | INFO     | keeper.strategy      | TWAP chunk 4/4: $1,250 (progress: 100%)
2026-07-04 12:08:47,778 | INFO     | keeper.strategy      | TWAP order complete: avg price $0.0000
2026-07-04 12:08:47,778 | INFO     | keeper.strategy      | TWAP order created: $1,250 in 4 chunks of $312 every 6 blocks
2026-07-04 12:09:32,721 | INFO     | keeper.strategy      | TWAP chunk 1/4: $312 (progress: 25%)
2026-07-04 12:10:05,533 | INFO     | keeper.strategy      | TWAP chunk 2/4: $312 (progress: 50%)
2026-07-04 12:10:47,282 | INFO     | keeper.strategy      | TWAP chunk 3/4: $312 (progress: 75%)
2026-07-04 12:11:23,972 | INFO     | keeper.strategy      | TWAP chunk 4/4: $1,250 (progress: 100%)
2026-07-04 12:12:10,443 | INFO     | keeper.strategy      | TWAP order complete: avg price $0.0000
2026-07-04 12:12:10,443 | INFO     | keeper.strategy      | TWAP order created: $1,250 in 4 chunks of $312 every 6 blocks
2026-07-04 12:12:53,791 | INFO     | keeper.strategy      | TWAP chunk 1/4: $312 (progress: 25%)
2026-07-04 12:13:26,804 | INFO     | keeper.strategy      | TWAP chunk 2/4: $312 (progress: 50%)
2026-07-04 12:14:08,187 | INFO     | keeper.strategy      | TWAP chunk 3/4: $312 (progress: 75%)
2026-07-04 12:14:45,294 | INFO     | keeper.strategy      | TWAP chunk 4/4: $1,250 (progress: 100%)
2026-07-04 12:15:32,635 | INFO     | keeper.strategy      | TWAP order complete: avg price $0.0000
2026-07-04 12:15:32,635 | INFO     | keeper.strategy      | TWAP order created: $1,250 in 4 chunks of $312 every 6 blocks
2026-07-04 12:16:06,054 | INFO     | keeper.strategy      | TWAP chunk 1/4: $312 (progress: 25%)
2026-07-04 12:16:52,526 | INFO     | keeper.strategy      | TWAP chunk 2/4: $312 (progress: 50%)
2026-07-04 12:17:25,467 | INFO     | keeper.strategy      | TWAP chunk 3/4: $312 (progress: 75%)
2026-07-04 12:18:12,567 | INFO     | keeper.strategy      | TWAP chunk 4/4: $1,250 (progress: 100%)
2026-07-04 12:18:45,268 | INFO     | keeper.strategy      | TWAP order complete: avg price $0.0000
2026-07-04 12:18:45,268 | INFO     | keeper.strategy      | TWAP order created: $1,250 in 4 chunks of $312 every 6 blocks
2026-07-04 12:19:28,828 | INFO     | keeper.strategy      | TWAP chunk 1/4: $312 (progress: 25%)
2026-07-04 12:20:02,449 | INFO     | keeper.strategy      | TWAP chunk 2/4: $312 (progress: 50%)
2026-07-04 12:20:36,249 | INFO     | keeper.strategy      | TWAP chunk 3/4: $312 (progress: 75%)
2026-07-04 12:21:22,940 | INFO     | keeper.strategy      | TWAP chunk 4/4: $1,250 (progress: 100%)
2026-07-04 12:22:04,400 | INFO     | keeper.strategy      | TWAP order complete: avg price $0.0000
2026-07-04 12:22:04,401 | INFO     | keeper.strategy      | TWAP order created: $1,250 in 4 chunks of $312 every 6 blocks
2026-07-04 12:22:52,101 | INFO     | keeper.strategy      | TWAP chunk 1/4: $312 (progress: 25%)
2026-07-04 12:23:25,762 | INFO     | keeper.strategy      | TWAP chunk 2/4: $312 (progress: 50%)
2026-07-04 12:24:13,773 | INFO     | keeper.strategy      | TWAP chunk 3/4: $312 (progress: 75%)
2026-07-04 12:24:47,512 | INFO     | keeper.strategy      | TWAP chunk 4/4: $1,250 (progress: 100%)
2026-07-04 12:25:32,213 | INFO     | keeper.strategy      | TWAP order complete: avg price $0.0000
2026-07-04 12:25:32,213 | INFO     | keeper.strategy      | TWAP order created: $1,250 in 4 chunks of $312 every 6 blocks
2026-07-04 12:26:18,623 | INFO     | keeper.strategy      | TWAP chunk 1/4: $312 (progress: 25%)
2026-07-04 12:27:03,024 | INFO     | keeper.strategy      | TWAP chunk 2/4: $312 (progress: 50%)
2026-07-04 12:27:35,983 | INFO     | keeper.strategy      | TWAP chunk 3/4: $312 (progress: 75%)
2026-07-04 12:28:14,344 | INFO     | keeper.strategy      | TWAP chunk 4/4: $1,250 (progress: 100%)
2026-07-04 12:28:50,683 | INFO     | keeper.strategy      | TWAP order complete: avg price $0.0000
2026-07-04 12:28:50,683 | INFO     | keeper.strategy      | TWAP order created: $1,250 in 4 chunks of $312 every 6 blocks
2026-07-04 12:29:34,283 | INFO     | keeper.strategy      | TWAP chunk 1/4: $312 (progress: 25%)
2026-07-04 12:30:07,124 | INFO     | keeper.strategy      | TWAP chunk 2/4: $312 (progress: 50%)
2026-07-04 12:30:52,645 | INFO     | keeper.strategy      | TWAP chunk 3/4: $312 (progress: 75%)
2026-07-04 12:31:37,515 | INFO     | keeper.strategy      | TWAP chunk 4/4: $1,250 (progress: 100%)
2026-07-04 12:32:23,275 | INFO     | keeper.strategy      | TWAP order complete: avg price $0.0000
2026-07-04 12:32:23,276 | INFO     | keeper.strategy      | TWAP order created: $1,250 in 4 chunks of $312 every 6 blocks
2026-07-04 12:32:58,775 | INFO     | keeper.strategy      | TWAP chunk 1/4: $312 (progress: 25%)
2026-07-04 12:33:43,687 | INFO     | keeper.strategy      | TWAP chunk 2/4: $312 (progress: 50%)
2026-07-04 12:34:16,946 | INFO     | keeper.strategy      | TWAP chunk 3/4: $312 (progress: 75%)
2026-07-04 12:35:03,427 | INFO     | keeper.strategy      | TWAP chunk 4/4: $1,250 (progress: 100%)
2026-07-04 12:35:36,647 | INFO     | keeper.strategy      | TWAP order complete: avg price $0.0000
2026-07-04 12:35:36,647 | INFO     | keeper.strategy      | TWAP order created: $1,250 in 4 chunks of $312 every 6 blocks
2026-07-04 12:36:22,718 | INFO     | keeper.strategy      | TWAP chunk 1/4: $312 (progress: 25%)
2026-07-04 12:37:07,628 | INFO     | keeper.strategy      | TWAP chunk 2/4: $312 (progress: 50%)
2026-07-04 12:37:43,518 | INFO     | keeper.strategy      | TWAP chunk 3/4: $312 (progress: 75%)
2026-07-04 12:38:30,379 | INFO     | keeper.strategy      | TWAP chunk 4/4: $1,250 (progress: 100%)
2026-07-04 12:39:04,070 | INFO     | keeper.strategy      | TWAP order complete: avg price $0.0000
2026-07-04 12:39:04,070 | INFO     | keeper.strategy      | TWAP order created: $1,250 in 4 chunks of $312 every 6 blocks
2026-07-04 12:39:52,989 | INFO     | keeper.strategy      | TWAP chunk 1/4: $312 (progress: 25%)
2026-07-04 12:40:25,880 | INFO     | keeper.strategy      | TWAP chunk 2/4: $312 (progress: 50%)
2026-07-04 12:41:12,061 | INFO     | keeper.strategy      | TWAP chunk 3/4: $312 (progress: 75%)
2026-07-04 12:41:44,843 | INFO     | keeper.strategy      | TWAP chunk 4/4: $1,250 (progress: 100%)
2026-07-04 12:42:17,632 | INFO     | keeper.strategy      | TWAP order complete: avg price $0.0000
2026-07-04 12:42:17,633 | INFO     | keeper.strategy      | TWAP order created: $1,250 in 4 chunks of $312 every 6 blocks
2026-07-04 12:43:05,612 | INFO     | keeper.strategy      | TWAP chunk 1/4: $312 (progress: 25%)
2026-07-04 12:43:38,845 | INFO     | keeper.strategy      | TWAP chunk 2/4: $312 (progress: 50%)
2026-07-04 12:44:23,543 | INFO     | keeper.strategy      | TWAP chunk 3/4: $312 (progress: 75%)
2026-07-04 12:44:56,504 | INFO     | keeper.strategy      | TWAP chunk 4/4: $1,250 (progress: 100%)
2026-07-04 12:45:42,705 | INFO     | keeper.strategy      | TWAP order complete: avg price $0.0000
2026-07-04 12:45:42,705 | INFO     | keeper.strategy      | TWAP order created: $1,250 in 4 chunks of $312 every 6 blocks
2026-07-04 12:46:25,296 | INFO     | keeper.strategy      | TWAP chunk 1/4: $312 (progress: 25%)
2026-07-04 12:47:12,996 | INFO     | keeper.strategy      | TWAP chunk 2/4: $312 (progress: 50%)
2026-07-04 12:47:45,776 | INFO     | keeper.strategy      | TWAP chunk 3/4: $312 (progress: 75%)
2026-07-04 12:48:27,507 | INFO     | keeper.strategy      | TWAP chunk 4/4: $1,250 (progress: 100%)
2026-07-04 12:49:14,147 | INFO     | keeper.strategy      | TWAP order complete: avg price $0.0000
2026-07-04 12:49:14,147 | INFO     | keeper.strategy      | TWAP order created: $1,250 in 4 chunks of $312 every 6 blocks
2026-07-04 12:49:49,688 | INFO     | keeper.strategy      | TWAP chunk 1/4: $312 (progress: 25%)
2026-07-04 12:50:33,359 | INFO     | keeper.strategy      | TWAP chunk 2/4: $312 (progress: 50%)
2026-07-04 12:51:06,128 | INFO     | keeper.strategy      | TWAP chunk 3/4: $312 (progress: 75%)
2026-07-04 12:51:53,599 | INFO     | keeper.strategy      | TWAP chunk 4/4: $1,250 (progress: 100%)
2026-07-04 12:52:34,121 | INFO     | keeper.strategy      | TWAP order complete: avg price $0.0000
2026-07-04 12:52:34,121 | INFO     | keeper.strategy      | TWAP order created: $1,250 in 4 chunks of $312 every 6 blocks
2026-07-04 12:53:09,680 | INFO     | keeper.strategy      | TWAP chunk 1/4: $312 (progress: 25%)
2026-07-04 12:53:54,291 | INFO     | keeper.strategy      | TWAP chunk 2/4: $312 (progress: 50%)
2026-07-04 12:54:27,242 | INFO     | keeper.strategy      | TWAP chunk 3/4: $312 (progress: 75%)
2026-07-04 12:55:14,093 | INFO     | keeper.strategy      | TWAP chunk 4/4: $1,250 (progress: 100%)
2026-07-04 12:55:57,582 | INFO     | keeper.strategy      | TWAP order complete: avg price $0.0000
2026-07-04 12:55:57,584 | INFO     | keeper.strategy      | TWAP order created: $1,250 in 4 chunks of $312 every 6 blocks
2026-07-04 12:56:33,953 | INFO     | keeper.strategy      | TWAP chunk 1/4: $312 (progress: 25%)
2026-07-04 12:57:21,925 | INFO     | keeper.strategy      | TWAP chunk 2/4: $312 (progress: 50%)
2026-07-04 12:58:05,354 | INFO     | keeper.strategy      | TWAP chunk 3/4: $312 (progress: 75%)
2026-07-04 12:58:52,674 | INFO     | keeper.strategy      | TWAP chunk 4/4: $1,250 (progress: 100%)
2026-07-04 12:59:25,384 | INFO     | keeper.strategy      | TWAP order complete: avg price $0.0000
2026-07-04 12:59:25,385 | INFO     | keeper.strategy      | TWAP order created: $1,250 in 4 chunks of $312 every 6 blocks
2026-07-04 12:59:58,425 | INFO     | keeper.strategy      | TWAP chunk 1/4: $312 (progress: 25%)
2026-07-04 13:00:43,095 | INFO     | keeper.strategy      | TWAP chunk 2/4: $312 (progress: 50%)
2026-07-04 13:01:27,786 | INFO     | keeper.strategy      | TWAP chunk 3/4: $312 (progress: 75%)
2026-07-04 13:02:03,697 | INFO     | keeper.strategy      | TWAP chunk 4/4: $1,250 (progress: 100%)
2026-07-04 13:02:52,357 | INFO     | keeper.strategy      | TWAP order complete: avg price $0.0000
2026-07-04 13:02:52,357 | INFO     | keeper.strategy      | TWAP order created: $1,250 in 4 chunks of $312 every 6 blocks
2026-07-04 13:03:25,934 | INFO     | keeper.strategy      | TWAP chunk 1/4: $312 (progress: 25%)
2026-07-04 13:04:13,778 | INFO     | keeper.strategy      | TWAP chunk 2/4: $312 (progress: 50%)
2026-07-04 13:04:57,449 | INFO     | keeper.strategy      | TWAP chunk 3/4: $312 (progress: 75%)
2026-07-04 13:05:33,189 | INFO     | keeper.strategy      | TWAP chunk 4/4: $1,250 (progress: 100%)
2026-07-04 13:06:15,799 | INFO     | keeper.strategy      | TWAP order complete: avg price $0.0000
2026-07-04 13:06:15,799 | INFO     | keeper.strategy      | TWAP order created: $1,250 in 4 chunks of $312 every 6 blocks
2026-07-04 13:06:48,431 | INFO     | keeper.strategy      | TWAP chunk 1/4: $312 (progress: 25%)
2026-07-04 13:07:31,610 | INFO     | keeper.strategy      | TWAP chunk 2/4: $312 (progress: 50%)
2026-07-04 13:08:13,831 | INFO     | keeper.strategy      | TWAP chunk 3/4: $312 (progress: 75%)
2026-07-04 13:08:49,201 | INFO     | keeper.strategy      | TWAP chunk 4/4: $1,250 (progress: 100%)
2026-07-04 13:09:32,621 | INFO     | keeper.strategy      | TWAP order complete: avg price $0.0000
2026-07-04 13:09:32,622 | INFO     | keeper.strategy      | TWAP order created: $1,250 in 4 chunks of $312 every 6 blocks
2026-07-04 13:10:05,242 | INFO     | keeper.strategy      | TWAP chunk 1/4: $312 (progress: 25%)
2026-07-04 13:10:47,493 | INFO     | keeper.strategy      | TWAP chunk 2/4: $312 (progress: 50%)
2026-07-04 13:11:23,453 | INFO     | keeper.strategy      | TWAP chunk 3/4: $312 (progress: 75%)
2026-07-04 13:12:12,754 | INFO     | keeper.strategy      | TWAP chunk 4/4: $1,250 (progress: 100%)
2026-07-04 13:12:45,400 | INFO     | keeper.strategy      | TWAP order complete: avg price $0.0000
2026-07-04 13:12:45,400 | INFO     | keeper.strategy      | TWAP order created: $1,250 in 4 chunks of $312 every 6 blocks
2026-07-04 13:13:18,046 | INFO     | keeper.strategy      | TWAP chunk 1/4: $312 (progress: 25%)
2026-07-04 13:14:02,535 | INFO     | keeper.strategy      | TWAP chunk 2/4: $312 (progress: 50%)
2026-07-04 13:14:47,505 | INFO     | keeper.strategy      | TWAP chunk 3/4: $312 (progress: 75%)
2026-07-04 13:15:23,097 | INFO     | keeper.strategy      | TWAP chunk 4/4: $1,250 (progress: 100%)
2026-07-04 13:16:05,456 | INFO     | keeper.strategy      | TWAP order complete: avg price $0.0000
2026-07-04 13:16:05,456 | INFO     | keeper.strategy      | TWAP order created: $1,250 in 4 chunks of $312 every 6 blocks
2026-07-04 13:16:38,247 | INFO     | keeper.strategy      | TWAP chunk 1/4: $312 (progress: 25%)
2026-07-04 13:17:23,818 | INFO     | keeper.strategy      | TWAP chunk 2/4: $312 (progress: 50%)
2026-07-04 13:18:07,678 | INFO     | keeper.strategy      | TWAP chunk 3/4: $312 (progress: 75%)
2026-07-04 13:18:52,058 | INFO     | keeper.strategy      | TWAP chunk 4/4: $1,250 (progress: 100%)
2026-07-04 13:19:25,750 | INFO     | keeper.strategy      | TWAP order complete: avg price $0.0000
2026-07-04 13:19:25,750 | INFO     | keeper.strategy      | TWAP order created: $1,250 in 4 chunks of $312 every 6 blocks
2026-07-04 13:20:12,809 | INFO     | keeper.strategy      | TWAP chunk 1/4: $312 (progress: 25%)
2026-07-04 13:20:45,490 | INFO     | keeper.strategy      | TWAP chunk 2/4: $312 (progress: 50%)
2026-07-04 13:21:32,681 | INFO     | keeper.strategy      | TWAP chunk 3/4: $312 (progress: 75%)
2026-07-04 13:22:17,471 | INFO     | keeper.strategy      | TWAP chunk 4/4: $1,250 (progress: 100%)
2026-07-04 13:23:02,231 | INFO     | keeper.strategy      | TWAP order complete: avg price $0.0000
2026-07-04 13:23:02,231 | INFO     | keeper.strategy      | TWAP order created: $1,250 in 4 chunks of $312 every 6 blocks
2026-07-04 13:23:35,733 | INFO     | keeper.strategy      | TWAP chunk 1/4: $312 (progress: 25%)
2026-07-04 13:24:23,135 | INFO     | keeper.strategy      | TWAP chunk 2/4: $312 (progress: 50%)
2026-07-04 13:24:56,473 | INFO     | keeper.strategy      | TWAP chunk 3/4: $312 (progress: 75%)
2026-07-04 13:25:43,913 | INFO     | keeper.strategy      | TWAP chunk 4/4: $1,250 (progress: 100%)
2026-07-04 13:26:31,724 | INFO     | keeper.strategy      | TWAP order complete: avg price $0.0000
2026-07-04 13:26:31,725 | INFO     | keeper.strategy      | TWAP order created: $1,250 in 4 chunks of $312 every 6 blocks
2026-07-04 13:27:14,604 | INFO     | keeper.strategy      | TWAP chunk 1/4: $312 (progress: 25%)
2026-07-04 13:27:50,204 | INFO     | keeper.strategy      | TWAP chunk 2/4: $312 (progress: 50%)
2026-07-04 13:28:31,765 | INFO     | keeper.strategy      | TWAP chunk 3/4: $312 (progress: 75%)
2026-07-04 13:29:06,201 | INFO     | keeper.strategy      | TWAP chunk 4/4: $1,250 (progress: 100%)
2026-07-04 13:29:52,986 | INFO     | keeper.strategy      | TWAP order complete: avg price $0.0000
2026-07-04 13:29:52,987 | INFO     | keeper.strategy      | TWAP order created: $1,250 in 4 chunks of $312 every 6 blocks
2026-07-04 13:30:25,677 | INFO     | keeper.strategy      | TWAP chunk 1/4: $312 (progress: 25%)
2026-07-04 13:31:12,808 | INFO     | keeper.strategy      | TWAP chunk 2/4: $312 (progress: 50%)
2026-07-04 13:31:57,377 | INFO     | keeper.strategy      | TWAP chunk 3/4: $312 (progress: 75%)
2026-07-04 13:32:33,627 | INFO     | keeper.strategy      | TWAP chunk 4/4: $1,250 (progress: 100%)
2026-07-04 13:33:19,958 | INFO     | keeper.strategy      | TWAP order complete: avg price $0.0000
2026-07-04 13:33:19,958 | INFO     | keeper.strategy      | TWAP order created: $1,250 in 4 chunks of $312 every 6 blocks
2026-07-04 13:34:02,149 | INFO     | keeper.strategy      | TWAP chunk 1/4: $312 (progress: 25%)
2026-07-04 13:34:35,927 | INFO     | keeper.strategy      | TWAP chunk 2/4: $312 (progress: 50%)
2026-07-04 13:35:20,867 | INFO     | keeper.strategy      | TWAP chunk 3/4: $312 (progress: 75%)
2026-07-04 13:35:53,537 | INFO     | keeper.strategy      | TWAP chunk 4/4: $1,250 (progress: 100%)
2026-07-04 13:36:27,047 | INFO     | keeper.strategy      | TWAP order complete: avg price $0.0000
2026-07-04 13:36:27,047 | INFO     | keeper.strategy      | TWAP order created: $1,250 in 4 chunks of $312 every 6 blocks
2026-07-04 13:37:14,329 | INFO     | keeper.strategy      | TWAP chunk 1/4: $312 (progress: 25%)
2026-07-04 13:37:57,958 | INFO     | keeper.strategy      | TWAP chunk 2/4: $312 (progress: 50%)
2026-07-04 13:38:44,587 | INFO     | keeper.strategy      | TWAP chunk 3/4: $312 (progress: 75%)
2026-07-04 13:39:19,917 | INFO     | keeper.strategy      | TWAP chunk 4/4: $1,250 (progress: 100%)
2026-07-04 13:40:03,208 | INFO     | keeper.strategy      | TWAP order complete: avg price $0.0000
2026-07-04 13:40:03,208 | INFO     | keeper.strategy      | TWAP order created: $1,250 in 4 chunks of $312 every 6 blocks
2026-07-04 13:40:37,697 | INFO     | keeper.strategy      | TWAP chunk 1/4: $312 (progress: 25%)
2026-07-04 13:41:23,057 | INFO     | keeper.strategy      | TWAP chunk 2/4: $312 (progress: 50%)
2026-07-04 13:41:55,860 | INFO     | keeper.strategy      | TWAP chunk 3/4: $312 (progress: 75%)
2026-07-04 13:42:41,378 | INFO     | keeper.strategy      | TWAP chunk 4/4: $1,250 (progress: 100%)
2026-07-04 13:43:14,178 | INFO     | keeper.strategy      | TWAP order complete: avg price $0.0000
2026-07-04 13:43:14,178 | INFO     | keeper.strategy      | TWAP order created: $1,250 in 4 chunks of $312 every 6 blocks
2026-07-04 13:43:54,118 | INFO     | keeper.strategy      | TWAP chunk 1/4: $312 (progress: 25%)
2026-07-04 13:44:29,728 | INFO     | keeper.strategy      | TWAP chunk 2/4: $312 (progress: 50%)
2026-07-04 13:45:15,068 | INFO     | keeper.strategy      | TWAP chunk 3/4: $312 (progress: 75%)
2026-07-04 13:46:02,098 | INFO     | keeper.strategy      | TWAP chunk 4/4: $1,250 (progress: 100%)
2026-07-04 13:46:37,329 | INFO     | keeper.strategy      | TWAP order complete: avg price $0.0000
2026-07-04 13:46:37,329 | INFO     | keeper.strategy      | TWAP order created: $1,250 in 4 chunks of $312 every 6 blocks
2026-07-04 13:47:23,297 | INFO     | keeper.strategy      | TWAP chunk 1/4: $312 (progress: 25%)
2026-07-04 13:47:56,278 | INFO     | keeper.strategy      | TWAP chunk 2/4: $312 (progress: 50%)
2026-07-04 13:48:29,389 | INFO     | keeper.strategy      | TWAP chunk 3/4: $312 (progress: 75%)
2026-07-04 13:49:13,640 | INFO     | keeper.strategy      | TWAP chunk 4/4: $1,250 (progress: 100%)
2026-07-04 13:49:46,579 | INFO     | keeper.strategy      | TWAP order complete: avg price $0.0000
2026-07-04 13:49:46,579 | INFO     | keeper.strategy      | TWAP order created: $1,250 in 4 chunks of $312 every 6 blocks
2026-07-04 13:50:34,380 | INFO     | keeper.strategy      | TWAP chunk 1/4: $312 (progress: 25%)
2026-07-04 13:51:07,280 | INFO     | keeper.strategy      | TWAP chunk 2/4: $312 (progress: 50%)
2026-07-04 13:51:54,559 | INFO     | keeper.strategy      | TWAP chunk 3/4: $312 (progress: 75%)
2026-07-04 13:52:28,146 | INFO     | keeper.strategy      | TWAP chunk 4/4: $1,250 (progress: 100%)
2026-07-04 13:53:12,820 | INFO     | keeper.strategy      | TWAP order complete: avg price $0.0000
2026-07-04 13:53:12,820 | INFO     | keeper.strategy      | TWAP order created: $1,250 in 4 chunks of $312 every 6 blocks
2026-07-04 13:53:45,710 | INFO     | keeper.strategy      | TWAP chunk 1/4: $312 (progress: 25%)
2026-07-04 13:54:33,461 | INFO     | keeper.strategy      | TWAP chunk 2/4: $312 (progress: 50%)
2026-07-04 13:55:07,381 | INFO     | keeper.strategy      | TWAP chunk 3/4: $312 (progress: 75%)
2026-07-04 13:55:50,351 | INFO     | keeper.strategy      | TWAP chunk 4/4: $1,250 (progress: 100%)
2026-07-04 13:56:23,232 | INFO     | keeper.strategy      | TWAP order complete: avg price $0.0000
2026-07-04 13:56:23,232 | INFO     | keeper.strategy      | TWAP order created: $1,250 in 4 chunks of $312 every 6 blocks
2026-07-04 13:56:56,362 | INFO     | keeper.strategy      | TWAP chunk 1/4: $312 (progress: 25%)
2026-07-04 13:57:40,943 | INFO     | keeper.strategy      | TWAP chunk 2/4: $312 (progress: 50%)
2026-07-04 13:58:14,693 | INFO     | keeper.strategy      | TWAP chunk 3/4: $312 (progress: 75%)
2026-07-04 13:58:59,283 | INFO     | keeper.strategy      | TWAP chunk 4/4: $1,250 (progress: 100%)
2026-07-04 13:59:32,633 | INFO     | keeper.strategy      | TWAP order complete: avg price $0.0000
2026-07-04 13:59:32,633 | INFO     | keeper.strategy      | TWAP order created: $1,250 in 4 chunks of $312 every 6 blocks
2026-07-04 14:00:05,843 | INFO     | keeper.strategy      | TWAP chunk 1/4: $312 (progress: 25%)
2026-07-04 14:00:49,583 | INFO     | keeper.strategy      | TWAP chunk 2/4: $312 (progress: 50%)
2026-07-04 14:01:24,094 | INFO     | keeper.strategy      | TWAP chunk 3/4: $312 (progress: 75%)
2026-07-04 14:01:57,084 | INFO     | keeper.strategy      | TWAP chunk 4/4: $1,250 (progress: 100%)
2026-07-04 14:02:43,925 | INFO     | keeper.strategy      | TWAP order complete: avg price $0.0000
2026-07-04 14:02:43,928 | INFO     | keeper.strategy      | TWAP order created: $1,250 in 4 chunks of $312 every 6 blocks
2026-07-04 14:03:16,788 | INFO     | keeper.strategy      | TWAP chunk 1/4: $312 (progress: 25%)
2026-07-04 14:04:02,685 | INFO     | keeper.strategy      | TWAP chunk 2/4: $312 (progress: 50%)
2026-07-04 14:04:48,375 | INFO     | keeper.strategy      | TWAP chunk 3/4: $312 (progress: 75%)
2026-07-04 14:05:24,286 | INFO     | keeper.strategy      | TWAP chunk 4/4: $1,250 (progress: 100%)
2026-07-04 14:06:13,296 | INFO     | keeper.strategy      | TWAP order complete: avg price $0.0000
2026-07-04 14:06:13,296 | INFO     | keeper.strategy      | TWAP order created: $1,250 in 4 chunks of $312 every 6 blocks
2026-07-04 14:06:46,030 | INFO     | keeper.strategy      | TWAP chunk 1/4: $312 (progress: 25%)
2026-07-04 14:07:33,219 | INFO     | keeper.strategy      | TWAP chunk 2/4: $312 (progress: 50%)
2026-07-04 14:08:06,239 | INFO     | keeper.strategy      | TWAP chunk 3/4: $312 (progress: 75%)
2026-07-04 14:08:53,262 | INFO     | keeper.strategy      | TWAP chunk 4/4: $1,250 (progress: 100%)
2026-07-04 14:09:34,212 | INFO     | keeper.strategy      | TWAP order complete: avg price $0.0000
2026-07-04 14:09:34,213 | INFO     | keeper.strategy      | TWAP order created: $1,250 in 4 chunks of $312 every 6 blocks
2026-07-04 14:10:09,647 | INFO     | keeper.strategy      | TWAP chunk 1/4: $312 (progress: 25%)
2026-07-04 14:10:54,627 | INFO     | keeper.strategy      | TWAP chunk 2/4: $312 (progress: 50%)
2026-07-04 14:11:41,346 | INFO     | keeper.strategy      | TWAP chunk 3/4: $312 (progress: 75%)
2026-07-04 14:12:14,877 | INFO     | keeper.strategy      | TWAP chunk 4/4: $1,250 (progress: 100%)
2026-07-04 14:12:59,357 | INFO     | keeper.strategy      | TWAP order complete: avg price $0.0000
2026-07-04 14:12:59,357 | INFO     | keeper.strategy      | TWAP order created: $1,250 in 4 chunks of $312 every 6 blocks
2026-07-04 14:13:42,979 | INFO     | keeper.strategy      | TWAP chunk 1/4: $312 (progress: 25%)
2026-07-04 14:14:15,840 | INFO     | keeper.strategy      | TWAP chunk 2/4: $312 (progress: 50%)
2026-07-04 14:15:03,809 | INFO     | keeper.strategy      | TWAP chunk 3/4: $312 (progress: 75%)
2026-07-04 14:15:38,791 | INFO     | keeper.strategy      | TWAP chunk 4/4: $1,250 (progress: 100%)
2026-07-04 14:16:24,652 | INFO     | keeper.strategy      | TWAP order complete: avg price $0.0000
2026-07-04 14:16:24,652 | INFO     | keeper.strategy      | TWAP order created: $1,250 in 4 chunks of $312 every 6 blocks
2026-07-04 14:16:57,590 | INFO     | keeper.strategy      | TWAP chunk 1/4: $312 (progress: 25%)
2026-07-04 14:17:44,165 | INFO     | keeper.strategy      | TWAP chunk 2/4: $312 (progress: 50%)
2026-07-04 14:18:17,925 | INFO     | keeper.strategy      | TWAP chunk 3/4: $312 (progress: 75%)
2026-07-04 14:19:03,736 | INFO     | keeper.strategy      | TWAP chunk 4/4: $1,250 (progress: 100%)
2026-07-04 14:19:36,507 | INFO     | keeper.strategy      | TWAP order complete: avg price $0.0000
2026-07-04 14:19:36,507 | INFO     | keeper.strategy      | TWAP order created: $1,250 in 4 chunks of $312 every 6 blocks
2026-07-04 14:20:23,567 | INFO     | keeper.strategy      | TWAP chunk 1/4: $312 (progress: 25%)
2026-07-04 14:20:56,405 | INFO     | keeper.strategy      | TWAP chunk 2/4: $312 (progress: 50%)
2026-07-04 14:21:43,660 | INFO     | keeper.strategy      | TWAP chunk 3/4: $312 (progress: 75%)
2026-07-04 14:22:19,394 | INFO     | keeper.strategy      | TWAP chunk 4/4: $1,250 (progress: 100%)
2026-07-04 14:23:04,141 | INFO     | keeper.strategy      | TWAP order complete: avg price $0.0000
2026-07-04 14:23:04,141 | INFO     | keeper.strategy      | TWAP order created: $1,250 in 4 chunks of $312 every 6 blocks
2026-07-04 14:23:37,208 | INFO     | keeper.strategy      | TWAP chunk 1/4: $312 (progress: 25%)
2026-07-04 14:24:22,911 | INFO     | keeper.strategy      | TWAP chunk 2/4: $312 (progress: 50%)
2026-07-04 14:24:56,179 | INFO     | keeper.strategy      | TWAP chunk 3/4: $312 (progress: 75%)
2026-07-04 14:25:41,993 | INFO     | keeper.strategy      | TWAP chunk 4/4: $1,250 (progress: 100%)
2026-07-04 14:26:14,726 | INFO     | keeper.strategy      | TWAP order complete: avg price $0.0000
2026-07-04 14:26:14,727 | INFO     | keeper.strategy      | TWAP order created: $1,250 in 4 chunks of $312 every 6 blocks
2026-07-04 14:26:47,853 | INFO     | keeper.strategy      | TWAP chunk 1/4: $312 (progress: 25%)
2026-07-04 14:27:32,793 | INFO     | keeper.strategy      | TWAP chunk 2/4: $312 (progress: 50%)
2026-07-04 14:28:06,264 | INFO     | keeper.strategy      | TWAP chunk 3/4: $312 (progress: 75%)
2026-07-04 14:28:53,684 | INFO     | keeper.strategy      | TWAP chunk 4/4: $1,250 (progress: 100%)
2026-07-04 14:29:27,124 | INFO     | keeper.strategy      | TWAP order complete: avg price $0.0000
2026-07-04 14:29:27,125 | INFO     | keeper.strategy      | TWAP order created: $1,250 in 4 chunks of $312 every 6 blocks
2026-07-04 14:30:12,835 | INFO     | keeper.strategy      | TWAP chunk 1/4: $312 (progress: 25%)
2026-07-04 14:30:58,046 | INFO     | keeper.strategy      | TWAP chunk 2/4: $312 (progress: 50%)
2026-07-04 14:31:43,467 | INFO     | keeper.strategy      | TWAP chunk 3/4: $312 (progress: 75%)
2026-07-04 14:32:20,454 | INFO     | keeper.strategy      | TWAP chunk 4/4: $1,250 (progress: 100%)
2026-07-04 14:33:05,538 | INFO     | keeper.strategy      | TWAP order complete: avg price $0.0000
2026-07-04 14:33:05,538 | INFO     | keeper.strategy      | TWAP order created: $1,250 in 4 chunks of $312 every 6 blocks
2026-07-04 14:33:52,400 | INFO     | keeper.strategy      | TWAP chunk 1/4: $312 (progress: 25%)
2026-07-04 14:34:25,660 | INFO     | keeper.strategy      | TWAP chunk 2/4: $312 (progress: 50%)
2026-07-04 14:35:09,208 | INFO     | keeper.strategy      | TWAP chunk 3/4: $312 (progress: 75%)
2026-07-04 14:35:45,531 | INFO     | keeper.strategy      | TWAP chunk 4/4: $1,250 (progress: 100%)
2026-07-04 14:36:33,710 | INFO     | keeper.strategy      | TWAP order complete: avg price $0.0000
2026-07-04 14:36:33,710 | INFO     | keeper.strategy      | TWAP order created: $1,250 in 4 chunks of $312 every 6 blocks
2026-07-04 14:37:07,360 | INFO     | keeper.strategy      | TWAP chunk 1/4: $312 (progress: 25%)
2026-07-04 14:37:52,914 | INFO     | keeper.strategy      | TWAP chunk 2/4: $312 (progress: 50%)
2026-07-04 14:38:26,991 | INFO     | keeper.strategy      | TWAP chunk 3/4: $312 (progress: 75%)
2026-07-04 14:39:13,862 | INFO     | keeper.strategy      | TWAP chunk 4/4: $1,250 (progress: 100%)
2026-07-04 14:39:54,023 | INFO     | keeper.strategy      | TWAP order complete: avg price $0.0000
2026-07-04 14:39:54,023 | INFO     | keeper.strategy      | TWAP order created: $1,250 in 4 chunks of $312 every 6 blocks
2026-07-04 14:40:29,422 | INFO     | keeper.strategy      | TWAP chunk 1/4: $312 (progress: 25%)
2026-07-04 14:41:14,195 | INFO     | keeper.strategy      | TWAP chunk 2/4: $312 (progress: 50%)
2026-07-04 14:41:57,495 | INFO     | keeper.strategy      | TWAP chunk 3/4: $312 (progress: 75%)
2026-07-04 14:42:44,066 | INFO     | keeper.strategy      | TWAP chunk 4/4: $1,250 (progress: 100%)
2026-07-04 14:43:18,749 | INFO     | keeper.strategy      | TWAP order complete: avg price $0.0000
2026-07-04 14:43:18,750 | INFO     | keeper.strategy      | TWAP order created: $1,250 in 4 chunks of $312 every 6 blocks
2026-07-04 14:44:01,508 | INFO     | keeper.strategy      | TWAP chunk 1/4: $312 (progress: 25%)
2026-07-04 14:44:34,648 | INFO     | keeper.strategy      | TWAP chunk 2/4: $312 (progress: 50%)
2026-07-04 14:45:18,150 | INFO     | keeper.strategy      | TWAP chunk 3/4: $312 (progress: 75%)
2026-07-04 14:46:03,322 | INFO     | keeper.strategy      | TWAP chunk 4/4: $1,250 (progress: 100%)
2026-07-04 14:46:36,921 | INFO     | keeper.strategy      | TWAP order complete: avg price $0.0000
2026-07-04 14:46:36,922 | INFO     | keeper.strategy      | TWAP order created: $1,250 in 4 chunks of $312 every 6 blocks
2026-07-04 14:47:19,092 | INFO     | keeper.strategy      | TWAP chunk 1/4: $312 (progress: 25%)
2026-07-04 14:47:53,873 | INFO     | keeper.strategy      | TWAP chunk 2/4: $312 (progress: 50%)
2026-07-04 14:48:41,354 | INFO     | keeper.strategy      | TWAP chunk 3/4: $312 (progress: 75%)
2026-07-04 14:49:22,675 | INFO     | keeper.strategy      | TWAP chunk 4/4: $1,250 (progress: 100%)
2026-07-04 14:49:55,733 | INFO     | keeper.strategy      | TWAP order complete: avg price $0.0000
2026-07-04 14:49:55,733 | INFO     | keeper.strategy      | TWAP order created: $1,250 in 4 chunks of $312 every 6 blocks
2026-07-04 14:50:39,287 | INFO     | keeper.strategy      | TWAP chunk 1/4: $312 (progress: 25%)
2026-07-04 14:51:13,317 | INFO     | keeper.strategy      | TWAP chunk 2/4: $312 (progress: 50%)
2026-07-04 14:52:00,520 | INFO     | keeper.strategy      | TWAP chunk 3/4: $312 (progress: 75%)
2026-07-04 14:52:35,317 | INFO     | keeper.strategy      | TWAP chunk 4/4: $1,250 (progress: 100%)
2026-07-04 14:53:22,769 | INFO     | keeper.strategy      | TWAP order complete: avg price $0.0000
2026-07-04 14:53:22,769 | INFO     | keeper.strategy      | TWAP order created: $1,250 in 4 chunks of $312 every 6 blocks
2026-07-04 14:53:56,890 | INFO     | keeper.strategy      | TWAP chunk 1/4: $312 (progress: 25%)
2026-07-04 14:54:45,150 | INFO     | keeper.strategy      | TWAP chunk 2/4: $312 (progress: 50%)
2026-07-04 14:55:18,064 | INFO     | keeper.strategy      | TWAP chunk 3/4: $312 (progress: 75%)
2026-07-04 14:56:03,911 | INFO     | keeper.strategy      | TWAP chunk 4/4: $1,250 (progress: 100%)
2026-07-04 14:56:47,592 | INFO     | keeper.strategy      | TWAP order complete: avg price $0.0000
2026-07-04 14:56:47,592 | INFO     | keeper.strategy      | TWAP order created: $1,250 in 4 chunks of $312 every 6 blocks
2026-07-04 14:57:32,973 | INFO     | keeper.strategy      | TWAP chunk 1/4: $312 (progress: 25%)
2026-07-04 14:58:07,895 | INFO     | keeper.strategy      | TWAP chunk 2/4: $312 (progress: 50%)
2026-07-04 14:58:53,606 | INFO     | keeper.strategy      | TWAP chunk 3/4: $312 (progress: 75%)
2026-07-04 14:59:37,914 | INFO     | keeper.strategy      | TWAP chunk 4/4: $1,250 (progress: 100%)
2026-07-04 15:00:23,527 | INFO     | keeper.strategy      | TWAP order complete: avg price $0.0000
2026-07-04 15:00:23,527 | INFO     | keeper.strategy      | TWAP order created: $1,250 in 4 chunks of $312 every 6 blocks
2026-07-04 15:00:59,038 | INFO     | keeper.strategy      | TWAP chunk 1/4: $312 (progress: 25%)
2026-07-04 15:01:43,976 | INFO     | keeper.strategy      | TWAP chunk 2/4: $312 (progress: 50%)
2026-07-04 15:02:16,977 | INFO     | keeper.strategy      | TWAP chunk 3/4: $312 (progress: 75%)
2026-07-04 15:03:01,782 | INFO     | keeper.strategy      | TWAP chunk 4/4: $1,250 (progress: 100%)
2026-07-04 15:03:35,738 | INFO     | keeper.strategy      | TWAP order complete: avg price $0.0000
2026-07-04 15:03:35,739 | INFO     | keeper.strategy      | TWAP order created: $1,250 in 4 chunks of $312 every 6 blocks
2026-07-04 15:04:23,579 | INFO     | keeper.strategy      | TWAP chunk 1/4: $312 (progress: 25%)
2026-07-04 15:04:56,817 | INFO     | keeper.strategy      | TWAP chunk 2/4: $312 (progress: 50%)
2026-07-04 15:05:39,717 | INFO     | keeper.strategy      | TWAP chunk 3/4: $312 (progress: 75%)
2026-07-04 15:06:12,620 | INFO     | keeper.strategy      | TWAP chunk 4/4: $1,250 (progress: 100%)
2026-07-04 15:06:45,351 | INFO     | keeper.strategy      | TWAP order complete: avg price $0.0000
2026-07-04 15:06:45,352 | INFO     | keeper.strategy      | TWAP order created: $1,250 in 4 chunks of $312 every 6 blocks
2026-07-04 15:07:32,852 | INFO     | keeper.strategy      | TWAP chunk 1/4: $312 (progress: 25%)
2026-07-04 15:08:06,452 | INFO     | keeper.strategy      | TWAP chunk 2/4: $312 (progress: 50%)
2026-07-04 15:08:53,262 | INFO     | keeper.strategy      | TWAP chunk 3/4: $312 (progress: 75%)
2026-07-04 15:09:34,162 | INFO     | keeper.strategy      | TWAP chunk 4/4: $1,250 (progress: 100%)
2026-07-04 15:10:22,423 | INFO     | keeper.strategy      | TWAP order complete: avg price $0.0000
2026-07-04 15:10:22,424 | INFO     | keeper.strategy      | TWAP order created: $1,250 in 4 chunks of $312 every 6 blocks
2026-07-04 15:10:56,354 | INFO     | keeper.strategy      | TWAP chunk 1/4: $312 (progress: 25%)
2026-07-04 15:11:42,854 | INFO     | keeper.strategy      | TWAP chunk 2/4: $312 (progress: 50%)
2026-07-04 15:12:15,685 | INFO     | keeper.strategy      | TWAP chunk 3/4: $312 (progress: 75%)
2026-07-04 15:13:03,035 | INFO     | keeper.strategy      | TWAP chunk 4/4: $1,250 (progress: 100%)
2026-07-04 15:13:47,606 | INFO     | keeper.strategy      | TWAP order complete: avg price $0.0000
2026-07-04 15:13:47,607 | INFO     | keeper.strategy      | TWAP order created: $1,250 in 4 chunks of $312 every 6 blocks
2026-07-04 15:14:33,356 | INFO     | keeper.strategy      | TWAP chunk 1/4: $312 (progress: 25%)
2026-07-04 15:15:10,067 | INFO     | keeper.strategy      | TWAP chunk 2/4: $312 (progress: 50%)
2026-07-04 15:15:56,018 | INFO     | keeper.strategy      | TWAP chunk 3/4: $312 (progress: 75%)
2026-07-04 15:16:29,039 | INFO     | keeper.strategy      | TWAP chunk 4/4: $1,250 (progress: 100%)
2026-07-04 15:17:14,019 | INFO     | keeper.strategy      | TWAP order complete: avg price $0.0000
2026-07-04 15:17:14,019 | INFO     | keeper.strategy      | TWAP order created: $1,250 in 4 chunks of $312 every 6 blocks
2026-07-04 15:17:47,431 | INFO     | keeper.strategy      | TWAP chunk 1/4: $312 (progress: 25%)
2026-07-04 15:18:34,141 | INFO     | keeper.strategy      | TWAP chunk 2/4: $312 (progress: 50%)
2026-07-04 15:19:07,780 | INFO     | keeper.strategy      | TWAP chunk 3/4: $312 (progress: 75%)
2026-07-04 15:19:52,821 | INFO     | keeper.strategy      | TWAP chunk 4/4: $1,250 (progress: 100%)
2026-07-04 15:20:26,852 | INFO     | keeper.strategy      | TWAP order complete: avg price $0.0000
2026-07-04 15:20:26,852 | INFO     | keeper.strategy      | TWAP order created: $1,250 in 4 chunks of $312 every 6 blocks
2026-07-04 15:21:13,545 | INFO     | keeper.strategy      | TWAP chunk 1/4: $312 (progress: 25%)
2026-07-04 15:21:46,259 | INFO     | keeper.strategy      | TWAP chunk 2/4: $312 (progress: 50%)
2026-07-04 15:22:27,463 | INFO     | keeper.strategy      | TWAP chunk 3/4: $312 (progress: 75%)
2026-07-04 15:23:14,344 | INFO     | keeper.strategy      | TWAP chunk 4/4: $1,250 (progress: 100%)
2026-07-04 15:23:51,833 | INFO     | keeper.strategy      | TWAP order complete: avg price $0.0000
2026-07-04 15:23:51,833 | INFO     | keeper.strategy      | TWAP order created: $1,250 in 4 chunks of $312 every 6 blocks
2026-07-04 15:24:36,454 | INFO     | keeper.strategy      | TWAP chunk 1/4: $312 (progress: 25%)
2026-07-04 15:25:09,265 | INFO     | keeper.strategy      | TWAP chunk 2/4: $312 (progress: 50%)
2026-07-04 15:25:54,218 | INFO     | keeper.strategy      | TWAP chunk 3/4: $312 (progress: 75%)
2026-07-04 15:26:28,456 | INFO     | keeper.strategy      | TWAP chunk 4/4: $1,250 (progress: 100%)
2026-07-04 15:27:14,625 | INFO     | keeper.strategy      | TWAP order complete: avg price $0.0000
2026-07-04 15:27:14,626 | INFO     | keeper.strategy      | TWAP order created: $1,250 in 4 chunks of $312 every 6 blocks
2026-07-04 15:27:58,917 | INFO     | keeper.strategy      | TWAP chunk 1/4: $312 (progress: 25%)
2026-07-04 15:28:44,888 | INFO     | keeper.strategy      | TWAP chunk 2/4: $312 (progress: 50%)
2026-07-04 15:29:36,078 | INFO     | keeper.strategy      | TWAP chunk 3/4: $312 (progress: 75%)
2026-07-04 15:30:08,840 | INFO     | keeper.strategy      | TWAP chunk 4/4: $1,250 (progress: 100%)
2026-07-04 15:30:53,859 | INFO     | keeper.strategy      | TWAP order complete: avg price $0.0000
2026-07-04 15:30:53,859 | INFO     | keeper.strategy      | TWAP order created: $1,250 in 4 chunks of $312 every 6 blocks
2026-07-04 15:31:26,610 | INFO     | keeper.strategy      | TWAP chunk 1/4: $312 (progress: 25%)
2026-07-04 15:32:11,721 | INFO     | keeper.strategy      | TWAP chunk 2/4: $312 (progress: 50%)
2026-07-04 15:32:44,521 | INFO     | keeper.strategy      | TWAP chunk 3/4: $312 (progress: 75%)
2026-07-04 15:33:18,602 | INFO     | keeper.strategy      | TWAP chunk 4/4: $1,250 (progress: 100%)
2026-07-04 15:34:02,993 | INFO     | keeper.strategy      | TWAP order complete: avg price $0.0000
2026-07-04 15:34:02,994 | INFO     | keeper.strategy      | TWAP order created: $1,250 in 4 chunks of $312 every 6 blocks
2026-07-04 15:34:36,752 | INFO     | keeper.strategy      | TWAP chunk 1/4: $312 (progress: 25%)
2026-07-04 15:35:21,883 | INFO     | keeper.strategy      | TWAP chunk 2/4: $312 (progress: 50%)
2026-07-04 15:36:04,025 | INFO     | keeper.strategy      | TWAP chunk 3/4: $312 (progress: 75%)
2026-07-04 15:36:37,265 | INFO     | keeper.strategy      | TWAP chunk 4/4: $1,250 (progress: 100%)
2026-07-04 15:37:17,518 | INFO     | keeper.strategy      | TWAP order complete: avg price $0.0000
2026-07-04 15:37:17,518 | INFO     | keeper.strategy      | TWAP order created: $1,250 in 4 chunks of $312 every 6 blocks
2026-07-04 15:38:03,106 | INFO     | keeper.strategy      | TWAP chunk 1/4: $312 (progress: 25%)
2026-07-04 15:38:38,447 | INFO     | keeper.strategy      | TWAP chunk 2/4: $312 (progress: 50%)
2026-07-04 15:39:23,397 | INFO     | keeper.strategy      | TWAP chunk 3/4: $312 (progress: 75%)
2026-07-04 15:39:56,598 | INFO     | keeper.strategy      | TWAP chunk 4/4: $1,250 (progress: 100%)
2026-07-04 15:40:43,648 | INFO     | keeper.strategy      | TWAP order complete: avg price $0.0000
2026-07-04 15:40:43,648 | INFO     | keeper.strategy      | TWAP order created: $1,250 in 4 chunks of $312 every 6 blocks
2026-07-04 15:41:17,939 | INFO     | keeper.strategy      | TWAP chunk 1/4: $312 (progress: 25%)
2026-07-04 15:42:02,490 | INFO     | keeper.strategy      | TWAP chunk 2/4: $312 (progress: 50%)
2026-07-04 15:42:35,612 | INFO     | keeper.strategy      | TWAP chunk 3/4: $312 (progress: 75%)
2026-07-04 15:43:23,000 | INFO     | keeper.strategy      | TWAP chunk 4/4: $1,250 (progress: 100%)
2026-07-04 15:43:55,762 | INFO     | keeper.strategy      | TWAP order complete: avg price $0.0000
2026-07-04 15:43:55,762 | INFO     | keeper.strategy      | TWAP order created: $1,250 in 4 chunks of $312 every 6 blocks
2026-07-04 15:44:43,462 | INFO     | keeper.strategy      | TWAP chunk 1/4: $312 (progress: 25%)
2026-07-04 15:45:16,303 | INFO     | keeper.strategy      | TWAP chunk 2/4: $312 (progress: 50%)
2026-07-04 15:46:03,923 | INFO     | keeper.strategy      | TWAP chunk 3/4: $312 (progress: 75%)
2026-07-04 15:46:36,773 | INFO     | keeper.strategy      | TWAP chunk 4/4: $1,250 (progress: 100%)
2026-07-04 15:47:23,266 | INFO     | keeper.strategy      | TWAP order complete: avg price $0.0000
2026-07-04 15:47:23,266 | INFO     | keeper.strategy      | TWAP order created: $1,250 in 4 chunks of $312 every 6 blocks
2026-07-04 15:48:07,446 | INFO     | keeper.strategy      | TWAP chunk 1/4: $312 (progress: 25%)
2026-07-04 15:48:52,543 | INFO     | keeper.strategy      | TWAP chunk 2/4: $312 (progress: 50%)
2026-07-04 15:49:26,267 | INFO     | keeper.strategy      | TWAP chunk 3/4: $312 (progress: 75%)
2026-07-04 15:50:08,467 | INFO     | keeper.strategy      | TWAP chunk 4/4: $1,250 (progress: 100%)
2026-07-04 15:50:53,898 | INFO     | keeper.strategy      | TWAP order complete: avg price $0.0000
2026-07-04 15:50:53,898 | INFO     | keeper.strategy      | TWAP order created: $1,250 in 4 chunks of $312 every 6 blocks
2026-07-04 15:51:29,378 | INFO     | keeper.strategy      | TWAP chunk 1/4: $312 (progress: 25%)
2026-07-04 15:52:11,598 | INFO     | keeper.strategy      | TWAP chunk 2/4: $312 (progress: 50%)
2026-07-04 15:52:45,329 | INFO     | keeper.strategy      | TWAP chunk 3/4: $312 (progress: 75%)
2026-07-04 15:53:18,280 | INFO     | keeper.strategy      | TWAP chunk 4/4: $1,250 (progress: 100%)
2026-07-04 15:54:02,931 | INFO     | keeper.strategy      | TWAP order complete: avg price $0.0000
2026-07-04 15:54:02,931 | INFO     | keeper.strategy      | TWAP order created: $1,250 in 4 chunks of $312 every 6 blocks
2026-07-04 15:54:43,882 | INFO     | keeper.strategy      | TWAP chunk 1/4: $312 (progress: 25%)
2026-07-04 15:55:19,151 | INFO     | keeper.strategy      | TWAP chunk 2/4: $312 (progress: 50%)
2026-07-04 15:56:03,879 | INFO     | keeper.strategy      | TWAP chunk 3/4: $312 (progress: 75%)
2026-07-04 15:56:51,412 | INFO     | keeper.strategy      | TWAP chunk 4/4: $1,250 (progress: 100%)
2026-07-04 15:57:25,414 | INFO     | keeper.strategy      | TWAP order complete: avg price $0.0000
2026-07-04 15:57:25,414 | INFO     | keeper.strategy      | TWAP order created: $1,250 in 4 chunks of $312 every 6 blocks
2026-07-04 15:58:12,873 | INFO     | keeper.strategy      | TWAP chunk 1/4: $312 (progress: 25%)
2026-07-04 15:58:57,623 | INFO     | keeper.strategy      | TWAP chunk 2/4: $312 (progress: 50%)
2026-07-04 15:59:44,255 | INFO     | keeper.strategy      | TWAP chunk 3/4: $312 (progress: 75%)
2026-07-04 16:00:20,585 | INFO     | keeper.strategy      | TWAP chunk 4/4: $1,250 (progress: 100%)
2026-07-04 16:01:05,445 | INFO     | keeper.strategy      | TWAP order complete: avg price $0.0000
2026-07-04 16:01:05,446 | INFO     | keeper.strategy      | TWAP order created: $1,250 in 4 chunks of $312 every 6 blocks
2026-07-04 16:01:38,846 | INFO     | keeper.strategy      | TWAP chunk 1/4: $312 (progress: 25%)
2026-07-04 16:02:22,857 | INFO     | keeper.strategy      | TWAP chunk 2/4: $312 (progress: 50%)
2026-07-04 16:02:56,348 | INFO     | keeper.strategy      | TWAP chunk 3/4: $312 (progress: 75%)
2026-07-04 16:03:43,628 | INFO     | keeper.strategy      | TWAP chunk 4/4: $1,250 (progress: 100%)
2026-07-04 16:04:31,079 | INFO     | keeper.strategy      | TWAP order complete: avg price $0.0000
2026-07-04 16:04:31,079 | INFO     | keeper.strategy      | TWAP order created: $1,250 in 4 chunks of $312 every 6 blocks
2026-07-04 16:05:04,369 | INFO     | keeper.strategy      | TWAP chunk 1/4: $312 (progress: 25%)
2026-07-04 16:05:49,702 | INFO     | keeper.strategy      | TWAP chunk 2/4: $312 (progress: 50%)
2026-07-04 16:06:34,390 | INFO     | keeper.strategy      | TWAP chunk 3/4: $312 (progress: 75%)
2026-07-04 16:07:25,450 | INFO     | keeper.strategy      | TWAP chunk 4/4: $1,250 (progress: 100%)
2026-07-04 16:08:01,056 | INFO     | keeper.strategy      | TWAP order complete: avg price $0.0000
2026-07-04 16:08:01,056 | INFO     | keeper.strategy      | TWAP order created: $1,250 in 4 chunks of $312 every 6 blocks
2026-07-04 16:08:46,772 | INFO     | keeper.strategy      | TWAP chunk 1/4: $312 (progress: 25%)
2026-07-04 16:09:32,813 | INFO     | keeper.strategy      | TWAP chunk 2/4: $312 (progress: 50%)
2026-07-04 16:10:06,664 | INFO     | keeper.strategy      | TWAP chunk 3/4: $312 (progress: 75%)
2026-07-04 16:10:54,353 | INFO     | keeper.strategy      | TWAP chunk 4/4: $1,250 (progress: 100%)
2026-07-04 16:11:38,077 | INFO     | keeper.strategy      | TWAP order complete: avg price $0.0000
2026-07-04 16:11:38,077 | INFO     | keeper.strategy      | TWAP order created: $1,250 in 4 chunks of $312 every 6 blocks
2026-07-04 16:12:12,494 | INFO     | keeper.strategy      | TWAP chunk 1/4: $312 (progress: 25%)
2026-07-04 16:12:56,765 | INFO     | keeper.strategy      | TWAP chunk 2/4: $312 (progress: 50%)
2026-07-04 16:13:32,525 | INFO     | keeper.strategy      | TWAP chunk 3/4: $312 (progress: 75%)
2026-07-04 16:14:16,302 | INFO     | keeper.strategy      | TWAP chunk 4/4: $1,250 (progress: 100%)
2026-07-04 16:15:03,307 | INFO     | keeper.strategy      | TWAP order complete: avg price $0.0000
2026-07-04 16:15:03,311 | INFO     | keeper.strategy      | TWAP order created: $1,250 in 4 chunks of $312 every 6 blocks
2026-07-04 16:15:38,643 | INFO     | keeper.strategy      | TWAP chunk 1/4: $312 (progress: 25%)
2026-07-04 16:16:16,347 | INFO     | keeper.strategy      | TWAP chunk 2/4: $312 (progress: 50%)
2026-07-04 16:16:52,887 | INFO     | keeper.strategy      | TWAP chunk 3/4: $312 (progress: 75%)
2026-07-04 16:17:25,987 | INFO     | keeper.strategy      | TWAP chunk 4/4: $1,250 (progress: 100%)
2026-07-04 16:18:12,718 | INFO     | keeper.strategy      | TWAP order complete: avg price $0.0000
2026-07-04 16:18:12,718 | INFO     | keeper.strategy      | TWAP order created: $1,250 in 4 chunks of $312 every 6 blocks
2026-07-04 16:18:54,130 | INFO     | keeper.strategy      | TWAP chunk 1/4: $312 (progress: 25%)
2026-07-04 16:19:29,488 | INFO     | keeper.strategy      | TWAP chunk 2/4: $312 (progress: 50%)
2026-07-04 16:20:13,830 | INFO     | keeper.strategy      | TWAP chunk 3/4: $312 (progress: 75%)
2026-07-04 16:20:57,520 | INFO     | keeper.strategy      | TWAP chunk 4/4: $1,250 (progress: 100%)
2026-07-04 16:21:43,471 | INFO     | keeper.strategy      | TWAP order complete: avg price $0.0000
2026-07-04 16:21:43,475 | INFO     | keeper.strategy      | TWAP order created: $1,250 in 4 chunks of $312 every 6 blocks
2026-07-04 16:22:17,222 | INFO     | keeper.strategy      | TWAP chunk 1/4: $312 (progress: 25%)
2026-07-04 16:22:56,651 | INFO     | keeper.strategy      | TWAP chunk 2/4: $312 (progress: 50%)
2026-07-04 16:23:33,052 | INFO     | keeper.strategy      | TWAP chunk 3/4: $312 (progress: 75%)
2026-07-04 16:24:17,672 | INFO     | keeper.strategy      | TWAP chunk 4/4: $1,250 (progress: 100%)
2026-07-04 16:25:02,364 | INFO     | keeper.strategy      | TWAP order complete: avg price $0.0000
2026-07-04 16:25:02,364 | INFO     | keeper.strategy      | TWAP order created: $1,250 in 4 chunks of $312 every 6 blocks
2026-07-04 16:25:36,044 | INFO     | keeper.strategy      | TWAP chunk 1/4: $312 (progress: 25%)
2026-07-04 16:26:21,166 | INFO     | keeper.strategy      | TWAP chunk 2/4: $312 (progress: 50%)
2026-07-04 16:26:54,846 | INFO     | keeper.strategy      | TWAP chunk 3/4: $312 (progress: 75%)
2026-07-04 16:27:27,856 | INFO     | keeper.strategy      | TWAP chunk 4/4: $1,250 (progress: 100%)
2026-07-04 16:28:14,257 | INFO     | keeper.strategy      | TWAP order complete: avg price $0.0000
2026-07-04 16:28:14,257 | INFO     | keeper.strategy      | TWAP order created: $1,250 in 4 chunks of $312 every 6 blocks
2026-07-04 16:28:47,636 | INFO     | keeper.strategy      | TWAP chunk 1/4: $312 (progress: 25%)
2026-07-04 16:29:33,478 | INFO     | keeper.strategy      | TWAP chunk 2/4: $312 (progress: 50%)
2026-07-04 16:30:06,686 | INFO     | keeper.strategy      | TWAP chunk 3/4: $312 (progress: 75%)
2026-07-04 16:30:52,459 | INFO     | keeper.strategy      | TWAP chunk 4/4: $1,250 (progress: 100%)
2026-07-04 16:31:37,798 | INFO     | keeper.strategy      | TWAP order complete: avg price $0.0000
2026-07-04 16:31:37,798 | INFO     | keeper.strategy      | TWAP order created: $1,250 in 4 chunks of $312 every 6 blocks
2026-07-04 16:32:22,768 | INFO     | keeper.strategy      | TWAP chunk 1/4: $312 (progress: 25%)
2026-07-04 16:32:59,318 | INFO     | keeper.strategy      | TWAP chunk 2/4: $312 (progress: 50%)
2026-07-04 16:33:42,519 | INFO     | keeper.strategy      | TWAP chunk 3/4: $312 (progress: 75%)
2026-07-04 16:34:15,251 | INFO     | keeper.strategy      | TWAP chunk 4/4: $1,250 (progress: 100%)
2026-07-04 16:34:48,360 | INFO     | keeper.strategy      | TWAP order complete: avg price $0.0000
2026-07-04 16:34:48,361 | INFO     | keeper.strategy      | TWAP order created: $1,250 in 4 chunks of $312 every 6 blocks
2026-07-04 16:35:33,571 | INFO     | keeper.strategy      | TWAP chunk 1/4: $312 (progress: 25%)
2026-07-04 16:36:06,503 | INFO     | keeper.strategy      | TWAP chunk 2/4: $312 (progress: 50%)
2026-07-04 16:36:51,421 | INFO     | keeper.strategy      | TWAP chunk 3/4: $312 (progress: 75%)
2026-07-04 16:37:36,762 | INFO     | keeper.strategy      | TWAP chunk 4/4: $1,250 (progress: 100%)
2026-07-04 16:38:23,762 | INFO     | keeper.strategy      | TWAP order complete: avg price $0.0000
2026-07-04 16:38:23,762 | INFO     | keeper.strategy      | TWAP order created: $1,250 in 4 chunks of $312 every 6 blocks
2026-07-04 16:38:56,672 | INFO     | keeper.strategy      | TWAP chunk 1/4: $312 (progress: 25%)
2026-07-04 16:39:35,914 | INFO     | keeper.strategy      | TWAP chunk 2/4: $312 (progress: 50%)
2026-07-04 16:40:08,680 | INFO     | keeper.strategy      | TWAP chunk 3/4: $312 (progress: 75%)
2026-07-04 16:40:53,904 | INFO     | keeper.strategy      | TWAP chunk 4/4: $1,250 (progress: 100%)
2026-07-04 16:41:26,758 | INFO     | keeper.strategy      | TWAP order complete: avg price $0.0000
2026-07-04 16:41:26,758 | INFO     | keeper.strategy      | TWAP order created: $1,250 in 4 chunks of $312 every 6 blocks
2026-07-04 16:42:13,204 | INFO     | keeper.strategy      | TWAP chunk 1/4: $312 (progress: 25%)
2026-07-04 16:42:57,766 | INFO     | keeper.strategy      | TWAP chunk 2/4: $312 (progress: 50%)
2026-07-04 16:43:33,255 | INFO     | keeper.strategy      | TWAP chunk 3/4: $312 (progress: 75%)
2026-07-04 16:44:16,466 | INFO     | keeper.strategy      | TWAP chunk 4/4: $1,250 (progress: 100%)
2026-07-04 16:45:01,907 | INFO     | keeper.strategy      | TWAP order complete: avg price $0.0000
2026-07-04 16:45:01,907 | INFO     | keeper.strategy      | TWAP order created: $1,250 in 4 chunks of $312 every 6 blocks
2026-07-04 16:45:34,607 | INFO     | keeper.strategy      | TWAP chunk 1/4: $312 (progress: 25%)
2026-07-04 16:46:09,368 | INFO     | keeper.strategy      | TWAP chunk 2/4: $312 (progress: 50%)
2026-07-04 16:46:52,698 | INFO     | keeper.strategy      | TWAP chunk 3/4: $312 (progress: 75%)
2026-07-04 16:47:26,709 | INFO     | keeper.strategy      | TWAP chunk 4/4: $1,250 (progress: 100%)
2026-07-04 16:48:12,959 | INFO     | keeper.strategy      | TWAP order complete: avg price $0.0000
2026-07-04 16:48:12,959 | INFO     | keeper.strategy      | TWAP order created: $1,250 in 4 chunks of $312 every 6 blocks
2026-07-04 16:48:54,170 | INFO     | keeper.strategy      | TWAP chunk 1/4: $312 (progress: 25%)
2026-07-04 16:49:30,050 | INFO     | keeper.strategy      | TWAP chunk 2/4: $312 (progress: 50%)
2026-07-04 16:50:15,151 | INFO     | keeper.strategy      | TWAP chunk 3/4: $312 (progress: 75%)
2026-07-04 16:51:01,901 | INFO     | keeper.strategy      | TWAP chunk 4/4: $1,250 (progress: 100%)
2026-07-04 16:51:35,182 | INFO     | keeper.strategy      | TWAP order complete: avg price $0.0000
2026-07-04 16:51:35,182 | INFO     | keeper.strategy      | TWAP order created: $1,250 in 4 chunks of $312 every 6 blocks
2026-07-04 16:52:08,133 | INFO     | keeper.strategy      | TWAP chunk 1/4: $312 (progress: 25%)
2026-07-04 16:52:52,562 | INFO     | keeper.strategy      | TWAP chunk 2/4: $312 (progress: 50%)
2026-07-04 16:53:25,764 | INFO     | keeper.strategy      | TWAP chunk 3/4: $312 (progress: 75%)
2026-07-04 16:54:12,334 | INFO     | keeper.strategy      | TWAP chunk 4/4: $1,250 (progress: 100%)
2026-07-04 16:54:57,635 | INFO     | keeper.strategy      | TWAP order complete: avg price $0.0000
2026-07-04 16:54:57,635 | INFO     | keeper.strategy      | TWAP order created: $1,250 in 4 chunks of $312 every 6 blocks
2026-07-04 16:55:33,864 | INFO     | keeper.strategy      | TWAP chunk 1/4: $312 (progress: 25%)
2026-07-04 16:56:20,167 | INFO     | keeper.strategy      | TWAP chunk 2/4: $312 (progress: 50%)
2026-07-04 16:57:03,145 | INFO     | keeper.strategy      | TWAP chunk 3/4: $312 (progress: 75%)
2026-07-04 16:57:38,436 | INFO     | keeper.strategy      | TWAP chunk 4/4: $1,250 (progress: 100%)
2026-07-04 16:58:18,661 | INFO     | keeper.strategy      | TWAP order complete: avg price $0.0000
2026-07-04 16:58:18,663 | INFO     | keeper.strategy      | TWAP order created: $1,250 in 4 chunks of $312 every 6 blocks
2026-07-04 16:58:53,858 | INFO     | keeper.strategy      | TWAP chunk 1/4: $312 (progress: 25%)
2026-07-04 16:59:39,386 | INFO     | keeper.strategy      | TWAP chunk 2/4: $312 (progress: 50%)
2026-07-04 17:00:24,568 | INFO     | keeper.strategy      | TWAP chunk 3/4: $312 (progress: 75%)
2026-07-04 17:00:58,209 | INFO     | keeper.strategy      | TWAP chunk 4/4: $1,250 (progress: 100%)
2026-07-04 17:01:43,149 | INFO     | keeper.strategy      | TWAP order complete: avg price $0.0000
2026-07-04 17:01:43,150 | INFO     | keeper.strategy      | TWAP order created: $1,250 in 4 chunks of $312 every 6 blocks
2026-07-04 17:02:16,419 | INFO     | keeper.strategy      | TWAP chunk 1/4: $312 (progress: 25%)
2026-07-04 17:03:03,031 | INFO     | keeper.strategy      | TWAP chunk 2/4: $312 (progress: 50%)
2026-07-04 17:03:44,131 | INFO     | keeper.strategy      | TWAP chunk 3/4: $312 (progress: 75%)
2026-07-04 17:04:19,853 | INFO     | keeper.strategy      | TWAP chunk 4/4: $1,250 (progress: 100%)
2026-07-04 17:05:04,241 | INFO     | keeper.strategy      | TWAP order complete: avg price $0.0000
2026-07-04 17:05:04,242 | INFO     | keeper.strategy      | TWAP order created: $1,250 in 4 chunks of $312 every 6 blocks
2026-07-04 17:05:37,512 | INFO     | keeper.strategy      | TWAP chunk 1/4: $312 (progress: 25%)
2026-07-04 17:06:23,753 | INFO     | keeper.strategy      | TWAP chunk 2/4: $312 (progress: 50%)
2026-07-04 17:06:56,743 | INFO     | keeper.strategy      | TWAP chunk 3/4: $312 (progress: 75%)
2026-07-04 17:07:42,724 | INFO     | keeper.strategy      | TWAP chunk 4/4: $1,250 (progress: 100%)
2026-07-04 17:08:15,435 | INFO     | keeper.strategy      | TWAP order complete: avg price $0.0000
2026-07-04 17:08:15,435 | INFO     | keeper.strategy      | TWAP order created: $1,250 in 4 chunks of $312 every 6 blocks
2026-07-04 17:08:48,147 | INFO     | keeper.strategy      | TWAP chunk 1/4: $312 (progress: 25%)
2026-07-04 17:09:32,855 | INFO     | keeper.strategy      | TWAP chunk 2/4: $312 (progress: 50%)
2026-07-04 17:10:05,925 | INFO     | keeper.strategy      | TWAP chunk 3/4: $312 (progress: 75%)
2026-07-04 17:10:47,906 | INFO     | keeper.strategy      | TWAP chunk 4/4: $1,250 (progress: 100%)
2026-07-04 17:11:24,378 | INFO     | keeper.strategy      | TWAP order complete: avg price $0.0000
2026-07-04 17:11:24,378 | INFO     | keeper.strategy      | TWAP order created: $1,250 in 4 chunks of $312 every 6 blocks
2026-07-04 17:12:11,157 | INFO     | keeper.strategy      | TWAP chunk 1/4: $312 (progress: 25%)
2026-07-04 17:12:53,737 | INFO     | keeper.strategy      | TWAP chunk 2/4: $312 (progress: 50%)
2026-07-04 17:13:29,188 | INFO     | keeper.strategy      | TWAP chunk 3/4: $312 (progress: 75%)
2026-07-04 17:14:09,479 | INFO     | keeper.strategy      | TWAP chunk 4/4: $1,250 (progress: 100%)
2026-07-04 17:14:42,960 | INFO     | keeper.strategy      | TWAP order complete: avg price $0.0000
2026-07-04 17:14:42,961 | INFO     | keeper.strategy      | TWAP order created: $1,250 in 4 chunks of $312 every 6 blocks
2026-07-04 17:15:15,780 | INFO     | keeper.strategy      | TWAP chunk 1/4: $312 (progress: 25%)
2026-07-04 17:16:01,790 | INFO     | keeper.strategy      | TWAP chunk 2/4: $312 (progress: 50%)
2026-07-04 17:16:35,051 | INFO     | keeper.strategy      | TWAP chunk 3/4: $312 (progress: 75%)
2026-07-04 17:17:09,211 | INFO     | keeper.strategy      | TWAP chunk 4/4: $1,250 (progress: 100%)
2026-07-04 17:17:53,183 | INFO     | keeper.strategy      | TWAP order complete: avg price $0.0000
2026-07-04 17:17:53,183 | INFO     | keeper.strategy      | TWAP order created: $1,250 in 4 chunks of $312 every 6 blocks
2026-07-04 17:18:26,263 | INFO     | keeper.strategy      | TWAP chunk 1/4: $312 (progress: 25%)
2026-07-04 17:19:12,724 | INFO     | keeper.strategy      | TWAP chunk 2/4: $312 (progress: 50%)
2026-07-04 17:19:46,416 | INFO     | keeper.strategy      | TWAP chunk 3/4: $312 (progress: 75%)
2026-07-04 17:20:25,639 | INFO     | keeper.strategy      | TWAP chunk 4/4: $1,250 (progress: 100%)
2026-07-04 17:21:02,504 | INFO     | keeper.strategy      | TWAP order complete: avg price $0.0000
2026-07-04 17:21:02,504 | INFO     | keeper.strategy      | TWAP order created: $1,250 in 4 chunks of $312 every 6 blocks
2026-07-04 17:21:35,418 | INFO     | keeper.strategy      | TWAP chunk 1/4: $312 (progress: 25%)
2026-07-04 17:22:21,737 | INFO     | keeper.strategy      | TWAP chunk 2/4: $312 (progress: 50%)
2026-07-04 17:22:55,850 | INFO     | keeper.strategy      | TWAP chunk 3/4: $312 (progress: 75%)
2026-07-04 17:23:42,010 | INFO     | keeper.strategy      | TWAP chunk 4/4: $1,250 (progress: 100%)
2026-07-04 17:24:27,739 | INFO     | keeper.strategy      | TWAP order complete: avg price $0.0000
2026-07-04 17:24:27,740 | INFO     | keeper.strategy      | TWAP order created: $1,250 in 4 chunks of $312 every 6 blocks
2026-07-04 17:25:13,840 | INFO     | keeper.strategy      | TWAP chunk 1/4: $312 (progress: 25%)
2026-07-04 17:26:02,720 | INFO     | keeper.strategy      | TWAP chunk 2/4: $312 (progress: 50%)
2026-07-04 17:26:38,815 | INFO     | keeper.strategy      | TWAP chunk 3/4: $312 (progress: 75%)
2026-07-04 17:27:13,063 | INFO     | keeper.strategy      | TWAP chunk 4/4: $1,250 (progress: 100%)
2026-07-04 17:28:01,292 | INFO     | keeper.strategy      | TWAP order complete: avg price $0.0000
2026-07-04 17:28:01,292 | INFO     | keeper.strategy      | TWAP order created: $1,250 in 4 chunks of $312 every 6 blocks
2026-07-04 17:28:34,043 | INFO     | keeper.strategy      | TWAP chunk 1/4: $312 (progress: 25%)
2026-07-04 17:29:18,135 | INFO     | keeper.strategy      | TWAP chunk 2/4: $312 (progress: 50%)
2026-07-04 17:30:03,844 | INFO     | keeper.strategy      | TWAP chunk 3/4: $312 (progress: 75%)
2026-07-04 17:30:40,708 | INFO     | keeper.strategy      | TWAP chunk 4/4: $1,250 (progress: 100%)
2026-07-04 17:31:27,915 | INFO     | keeper.strategy      | TWAP order complete: avg price $0.0000
2026-07-04 17:31:27,915 | INFO     | keeper.strategy      | TWAP order created: $1,250 in 4 chunks of $312 every 6 blocks
2026-07-04 17:32:13,285 | INFO     | keeper.strategy      | TWAP chunk 1/4: $312 (progress: 25%)
2026-07-04 17:32:46,077 | INFO     | keeper.strategy      | TWAP chunk 2/4: $312 (progress: 50%)
2026-07-04 17:33:27,767 | INFO     | keeper.strategy      | TWAP chunk 3/4: $312 (progress: 75%)
2026-07-04 17:34:03,795 | INFO     | keeper.strategy      | TWAP chunk 4/4: $1,250 (progress: 100%)
2026-07-04 17:34:52,648 | INFO     | keeper.strategy      | TWAP order complete: avg price $0.0000
2026-07-04 17:34:52,648 | INFO     | keeper.strategy      | TWAP order created: $1,250 in 4 chunks of $312 every 6 blocks
2026-07-04 17:35:25,508 | INFO     | keeper.strategy      | TWAP chunk 1/4: $312 (progress: 25%)
2026-07-04 17:36:14,949 | INFO     | keeper.strategy      | TWAP chunk 2/4: $312 (progress: 50%)
2026-07-04 17:36:47,700 | INFO     | keeper.strategy      | TWAP chunk 3/4: $312 (progress: 75%)
2026-07-04 17:37:33,091 | INFO     | keeper.strategy      | TWAP chunk 4/4: $1,250 (progress: 100%)
2026-07-04 17:38:13,891 | INFO     | keeper.strategy      | TWAP order complete: avg price $0.0000
2026-07-04 17:38:13,891 | INFO     | keeper.strategy      | TWAP order created: $1,250 in 4 chunks of $312 every 6 blocks
2026-07-04 17:39:02,390 | INFO     | keeper.strategy      | TWAP chunk 1/4: $312 (progress: 25%)
2026-07-04 17:39:35,882 | INFO     | keeper.strategy      | TWAP chunk 2/4: $312 (progress: 50%)
2026-07-04 17:40:14,843 | INFO     | keeper.strategy      | TWAP chunk 3/4: $312 (progress: 75%)
2026-07-04 17:40:50,174 | INFO     | keeper.strategy      | TWAP chunk 4/4: $1,250 (progress: 100%)
2026-07-04 17:41:35,613 | INFO     | keeper.strategy      | TWAP order complete: avg price $0.0000
2026-07-04 17:41:35,614 | INFO     | keeper.strategy      | TWAP order created: $1,250 in 4 chunks of $312 every 6 blocks
2026-07-04 17:42:13,704 | INFO     | keeper.strategy      | TWAP chunk 1/4: $312 (progress: 25%)
2026-07-04 17:42:47,368 | INFO     | keeper.strategy      | TWAP chunk 2/4: $312 (progress: 50%)
2026-07-04 17:43:27,437 | INFO     | keeper.strategy      | TWAP chunk 3/4: $312 (progress: 75%)
2026-07-04 17:44:04,157 | INFO     | keeper.strategy      | TWAP chunk 4/4: $1,250 (progress: 100%)
2026-07-04 17:44:46,437 | INFO     | keeper.strategy      | TWAP order complete: avg price $0.0000
2026-07-04 17:44:46,439 | INFO     | keeper.strategy      | TWAP order created: $1,250 in 4 chunks of $312 every 6 blocks
2026-07-04 17:45:31,637 | INFO     | keeper.strategy      | TWAP chunk 1/4: $312 (progress: 25%)
2026-07-04 17:46:05,087 | INFO     | keeper.strategy      | TWAP chunk 2/4: $312 (progress: 50%)
2026-07-04 17:46:47,278 | INFO     | keeper.strategy      | TWAP chunk 3/4: $312 (progress: 75%)
2026-07-04 17:47:33,919 | INFO     | keeper.strategy      | TWAP chunk 4/4: $1,250 (progress: 100%)
2026-07-04 17:48:08,331 | INFO     | keeper.strategy      | TWAP order complete: avg price $0.0000
2026-07-04 17:48:08,331 | INFO     | keeper.strategy      | TWAP order created: $1,250 in 4 chunks of $312 every 6 blocks
2026-07-04 17:48:53,060 | INFO     | keeper.strategy      | TWAP chunk 1/4: $312 (progress: 25%)
2026-07-04 17:49:34,581 | INFO     | keeper.strategy      | TWAP chunk 2/4: $312 (progress: 50%)
2026-07-04 17:50:09,970 | INFO     | keeper.strategy      | TWAP chunk 3/4: $312 (progress: 75%)
2026-07-04 17:50:55,322 | INFO     | keeper.strategy      | TWAP chunk 4/4: $1,250 (progress: 100%)
2026-07-04 17:51:38,142 | INFO     | keeper.strategy      | TWAP order complete: avg price $0.0000
2026-07-04 17:51:38,142 | INFO     | keeper.strategy      | TWAP order created: $1,250 in 4 chunks of $312 every 6 blocks
2026-07-04 17:52:12,722 | INFO     | keeper.strategy      | TWAP chunk 1/4: $312 (progress: 25%)
2026-07-04 17:52:55,983 | INFO     | keeper.strategy      | TWAP chunk 2/4: $312 (progress: 50%)
2026-07-04 17:53:28,714 | INFO     | keeper.strategy      | TWAP chunk 3/4: $312 (progress: 75%)
2026-07-04 17:54:14,184 | INFO     | keeper.strategy      | TWAP chunk 4/4: $1,250 (progress: 100%)
2026-07-04 17:54:54,298 | INFO     | keeper.strategy      | TWAP order complete: avg price $0.0000
2026-07-04 17:54:54,298 | INFO     | keeper.strategy      | TWAP order created: $1,250 in 4 chunks of $312 every 6 blocks
2026-07-04 17:55:27,554 | INFO     | keeper.strategy      | TWAP chunk 1/4: $312 (progress: 25%)
2026-07-04 17:56:09,136 | INFO     | keeper.strategy      | TWAP chunk 2/4: $312 (progress: 50%)
2026-07-04 17:56:42,785 | INFO     | keeper.strategy      | TWAP chunk 3/4: $312 (progress: 75%)
2026-07-04 17:57:24,887 | INFO     | keeper.strategy      | TWAP chunk 4/4: $1,250 (progress: 100%)
2026-07-04 17:58:00,809 | INFO     | keeper.strategy      | TWAP order complete: avg price $0.0000
2026-07-04 17:58:00,809 | INFO     | keeper.strategy      | TWAP order created: $1,250 in 4 chunks of $312 every 6 blocks
2026-07-04 17:58:45,397 | INFO     | keeper.strategy      | TWAP chunk 1/4: $312 (progress: 25%)
2026-07-04 17:59:27,608 | INFO     | keeper.strategy      | TWAP chunk 2/4: $312 (progress: 50%)
2026-07-04 18:00:00,409 | INFO     | keeper.strategy      | TWAP chunk 3/4: $312 (progress: 75%)
2026-07-04 18:00:43,880 | INFO     | keeper.strategy      | TWAP chunk 4/4: $1,250 (progress: 100%)
2026-07-04 18:01:16,920 | INFO     | keeper.strategy      | TWAP order complete: avg price $0.0000
2026-07-04 18:01:16,921 | INFO     | keeper.strategy      | TWAP order created: $1,250 in 4 chunks of $312 every 6 blocks
2026-07-04 18:02:01,801 | INFO     | keeper.strategy      | TWAP chunk 1/4: $312 (progress: 25%)
2026-07-04 18:02:43,579 | INFO     | keeper.strategy      | TWAP chunk 2/4: $312 (progress: 50%)
2026-07-04 18:03:16,712 | INFO     | keeper.strategy      | TWAP chunk 3/4: $312 (progress: 75%)
2026-07-04 18:03:57,961 | INFO     | keeper.strategy      | TWAP chunk 4/4: $1,250 (progress: 100%)
2026-07-04 18:04:34,234 | INFO     | keeper.strategy      | TWAP order complete: avg price $0.0000
2026-07-04 18:04:34,235 | INFO     | keeper.strategy      | TWAP order created: $1,250 in 4 chunks of $312 every 6 blocks
2026-07-04 18:05:19,171 | INFO     | keeper.strategy      | TWAP chunk 1/4: $312 (progress: 25%)
2026-07-04 18:06:04,074 | INFO     | keeper.strategy      | TWAP chunk 2/4: $312 (progress: 50%)
2026-07-04 18:06:37,014 | INFO     | keeper.strategy      | TWAP chunk 3/4: $312 (progress: 75%)
2026-07-04 18:07:18,911 | INFO     | keeper.strategy      | TWAP chunk 4/4: $1,250 (progress: 100%)
2026-07-04 18:07:51,996 | INFO     | keeper.strategy      | TWAP order complete: avg price $0.0000
2026-07-04 18:07:51,996 | INFO     | keeper.strategy      | TWAP order created: $1,250 in 4 chunks of $312 every 6 blocks
2026-07-04 18:08:36,308 | INFO     | keeper.strategy      | TWAP chunk 1/4: $312 (progress: 25%)
2026-07-04 18:09:09,683 | INFO     | keeper.strategy      | TWAP chunk 2/4: $312 (progress: 50%)
2026-07-04 18:09:54,637 | INFO     | keeper.strategy      | TWAP chunk 3/4: $312 (progress: 75%)
2026-07-04 18:10:28,099 | INFO     | keeper.strategy      | TWAP chunk 4/4: $1,250 (progress: 100%)
2026-07-04 18:11:11,182 | INFO     | keeper.strategy      | TWAP order complete: avg price $0.0000
2026-07-04 18:11:11,183 | INFO     | keeper.strategy      | TWAP order created: $1,250 in 4 chunks of $312 every 6 blocks
2026-07-04 18:11:53,605 | INFO     | keeper.strategy      | TWAP chunk 1/4: $312 (progress: 25%)
2026-07-04 18:12:26,655 | INFO     | keeper.strategy      | TWAP chunk 2/4: $312 (progress: 50%)
2026-07-04 18:13:11,653 | INFO     | keeper.strategy      | TWAP chunk 3/4: $312 (progress: 75%)
2026-07-04 18:13:45,504 | INFO     | keeper.strategy      | TWAP chunk 4/4: $1,250 (progress: 100%)
2026-07-04 18:14:31,105 | INFO     | keeper.strategy      | TWAP order complete: avg price $0.0000
2026-07-04 18:14:31,105 | INFO     | keeper.strategy      | TWAP order created: $1,250 in 4 chunks of $312 every 6 blocks
2026-07-04 18:15:13,893 | INFO     | keeper.strategy      | TWAP chunk 1/4: $312 (progress: 25%)
2026-07-04 18:15:46,992 | INFO     | keeper.strategy      | TWAP chunk 2/4: $312 (progress: 50%)
2026-07-04 18:16:28,123 | INFO     | keeper.strategy      | TWAP chunk 3/4: $312 (progress: 75%)
2026-07-04 18:17:13,194 | INFO     | keeper.strategy      | TWAP chunk 4/4: $1,250 (progress: 100%)
2026-07-04 18:17:46,603 | INFO     | keeper.strategy      | TWAP order complete: avg price $0.0000
2026-07-04 18:17:46,604 | INFO     | keeper.strategy      | TWAP order created: $1,250 in 4 chunks of $312 every 6 blocks
2026-07-04 18:18:31,734 | INFO     | keeper.strategy      | TWAP chunk 1/4: $312 (progress: 25%)
2026-07-04 18:19:05,424 | INFO     | keeper.strategy      | TWAP chunk 2/4: $312 (progress: 50%)
2026-07-04 18:19:49,435 | INFO     | keeper.strategy      | TWAP chunk 3/4: $312 (progress: 75%)
2026-07-04 18:20:33,436 | INFO     | keeper.strategy      | TWAP chunk 4/4: $1,250 (progress: 100%)
2026-07-04 18:21:06,827 | INFO     | keeper.strategy      | TWAP order complete: avg price $0.0000
2026-07-04 18:21:06,828 | INFO     | keeper.strategy      | TWAP order created: $1,250 in 4 chunks of $312 every 6 blocks
2026-07-04 18:21:54,216 | INFO     | keeper.strategy      | TWAP chunk 1/4: $312 (progress: 25%)
2026-07-04 18:22:26,987 | INFO     | keeper.strategy      | TWAP chunk 2/4: $312 (progress: 50%)
2026-07-04 18:23:12,817 | INFO     | keeper.strategy      | TWAP chunk 3/4: $312 (progress: 75%)
2026-07-04 18:23:54,276 | INFO     | keeper.strategy      | TWAP chunk 4/4: $1,250 (progress: 100%)
2026-07-04 18:24:29,657 | INFO     | keeper.strategy      | TWAP order complete: avg price $0.0000
2026-07-04 18:24:29,657 | INFO     | keeper.strategy      | TWAP order created: $1,250 in 4 chunks of $312 every 6 blocks
2026-07-04 18:25:14,058 | INFO     | keeper.strategy      | TWAP chunk 1/4: $312 (progress: 25%)
2026-07-04 18:25:54,546 | INFO     | keeper.strategy      | TWAP chunk 2/4: $312 (progress: 50%)
2026-07-04 18:26:27,576 | INFO     | keeper.strategy      | TWAP chunk 3/4: $312 (progress: 75%)
2026-07-04 18:27:07,607 | INFO     | keeper.strategy      | TWAP chunk 4/4: $1,250 (progress: 100%)
2026-07-04 18:27:53,899 | INFO     | keeper.strategy      | TWAP order complete: avg price $0.0000
2026-07-04 18:27:53,900 | INFO     | keeper.strategy      | TWAP order created: $1,250 in 4 chunks of $312 every 6 blocks
2026-07-04 18:28:26,770 | INFO     | keeper.strategy      | TWAP chunk 1/4: $312 (progress: 25%)
2026-07-04 18:29:07,806 | INFO     | keeper.strategy      | TWAP chunk 2/4: $312 (progress: 50%)
2026-07-04 18:29:52,567 | INFO     | keeper.strategy      | TWAP chunk 3/4: $312 (progress: 75%)
2026-07-04 18:30:25,617 | INFO     | keeper.strategy      | TWAP chunk 4/4: $1,250 (progress: 100%)
2026-07-04 18:31:04,028 | INFO     | keeper.strategy      | TWAP order complete: avg price $0.0000
2026-07-04 18:31:04,028 | INFO     | keeper.strategy      | TWAP order created: $1,250 in 4 chunks of $312 every 6 blocks
2026-07-04 18:31:37,499 | INFO     | keeper.strategy      | TWAP chunk 1/4: $312 (progress: 25%)
2026-07-04 18:32:20,107 | INFO     | keeper.strategy      | TWAP chunk 2/4: $312 (progress: 50%)
2026-07-04 18:33:02,457 | INFO     | keeper.strategy      | TWAP chunk 3/4: $312 (progress: 75%)
2026-07-04 18:33:35,158 | INFO     | keeper.strategy      | TWAP chunk 4/4: $1,250 (progress: 100%)
2026-07-04 18:34:17,818 | INFO     | keeper.strategy      | TWAP order complete: avg price $0.0000
2026-07-04 18:34:17,818 | INFO     | keeper.strategy      | TWAP order created: $1,250 in 4 chunks of $312 every 6 blocks
2026-07-04 18:35:04,783 | INFO     | keeper.strategy      | TWAP chunk 1/4: $312 (progress: 25%)
2026-07-04 18:35:37,801 | INFO     | keeper.strategy      | TWAP chunk 2/4: $312 (progress: 50%)
2026-07-04 18:36:17,798 | INFO     | keeper.strategy      | TWAP chunk 3/4: $312 (progress: 75%)
2026-07-04 18:36:54,389 | INFO     | keeper.strategy      | TWAP chunk 4/4: $1,250 (progress: 100%)
2026-07-04 18:37:38,229 | INFO     | keeper.strategy      | TWAP order complete: avg price $0.0000
2026-07-04 18:37:38,229 | INFO     | keeper.strategy      | TWAP order created: $1,250 in 4 chunks of $312 every 6 blocks
2026-07-04 18:38:24,582 | INFO     | keeper.strategy      | TWAP chunk 1/4: $312 (progress: 25%)
2026-07-04 18:38:57,340 | INFO     | keeper.strategy      | TWAP chunk 2/4: $312 (progress: 50%)
2026-07-04 18:39:40,960 | INFO     | keeper.strategy      | TWAP chunk 3/4: $312 (progress: 75%)
2026-07-04 18:40:13,723 | INFO     | keeper.strategy      | TWAP chunk 4/4: $1,250 (progress: 100%)
2026-07-04 18:40:58,243 | INFO     | keeper.strategy      | TWAP order complete: avg price $0.0000
2026-07-04 18:40:58,243 | INFO     | keeper.strategy      | TWAP order created: $1,250 in 4 chunks of $312 every 6 blocks
2026-07-04 18:41:43,322 | INFO     | keeper.strategy      | TWAP chunk 1/4: $312 (progress: 25%)
2026-07-04 18:42:16,211 | INFO     | keeper.strategy      | TWAP chunk 2/4: $312 (progress: 50%)
2026-07-04 18:42:58,573 | INFO     | keeper.strategy      | TWAP chunk 3/4: $312 (progress: 75%)
2026-07-04 18:43:31,887 | INFO     | keeper.strategy      | TWAP chunk 4/4: $1,250 (progress: 100%)
2026-07-04 18:44:13,203 | INFO     | keeper.strategy      | TWAP order complete: avg price $0.0000
2026-07-04 18:44:13,203 | INFO     | keeper.strategy      | TWAP order created: $1,250 in 4 chunks of $312 every 6 blocks
2026-07-04 18:44:46,158 | INFO     | keeper.strategy      | TWAP chunk 1/4: $312 (progress: 25%)
2026-07-04 18:45:31,769 | INFO     | keeper.strategy      | TWAP chunk 2/4: $312 (progress: 50%)
2026-07-04 18:46:13,105 | INFO     | keeper.strategy      | TWAP chunk 3/4: $312 (progress: 75%)
2026-07-04 18:46:46,364 | INFO     | keeper.strategy      | TWAP chunk 4/4: $1,250 (progress: 100%)
2026-07-04 18:47:28,002 | INFO     | keeper.strategy      | TWAP order complete: avg price $0.0000
2026-07-04 18:47:28,002 | INFO     | keeper.strategy      | TWAP order created: $1,250 in 4 chunks of $312 every 6 blocks
2026-07-04 18:48:03,115 | INFO     | keeper.strategy      | TWAP chunk 1/4: $312 (progress: 25%)
2026-07-04 18:48:45,478 | INFO     | keeper.strategy      | TWAP chunk 2/4: $312 (progress: 50%)
2026-07-04 18:49:18,678 | INFO     | keeper.strategy      | TWAP chunk 3/4: $312 (progress: 75%)
2026-07-04 18:50:02,807 | INFO     | keeper.strategy      | TWAP chunk 4/4: $1,250 (progress: 100%)
2026-07-04 18:50:47,817 | INFO     | keeper.strategy      | TWAP order complete: avg price $0.0000
2026-07-04 18:50:47,817 | INFO     | keeper.strategy      | TWAP order created: $1,250 in 4 chunks of $312 every 6 blocks
2026-07-04 18:51:32,737 | INFO     | keeper.strategy      | TWAP chunk 1/4: $312 (progress: 25%)
2026-07-04 18:52:05,535 | INFO     | keeper.strategy      | TWAP chunk 2/4: $312 (progress: 50%)
2026-07-04 18:52:44,076 | INFO     | keeper.strategy      | TWAP chunk 3/4: $312 (progress: 75%)
2026-07-04 18:53:17,358 | INFO     | keeper.strategy      | TWAP chunk 4/4: $1,250 (progress: 100%)
2026-07-04 18:54:00,363 | INFO     | keeper.strategy      | TWAP order complete: avg price $0.0000
2026-07-04 18:54:00,363 | INFO     | keeper.strategy      | TWAP order created: $1,250 in 4 chunks of $312 every 6 blocks
2026-07-04 18:54:35,229 | INFO     | keeper.strategy      | TWAP chunk 1/4: $312 (progress: 25%)
2026-07-04 18:55:21,009 | INFO     | keeper.strategy      | TWAP chunk 2/4: $312 (progress: 50%)
2026-07-04 18:56:04,930 | INFO     | keeper.strategy      | TWAP chunk 3/4: $312 (progress: 75%)
2026-07-04 18:56:38,531 | INFO     | keeper.strategy      | TWAP chunk 4/4: $1,250 (progress: 100%)
2026-07-04 18:57:21,694 | INFO     | keeper.strategy      | TWAP order complete: avg price $0.0000
2026-07-04 18:57:21,695 | INFO     | keeper.strategy      | TWAP order created: $1,250 in 4 chunks of $312 every 6 blocks
2026-07-04 18:57:54,583 | INFO     | keeper.strategy      | TWAP chunk 1/4: $312 (progress: 25%)
2026-07-04 18:58:41,373 | INFO     | keeper.strategy      | TWAP chunk 2/4: $312 (progress: 50%)
2026-07-04 18:59:23,635 | INFO     | keeper.strategy      | TWAP chunk 3/4: $312 (progress: 75%)
2026-07-04 18:59:57,535 | INFO     | keeper.strategy      | TWAP chunk 4/4: $1,250 (progress: 100%)
2026-07-04 19:00:42,746 | INFO     | keeper.strategy      | TWAP order complete: avg price $0.0000
2026-07-04 19:00:42,747 | INFO     | keeper.strategy      | TWAP order created: $1,250 in 4 chunks of $312 every 6 blocks
2026-07-04 19:01:24,457 | INFO     | keeper.strategy      | TWAP chunk 1/4: $312 (progress: 25%)
2026-07-04 19:01:59,891 | INFO     | keeper.strategy      | TWAP chunk 2/4: $312 (progress: 50%)
2026-07-04 19:02:44,913 | INFO     | keeper.strategy      | TWAP chunk 3/4: $312 (progress: 75%)
2026-07-04 19:03:27,541 | INFO     | keeper.strategy      | TWAP chunk 4/4: $1,250 (progress: 100%)
2026-07-04 19:04:00,260 | INFO     | keeper.strategy      | TWAP order complete: avg price $0.0000
2026-07-04 19:04:00,260 | INFO     | keeper.strategy      | TWAP order created: $1,250 in 4 chunks of $312 every 6 blocks
2026-07-04 19:04:45,411 | INFO     | keeper.strategy      | TWAP chunk 1/4: $312 (progress: 25%)
2026-07-04 19:05:27,061 | INFO     | keeper.strategy      | TWAP chunk 2/4: $312 (progress: 50%)
2026-07-04 19:06:14,253 | INFO     | keeper.strategy      | TWAP chunk 3/4: $312 (progress: 75%)
2026-07-04 19:06:47,854 | INFO     | keeper.strategy      | TWAP chunk 4/4: $1,250 (progress: 100%)
2026-07-04 19:07:29,354 | INFO     | keeper.strategy      | TWAP order complete: avg price $0.0000
2026-07-04 19:07:29,354 | INFO     | keeper.strategy      | TWAP order created: $1,250 in 4 chunks of $312 every 6 blocks
2026-07-04 19:08:13,275 | INFO     | keeper.strategy      | TWAP chunk 1/4: $312 (progress: 25%)
2026-07-04 19:08:46,695 | INFO     | keeper.strategy      | TWAP chunk 2/4: $312 (progress: 50%)
2026-07-04 19:09:32,035 | INFO     | keeper.strategy      | TWAP chunk 3/4: $312 (progress: 75%)
2026-07-04 19:10:14,737 | INFO     | keeper.strategy      | TWAP chunk 4/4: $1,250 (progress: 100%)
2026-07-04 19:10:50,247 | INFO     | keeper.strategy      | TWAP order complete: avg price $0.0000
2026-07-04 19:10:50,247 | INFO     | keeper.strategy      | TWAP order created: $1,250 in 4 chunks of $312 every 6 blocks
2026-07-04 19:11:31,058 | INFO     | keeper.strategy      | TWAP chunk 1/4: $312 (progress: 25%)
2026-07-04 19:12:04,340 | INFO     | keeper.strategy      | TWAP chunk 2/4: $312 (progress: 50%)
2026-07-04 19:12:47,378 | INFO     | keeper.strategy      | TWAP chunk 3/4: $312 (progress: 75%)
2026-07-04 19:13:23,009 | INFO     | keeper.strategy      | TWAP chunk 4/4: $1,250 (progress: 100%)
2026-07-04 19:14:05,311 | INFO     | keeper.strategy      | TWAP order complete: avg price $0.0000
2026-07-04 19:14:05,312 | INFO     | keeper.strategy      | TWAP order created: $1,250 in 4 chunks of $312 every 6 blocks
2026-07-04 19:14:38,111 | INFO     | keeper.strategy      | TWAP chunk 1/4: $312 (progress: 25%)
2026-07-04 19:15:17,611 | INFO     | keeper.strategy      | TWAP chunk 2/4: $312 (progress: 50%)
2026-07-04 19:16:05,472 | INFO     | keeper.strategy      | TWAP chunk 3/4: $312 (progress: 75%)
2026-07-04 19:16:38,255 | INFO     | keeper.strategy      | TWAP chunk 4/4: $1,250 (progress: 100%)
2026-07-04 19:17:21,354 | INFO     | keeper.strategy      | TWAP order complete: avg price $0.0000
2026-07-04 19:17:21,355 | INFO     | keeper.strategy      | TWAP order created: $1,250 in 4 chunks of $312 every 6 blocks
2026-07-04 19:17:55,293 | INFO     | keeper.strategy      | TWAP chunk 1/4: $312 (progress: 25%)
2026-07-04 19:18:41,494 | INFO     | keeper.strategy      | TWAP chunk 2/4: $312 (progress: 50%)
2026-07-04 19:19:15,474 | INFO     | keeper.strategy      | TWAP chunk 3/4: $312 (progress: 75%)
2026-07-04 19:20:04,026 | INFO     | keeper.strategy      | TWAP chunk 4/4: $1,250 (progress: 100%)
2026-07-04 19:20:38,336 | INFO     | keeper.strategy      | TWAP order complete: avg price $0.0000
2026-07-04 19:20:38,336 | INFO     | keeper.strategy      | TWAP order created: $1,250 in 4 chunks of $312 every 6 blocks
2026-07-04 19:21:21,937 | INFO     | keeper.strategy      | TWAP chunk 1/4: $312 (progress: 25%)
2026-07-04 19:21:55,638 | INFO     | keeper.strategy      | TWAP chunk 2/4: $312 (progress: 50%)
2026-07-04 19:22:43,027 | INFO     | keeper.strategy      | TWAP chunk 3/4: $312 (progress: 75%)
2026-07-04 19:23:27,949 | INFO     | keeper.strategy      | TWAP chunk 4/4: $1,250 (progress: 100%)
2026-07-04 19:24:03,259 | INFO     | keeper.strategy      | TWAP order complete: avg price $0.0000
2026-07-04 19:24:03,260 | INFO     | keeper.strategy      | TWAP order created: $1,250 in 4 chunks of $312 every 6 blocks
2026-07-04 19:24:52,639 | INFO     | keeper.strategy      | TWAP chunk 1/4: $312 (progress: 25%)
2026-07-04 19:25:34,371 | INFO     | keeper.strategy      | TWAP chunk 2/4: $312 (progress: 50%)
2026-07-04 19:26:10,500 | INFO     | keeper.strategy      | TWAP chunk 3/4: $312 (progress: 75%)
2026-07-04 19:26:55,633 | INFO     | keeper.strategy      | TWAP chunk 4/4: $1,250 (progress: 100%)
2026-07-04 19:27:37,442 | INFO     | keeper.strategy      | TWAP order complete: avg price $0.0000
2026-07-04 19:27:37,442 | INFO     | keeper.strategy      | TWAP order created: $1,250 in 4 chunks of $312 every 6 blocks
2026-07-04 19:28:13,392 | INFO     | keeper.strategy      | TWAP chunk 1/4: $312 (progress: 25%)
2026-07-04 19:28:59,484 | INFO     | keeper.strategy      | TWAP chunk 2/4: $312 (progress: 50%)
2026-07-04 19:29:43,725 | INFO     | keeper.strategy      | TWAP chunk 3/4: $312 (progress: 75%)
2026-07-04 19:30:19,604 | INFO     | keeper.strategy      | TWAP chunk 4/4: $1,250 (progress: 100%)
2026-07-04 19:30:57,764 | INFO     | keeper.strategy      | TWAP order complete: avg price $0.0000
2026-07-04 19:30:57,764 | INFO     | keeper.strategy      | TWAP order created: $1,250 in 4 chunks of $312 every 6 blocks
2026-07-04 19:31:34,944 | INFO     | keeper.strategy      | TWAP chunk 1/4: $312 (progress: 25%)
2026-07-04 19:32:21,835 | INFO     | keeper.strategy      | TWAP chunk 2/4: $312 (progress: 50%)
2026-07-04 19:32:55,054 | INFO     | keeper.strategy      | TWAP chunk 3/4: $312 (progress: 75%)
2026-07-04 19:33:37,449 | INFO     | keeper.strategy      | TWAP chunk 4/4: $1,250 (progress: 100%)
2026-07-04 19:34:23,056 | INFO     | keeper.strategy      | TWAP order complete: avg price $0.0000
2026-07-04 19:34:23,056 | INFO     | keeper.strategy      | TWAP order created: $1,250 in 4 chunks of $312 every 6 blocks
2026-07-04 19:34:58,405 | INFO     | keeper.strategy      | TWAP chunk 1/4: $312 (progress: 25%)
2026-07-04 19:35:41,845 | INFO     | keeper.strategy      | TWAP chunk 2/4: $312 (progress: 50%)
2026-07-04 19:36:23,706 | INFO     | keeper.strategy      | TWAP chunk 3/4: $312 (progress: 75%)
2026-07-04 19:36:59,166 | INFO     | keeper.strategy      | TWAP chunk 4/4: $1,250 (progress: 100%)
2026-07-04 19:37:43,766 | INFO     | keeper.strategy      | TWAP order complete: avg price $0.0000
2026-07-04 19:37:43,767 | INFO     | keeper.strategy      | TWAP order created: $1,250 in 4 chunks of $312 every 6 blocks
2026-07-04 19:38:17,526 | INFO     | keeper.strategy      | TWAP chunk 1/4: $312 (progress: 25%)
2026-07-04 19:39:02,487 | INFO     | keeper.strategy      | TWAP chunk 2/4: $312 (progress: 50%)
2026-07-04 19:39:44,957 | INFO     | keeper.strategy      | TWAP chunk 3/4: $312 (progress: 75%)
2026-07-04 19:40:31,728 | INFO     | keeper.strategy      | TWAP chunk 4/4: $1,250 (progress: 100%)
2026-07-04 19:41:04,965 | INFO     | keeper.strategy      | TWAP order complete: avg price $0.0000
2026-07-04 19:41:04,965 | INFO     | keeper.strategy      | TWAP order created: $1,250 in 4 chunks of $312 every 6 blocks
2026-07-04 19:41:47,279 | INFO     | keeper.strategy      | TWAP chunk 1/4: $312 (progress: 25%)
2026-07-04 19:42:23,068 | INFO     | keeper.strategy      | TWAP chunk 2/4: $312 (progress: 50%)
2026-07-04 19:43:09,100 | INFO     | keeper.strategy      | TWAP chunk 3/4: $312 (progress: 75%)
2026-07-04 19:43:52,500 | INFO     | keeper.strategy      | TWAP chunk 4/4: $1,250 (progress: 100%)
2026-07-04 19:44:25,351 | INFO     | keeper.strategy      | TWAP order complete: avg price $0.0000
2026-07-04 19:44:25,352 | INFO     | keeper.strategy      | TWAP order created: $1,250 in 4 chunks of $312 every 6 blocks
2026-07-04 19:45:07,490 | INFO     | keeper.strategy      | TWAP chunk 1/4: $312 (progress: 25%)
2026-07-04 19:45:43,950 | INFO     | keeper.strategy      | TWAP chunk 2/4: $312 (progress: 50%)
2026-07-04 19:46:29,421 | INFO     | keeper.strategy      | TWAP chunk 3/4: $312 (progress: 75%)
2026-07-04 19:47:12,392 | INFO     | keeper.strategy      | TWAP chunk 4/4: $1,250 (progress: 100%)
2026-07-04 19:47:45,282 | INFO     | keeper.strategy      | TWAP order complete: avg price $0.0000
2026-07-04 19:47:45,283 | INFO     | keeper.strategy      | TWAP order created: $1,250 in 4 chunks of $312 every 6 blocks
2026-07-04 19:48:29,022 | INFO     | keeper.strategy      | TWAP chunk 1/4: $312 (progress: 25%)
2026-07-04 19:49:03,754 | INFO     | keeper.strategy      | TWAP chunk 2/4: $312 (progress: 50%)
2026-07-04 19:49:49,314 | INFO     | keeper.strategy      | TWAP chunk 3/4: $312 (progress: 75%)
2026-07-04 19:50:35,154 | INFO     | keeper.strategy      | TWAP chunk 4/4: $1,250 (progress: 100%)
2026-07-04 19:51:09,764 | INFO     | keeper.strategy      | TWAP order complete: avg price $0.0000
2026-07-04 19:51:09,764 | INFO     | keeper.strategy      | TWAP order created: $1,250 in 4 chunks of $312 every 6 blocks
2026-07-04 19:51:55,615 | INFO     | keeper.strategy      | TWAP chunk 1/4: $312 (progress: 25%)
2026-07-04 19:52:38,226 | INFO     | keeper.strategy      | TWAP chunk 2/4: $312 (progress: 50%)
2026-07-04 19:53:12,955 | INFO     | keeper.strategy      | TWAP chunk 3/4: $312 (progress: 75%)
2026-07-04 19:53:59,686 | INFO     | keeper.strategy      | TWAP chunk 4/4: $1,250 (progress: 100%)
2026-07-04 19:54:46,286 | INFO     | keeper.strategy      | TWAP order complete: avg price $0.0000
2026-07-04 19:54:46,286 | INFO     | keeper.strategy      | TWAP order created: $1,250 in 4 chunks of $312 every 6 blocks
2026-07-04 19:55:19,126 | INFO     | keeper.strategy      | TWAP chunk 1/4: $312 (progress: 25%)
2026-07-04 19:55:53,017 | INFO     | keeper.strategy      | TWAP chunk 2/4: $312 (progress: 50%)
2026-07-04 19:56:41,728 | INFO     | keeper.strategy      | TWAP chunk 3/4: $312 (progress: 75%)
2026-07-04 19:57:14,798 | INFO     | keeper.strategy      | TWAP chunk 4/4: $1,250 (progress: 100%)
2026-07-04 19:57:58,440 | INFO     | keeper.strategy      | TWAP order complete: avg price $0.0000
2026-07-04 19:57:58,440 | INFO     | keeper.strategy      | TWAP order created: $1,250 in 4 chunks of $312 every 6 blocks
2026-07-04 19:58:32,938 | INFO     | keeper.strategy      | TWAP chunk 1/4: $312 (progress: 25%)
2026-07-04 19:59:18,180 | INFO     | keeper.strategy      | TWAP chunk 2/4: $312 (progress: 50%)
2026-07-04 19:59:52,041 | INFO     | keeper.strategy      | TWAP chunk 3/4: $312 (progress: 75%)
2026-07-04 20:00:40,490 | INFO     | keeper.strategy      | TWAP chunk 4/4: $1,250 (progress: 100%)
2026-07-04 20:01:25,405 | INFO     | keeper.strategy      | TWAP order complete: avg price $0.0000
2026-07-04 20:01:25,405 | INFO     | keeper.strategy      | TWAP order created: $1,250 in 4 chunks of $312 every 6 blocks
2026-07-04 20:02:00,783 | INFO     | keeper.strategy      | TWAP chunk 1/4: $312 (progress: 25%)
2026-07-04 20:02:42,422 | INFO     | keeper.strategy      | TWAP chunk 2/4: $312 (progress: 50%)
2026-07-04 20:03:15,263 | INFO     | keeper.strategy      | TWAP chunk 3/4: $312 (progress: 75%)
2026-07-04 20:03:48,374 | INFO     | keeper.strategy      | TWAP chunk 4/4: $1,250 (progress: 100%)
2026-07-04 20:04:34,603 | INFO     | keeper.strategy      | TWAP order complete: avg price $0.0000
2026-07-04 20:04:34,603 | INFO     | keeper.strategy      | TWAP order created: $1,250 in 4 chunks of $312 every 6 blocks
2026-07-04 20:05:07,913 | INFO     | keeper.strategy      | TWAP chunk 1/4: $312 (progress: 25%)
2026-07-04 20:05:52,687 | INFO     | keeper.strategy      | TWAP chunk 2/4: $312 (progress: 50%)
2026-07-04 20:06:40,525 | INFO     | keeper.strategy      | TWAP chunk 3/4: $312 (progress: 75%)
2026-07-04 20:07:14,134 | INFO     | keeper.strategy      | TWAP chunk 4/4: $1,250 (progress: 100%)
2026-07-04 20:07:47,576 | INFO     | keeper.strategy      | TWAP order complete: avg price $0.0000
2026-07-04 20:07:47,577 | INFO     | keeper.strategy      | TWAP order created: $1,250 in 4 chunks of $312 every 6 blocks
2026-07-04 20:08:34,037 | INFO     | keeper.strategy      | TWAP chunk 1/4: $312 (progress: 25%)
2026-07-04 20:09:07,069 | INFO     | keeper.strategy      | TWAP chunk 2/4: $312 (progress: 50%)
2026-07-04 20:10:01,969 | INFO     | keeper.strategy      | TWAP chunk 3/4: $312 (progress: 75%)
2026-07-04 20:10:34,757 | INFO     | keeper.strategy      | TWAP chunk 4/4: $1,250 (progress: 100%)
2026-07-04 20:11:23,747 | INFO     | keeper.strategy      | TWAP order complete: avg price $0.0000
2026-07-04 20:11:23,747 | INFO     | keeper.strategy      | TWAP order created: $1,250 in 4 chunks of $312 every 6 blocks
2026-07-04 20:12:07,878 | INFO     | keeper.strategy      | TWAP chunk 1/4: $312 (progress: 25%)
2026-07-04 20:12:43,548 | INFO     | keeper.strategy      | TWAP chunk 2/4: $312 (progress: 50%)
2026-07-04 20:13:29,679 | INFO     | keeper.strategy      | TWAP chunk 3/4: $312 (progress: 75%)
2026-07-04 20:14:11,389 | INFO     | keeper.strategy      | TWAP chunk 4/4: $1,250 (progress: 100%)
2026-07-04 20:14:44,265 | INFO     | keeper.strategy      | TWAP order complete: avg price $0.0000
2026-07-04 20:14:44,265 | INFO     | keeper.strategy      | TWAP order created: $1,250 in 4 chunks of $312 every 6 blocks
2026-07-04 20:15:28,089 | INFO     | keeper.strategy      | TWAP chunk 1/4: $312 (progress: 25%)
2026-07-04 20:16:02,830 | INFO     | keeper.strategy      | TWAP chunk 2/4: $312 (progress: 50%)
2026-07-04 20:16:49,440 | INFO     | keeper.strategy      | TWAP chunk 3/4: $312 (progress: 75%)
2026-07-04 20:17:33,502 | INFO     | keeper.strategy      | TWAP chunk 4/4: $1,250 (progress: 100%)
2026-07-04 20:18:06,522 | INFO     | keeper.strategy      | TWAP order complete: avg price $0.0000
2026-07-04 20:18:06,522 | INFO     | keeper.strategy      | TWAP order created: $1,250 in 4 chunks of $312 every 6 blocks
2026-07-04 20:18:48,082 | INFO     | keeper.strategy      | TWAP chunk 1/4: $312 (progress: 25%)
2026-07-04 20:19:24,032 | INFO     | keeper.strategy      | TWAP chunk 2/4: $312 (progress: 50%)
2026-07-04 20:19:57,833 | INFO     | keeper.strategy      | TWAP chunk 3/4: $312 (progress: 75%)
2026-07-04 20:20:43,403 | INFO     | keeper.strategy      | TWAP chunk 4/4: $1,250 (progress: 100%)
2026-07-04 20:21:25,254 | INFO     | keeper.strategy      | TWAP order complete: avg price $0.0000
2026-07-04 20:21:25,255 | INFO     | keeper.strategy      | TWAP order created: $1,250 in 4 chunks of $312 every 6 blocks
2026-07-04 20:22:01,766 | INFO     | keeper.strategy      | TWAP chunk 1/4: $312 (progress: 25%)
2026-07-04 20:22:46,535 | INFO     | keeper.strategy      | TWAP chunk 2/4: $312 (progress: 50%)
2026-07-04 20:23:19,457 | INFO     | keeper.strategy      | TWAP chunk 3/4: $312 (progress: 75%)
2026-07-04 20:24:06,306 | INFO     | keeper.strategy      | TWAP chunk 4/4: $1,250 (progress: 100%)
2026-07-04 20:24:48,441 | INFO     | keeper.strategy      | TWAP order complete: avg price $0.0000
2026-07-04 20:24:48,443 | INFO     | keeper.strategy      | TWAP order created: $1,250 in 4 chunks of $312 every 6 blocks
2026-07-04 20:25:23,087 | INFO     | keeper.strategy      | TWAP chunk 1/4: $312 (progress: 25%)
2026-07-04 20:25:56,506 | INFO     | keeper.strategy      | TWAP chunk 2/4: $312 (progress: 50%)
2026-07-04 20:26:43,475 | INFO     | keeper.strategy      | TWAP chunk 3/4: $312 (progress: 75%)
2026-07-04 20:27:16,927 | INFO     | keeper.strategy      | TWAP chunk 4/4: $1,250 (progress: 100%)
2026-07-04 20:28:03,418 | INFO     | keeper.strategy      | TWAP order complete: avg price $0.0000
2026-07-04 20:28:03,418 | INFO     | keeper.strategy      | TWAP order created: $1,250 in 4 chunks of $312 every 6 blocks
2026-07-04 20:28:47,689 | INFO     | keeper.strategy      | TWAP chunk 1/4: $312 (progress: 25%)
2026-07-04 20:29:33,239 | INFO     | keeper.strategy      | TWAP chunk 2/4: $312 (progress: 50%)
2026-07-04 20:30:06,320 | INFO     | keeper.strategy      | TWAP chunk 3/4: $312 (progress: 75%)
2026-07-04 20:30:47,760 | INFO     | keeper.strategy      | TWAP chunk 4/4: $1,250 (progress: 100%)
2026-07-04 20:31:24,340 | INFO     | keeper.strategy      | TWAP order complete: avg price $0.0000
2026-07-04 20:31:24,340 | INFO     | keeper.strategy      | TWAP order created: $1,250 in 4 chunks of $312 every 6 blocks
2026-07-04 20:32:09,001 | INFO     | keeper.strategy      | TWAP chunk 1/4: $312 (progress: 25%)
2026-07-04 20:32:52,323 | INFO     | keeper.strategy      | TWAP chunk 2/4: $312 (progress: 50%)
2026-07-04 20:33:25,071 | INFO     | keeper.strategy      | TWAP chunk 3/4: $312 (progress: 75%)
2026-07-04 20:34:07,962 | INFO     | keeper.strategy      | TWAP chunk 4/4: $1,250 (progress: 100%)
2026-07-04 20:34:53,693 | INFO     | keeper.strategy      | TWAP order complete: avg price $0.0000
2026-07-04 20:34:53,693 | INFO     | keeper.strategy      | TWAP order created: $1,250 in 4 chunks of $312 every 6 blocks
2026-07-04 20:35:29,584 | INFO     | keeper.strategy      | TWAP chunk 1/4: $312 (progress: 25%)
2026-07-04 20:36:14,418 | INFO     | keeper.strategy      | TWAP chunk 2/4: $312 (progress: 50%)
2026-07-04 20:36:57,687 | INFO     | keeper.strategy      | TWAP chunk 3/4: $312 (progress: 75%)
2026-07-04 20:37:42,835 | INFO     | keeper.strategy      | TWAP chunk 4/4: $1,250 (progress: 100%)
2026-07-04 20:38:18,915 | INFO     | keeper.strategy      | TWAP order complete: avg price $0.0000
2026-07-04 20:38:18,915 | INFO     | keeper.strategy      | TWAP order created: $1,250 in 4 chunks of $312 every 6 blocks
2026-07-04 20:39:02,595 | INFO     | keeper.strategy      | TWAP chunk 1/4: $312 (progress: 25%)
2026-07-04 20:39:36,606 | INFO     | keeper.strategy      | TWAP chunk 2/4: $312 (progress: 50%)
2026-07-04 20:40:23,138 | INFO     | keeper.strategy      | TWAP chunk 3/4: $312 (progress: 75%)
2026-07-04 20:41:08,398 | INFO     | keeper.strategy      | TWAP chunk 4/4: $1,250 (progress: 100%)
2026-07-04 20:41:43,010 | INFO     | keeper.strategy      | TWAP order complete: avg price $0.0000
2026-07-04 20:41:43,013 | INFO     | keeper.strategy      | TWAP order created: $1,250 in 4 chunks of $312 every 6 blocks
2026-07-04 20:42:30,170 | INFO     | keeper.strategy      | TWAP chunk 1/4: $312 (progress: 25%)
2026-07-04 20:43:13,840 | INFO     | keeper.strategy      | TWAP chunk 2/4: $312 (progress: 50%)
2026-07-04 20:43:47,261 | INFO     | keeper.strategy      | TWAP chunk 3/4: $312 (progress: 75%)
2026-07-04 20:44:32,853 | INFO     | keeper.strategy      | TWAP chunk 4/4: $1,250 (progress: 100%)
2026-07-04 20:45:05,682 | INFO     | keeper.strategy      | TWAP order complete: avg price $0.0000
2026-07-04 20:45:05,682 | INFO     | keeper.strategy      | TWAP order created: $1,250 in 4 chunks of $312 every 6 blocks
2026-07-04 20:45:50,892 | INFO     | keeper.strategy      | TWAP chunk 1/4: $312 (progress: 25%)
2026-07-04 20:46:24,664 | INFO     | keeper.strategy      | TWAP chunk 2/4: $312 (progress: 50%)
2026-07-04 20:46:57,505 | INFO     | keeper.strategy      | TWAP chunk 3/4: $312 (progress: 75%)
2026-07-04 20:47:43,136 | INFO     | keeper.strategy      | TWAP chunk 4/4: $1,250 (progress: 100%)
2026-07-04 20:48:16,055 | INFO     | keeper.strategy      | TWAP order complete: avg price $0.0000
2026-07-04 20:48:16,055 | INFO     | keeper.strategy      | TWAP order created: $1,250 in 4 chunks of $312 every 6 blocks
2026-07-04 20:48:58,126 | INFO     | keeper.strategy      | TWAP chunk 1/4: $312 (progress: 25%)
2026-07-04 20:49:32,496 | INFO     | keeper.strategy      | TWAP chunk 2/4: $312 (progress: 50%)
2026-07-04 20:50:22,457 | INFO     | keeper.strategy      | TWAP chunk 3/4: $312 (progress: 75%)
2026-07-04 20:51:08,508 | INFO     | keeper.strategy      | TWAP chunk 4/4: $1,250 (progress: 100%)
2026-07-04 20:51:42,899 | INFO     | keeper.strategy      | TWAP order complete: avg price $0.0000
2026-07-04 20:51:42,905 | INFO     | keeper.strategy      | TWAP order created: $1,250 in 4 chunks of $312 every 6 blocks
2026-07-04 20:52:31,579 | INFO     | keeper.strategy      | TWAP chunk 1/4: $312 (progress: 25%)
2026-07-04 20:53:13,280 | INFO     | keeper.strategy      | TWAP chunk 2/4: $312 (progress: 50%)
2026-07-04 20:53:48,570 | INFO     | keeper.strategy      | TWAP chunk 3/4: $312 (progress: 75%)
2026-07-04 20:54:28,802 | INFO     | keeper.strategy      | TWAP chunk 4/4: $1,250 (progress: 100%)
2026-07-04 20:55:02,760 | INFO     | keeper.strategy      | TWAP order complete: avg price $0.0000
2026-07-04 20:55:02,761 | INFO     | keeper.strategy      | TWAP order created: $1,250 in 4 chunks of $312 every 6 blocks
2026-07-04 20:55:47,692 | INFO     | keeper.strategy      | TWAP chunk 1/4: $312 (progress: 25%)
2026-07-04 20:56:34,462 | INFO     | keeper.strategy      | TWAP chunk 2/4: $312 (progress: 50%)
2026-07-04 20:57:11,706 | INFO     | keeper.strategy      | TWAP chunk 3/4: $312 (progress: 75%)
2026-07-04 20:57:53,256 | INFO     | keeper.strategy      | TWAP chunk 4/4: $1,250 (progress: 100%)
2026-07-04 20:58:26,335 | INFO     | keeper.strategy      | TWAP order complete: avg price $0.0000
2026-07-04 20:58:26,338 | INFO     | keeper.strategy      | TWAP order created: $1,250 in 4 chunks of $312 every 6 blocks
2026-07-04 20:59:07,914 | INFO     | keeper.strategy      | TWAP chunk 1/4: $312 (progress: 25%)
2026-07-04 20:59:43,876 | INFO     | keeper.strategy      | TWAP chunk 2/4: $312 (progress: 50%)
2026-07-04 21:00:33,196 | INFO     | keeper.strategy      | TWAP chunk 3/4: $312 (progress: 75%)
2026-07-04 21:01:07,037 | INFO     | keeper.strategy      | TWAP chunk 4/4: $1,250 (progress: 100%)
2026-07-04 21:01:54,726 | INFO     | keeper.strategy      | TWAP order complete: avg price $0.0000
2026-07-04 21:01:54,727 | INFO     | keeper.strategy      | TWAP order created: $1,250 in 4 chunks of $312 every 6 blocks
2026-07-04 21:02:27,597 | INFO     | keeper.strategy      | TWAP chunk 1/4: $312 (progress: 25%)
2026-07-04 21:03:07,588 | INFO     | keeper.strategy      | TWAP chunk 2/4: $312 (progress: 50%)
2026-07-04 21:03:43,318 | INFO     | keeper.strategy      | TWAP chunk 3/4: $312 (progress: 75%)
2026-07-04 21:04:29,150 | INFO     | keeper.strategy      | TWAP chunk 4/4: $1,250 (progress: 100%)
2026-07-04 21:05:02,890 | INFO     | keeper.strategy      | TWAP order complete: avg price $0.0000
2026-07-04 21:05:02,890 | INFO     | keeper.strategy      | TWAP order created: $1,250 in 4 chunks of $312 every 6 blocks
2026-07-04 21:05:46,201 | INFO     | keeper.strategy      | TWAP chunk 1/4: $312 (progress: 25%)
2026-07-04 21:06:23,191 | INFO     | keeper.strategy      | TWAP chunk 2/4: $312 (progress: 50%)
2026-07-04 21:07:09,991 | INFO     | keeper.strategy      | TWAP chunk 3/4: $312 (progress: 75%)
2026-07-04 21:07:52,581 | INFO     | keeper.strategy      | TWAP chunk 4/4: $1,250 (progress: 100%)
2026-07-04 21:08:28,711 | INFO     | keeper.strategy      | TWAP order complete: avg price $0.0000
2026-07-04 21:08:28,712 | INFO     | keeper.strategy      | TWAP order created: $1,250 in 4 chunks of $312 every 6 blocks
2026-07-04 21:09:13,032 | INFO     | keeper.strategy      | TWAP chunk 1/4: $312 (progress: 25%)
2026-07-04 21:09:54,032 | INFO     | keeper.strategy      | TWAP chunk 2/4: $312 (progress: 50%)
2026-07-04 21:10:30,335 | INFO     | keeper.strategy      | TWAP chunk 3/4: $312 (progress: 75%)
2026-07-04 21:11:14,666 | INFO     | keeper.strategy      | TWAP chunk 4/4: $1,250 (progress: 100%)
2026-07-04 21:11:47,354 | INFO     | keeper.strategy      | TWAP order complete: avg price $0.0000
2026-07-04 21:11:47,354 | INFO     | keeper.strategy      | TWAP order created: $1,250 in 4 chunks of $312 every 6 blocks
2026-07-04 21:12:32,514 | INFO     | keeper.strategy      | TWAP chunk 1/4: $312 (progress: 25%)
2026-07-04 21:13:05,945 | INFO     | keeper.strategy      | TWAP chunk 2/4: $312 (progress: 50%)
2026-07-04 21:13:55,236 | INFO     | keeper.strategy      | TWAP chunk 3/4: $312 (progress: 75%)
2026-07-04 21:14:28,064 | INFO     | keeper.strategy      | TWAP chunk 4/4: $1,250 (progress: 100%)
2026-07-04 21:15:14,744 | INFO     | keeper.strategy      | TWAP order complete: avg price $0.0000
2026-07-04 21:15:14,744 | INFO     | keeper.strategy      | TWAP order created: $1,250 in 4 chunks of $312 every 6 blocks
2026-07-04 21:15:58,015 | INFO     | keeper.strategy      | TWAP chunk 1/4: $312 (progress: 25%)
2026-07-04 21:16:35,014 | INFO     | keeper.strategy      | TWAP chunk 2/4: $312 (progress: 50%)
2026-07-04 21:17:10,324 | INFO     | keeper.strategy      | TWAP chunk 3/4: $312 (progress: 75%)
2026-07-04 21:17:55,386 | INFO     | keeper.strategy      | TWAP chunk 4/4: $1,250 (progress: 100%)
2026-07-04 21:18:40,035 | INFO     | keeper.strategy      | TWAP order complete: avg price $0.0000
2026-07-04 21:18:40,035 | INFO     | keeper.strategy      | TWAP order created: $1,250 in 4 chunks of $312 every 6 blocks
2026-07-04 21:19:14,573 | INFO     | keeper.strategy      | TWAP chunk 1/4: $312 (progress: 25%)
2026-07-04 21:19:48,244 | INFO     | keeper.strategy      | TWAP chunk 2/4: $312 (progress: 50%)
2026-07-04 21:20:33,623 | INFO     | keeper.strategy      | TWAP chunk 3/4: $312 (progress: 75%)
2026-07-04 21:21:07,434 | INFO     | keeper.strategy      | TWAP chunk 4/4: $1,250 (progress: 100%)
2026-07-04 21:21:54,464 | INFO     | keeper.strategy      | TWAP order complete: avg price $0.0000
2026-07-04 21:21:54,465 | INFO     | keeper.strategy      | TWAP order created: $1,250 in 4 chunks of $312 every 6 blocks
2026-07-04 21:22:27,224 | INFO     | keeper.strategy      | TWAP chunk 1/4: $312 (progress: 25%)
2026-07-04 21:23:12,903 | INFO     | keeper.strategy      | TWAP chunk 2/4: $312 (progress: 50%)
2026-07-04 21:23:47,384 | INFO     | keeper.strategy      | TWAP chunk 3/4: $312 (progress: 75%)
2026-07-04 21:24:31,563 | INFO     | keeper.strategy      | TWAP chunk 4/4: $1,250 (progress: 100%)
2026-07-04 21:25:15,405 | INFO     | keeper.strategy      | TWAP order complete: avg price $0.0000
2026-07-04 21:25:15,405 | INFO     | keeper.strategy      | TWAP order created: $1,250 in 4 chunks of $312 every 6 blocks
2026-07-04 21:25:50,974 | INFO     | keeper.strategy      | TWAP chunk 1/4: $312 (progress: 25%)
2026-07-04 21:26:32,394 | INFO     | keeper.strategy      | TWAP chunk 2/4: $312 (progress: 50%)
2026-07-04 21:27:05,745 | INFO     | keeper.strategy      | TWAP chunk 3/4: $312 (progress: 75%)
2026-07-04 21:27:53,004 | INFO     | keeper.strategy      | TWAP chunk 4/4: $1,250 (progress: 100%)
2026-07-04 21:28:25,935 | INFO     | keeper.strategy      | TWAP order complete: avg price $0.0000
2026-07-04 21:28:25,935 | INFO     | keeper.strategy      | TWAP order created: $1,250 in 4 chunks of $312 every 6 blocks
2026-07-04 21:29:09,705 | INFO     | keeper.strategy      | TWAP chunk 1/4: $312 (progress: 25%)
2026-07-04 21:29:43,015 | INFO     | keeper.strategy      | TWAP chunk 2/4: $312 (progress: 50%)
2026-07-04 21:30:18,506 | INFO     | keeper.strategy      | TWAP chunk 3/4: $312 (progress: 75%)
2026-07-04 21:30:58,526 | INFO     | keeper.strategy      | TWAP chunk 4/4: $1,250 (progress: 100%)
2026-07-04 21:31:33,467 | INFO     | keeper.strategy      | TWAP order complete: avg price $0.0000
2026-07-04 21:31:33,467 | INFO     | keeper.strategy      | TWAP order created: $1,250 in 4 chunks of $312 every 6 blocks
2026-07-04 21:32:07,186 | INFO     | keeper.strategy      | TWAP chunk 1/4: $312 (progress: 25%)
2026-07-04 21:32:54,576 | INFO     | keeper.strategy      | TWAP chunk 2/4: $312 (progress: 50%)
2026-07-04 21:33:27,840 | INFO     | keeper.strategy      | TWAP chunk 3/4: $312 (progress: 75%)
2026-07-04 21:34:13,806 | INFO     | keeper.strategy      | TWAP chunk 4/4: $1,250 (progress: 100%)
2026-07-04 21:34:47,128 | INFO     | keeper.strategy      | TWAP order complete: avg price $0.0000
2026-07-04 21:34:47,128 | INFO     | keeper.strategy      | TWAP order created: $1,250 in 4 chunks of $312 every 6 blocks
2026-07-04 21:35:34,027 | INFO     | keeper.strategy      | TWAP chunk 1/4: $312 (progress: 25%)
2026-07-04 21:36:08,918 | INFO     | keeper.strategy      | TWAP chunk 2/4: $312 (progress: 50%)
2026-07-04 21:36:54,438 | INFO     | keeper.strategy      | TWAP chunk 3/4: $312 (progress: 75%)
2026-07-04 21:37:27,428 | INFO     | keeper.strategy      | TWAP chunk 4/4: $1,250 (progress: 100%)
2026-07-04 21:38:12,829 | INFO     | keeper.strategy      | TWAP order complete: avg price $0.0000
2026-07-04 21:38:12,829 | INFO     | keeper.strategy      | TWAP order created: $1,250 in 4 chunks of $312 every 6 blocks
2026-07-04 21:38:58,129 | INFO     | keeper.strategy      | TWAP chunk 1/4: $312 (progress: 25%)
2026-07-04 21:39:43,673 | INFO     | keeper.strategy      | TWAP chunk 2/4: $312 (progress: 50%)
2026-07-04 21:40:19,202 | INFO     | keeper.strategy      | TWAP chunk 3/4: $312 (progress: 75%)
2026-07-04 21:41:03,381 | INFO     | keeper.strategy      | TWAP chunk 4/4: $1,250 (progress: 100%)
2026-07-04 21:41:36,510 | INFO     | keeper.strategy      | TWAP order complete: avg price $0.0000
2026-07-04 21:41:36,510 | INFO     | keeper.strategy      | TWAP order created: $1,250 in 4 chunks of $312 every 6 blocks
2026-07-04 21:42:23,830 | INFO     | keeper.strategy      | TWAP chunk 1/4: $312 (progress: 25%)
2026-07-04 21:43:07,441 | INFO     | keeper.strategy      | TWAP chunk 2/4: $312 (progress: 50%)
2026-07-04 21:43:43,061 | INFO     | keeper.strategy      | TWAP chunk 3/4: $312 (progress: 75%)
2026-07-04 21:44:28,932 | INFO     | keeper.strategy      | TWAP chunk 4/4: $1,250 (progress: 100%)
2026-07-04 21:45:11,412 | INFO     | keeper.strategy      | TWAP order complete: avg price $0.0000
2026-07-04 21:45:11,443 | INFO     | keeper.strategy      | TWAP order created: $1,250 in 4 chunks of $312 every 6 blocks
2026-07-04 21:45:44,403 | INFO     | keeper.strategy      | TWAP chunk 1/4: $312 (progress: 25%)
2026-07-04 21:46:17,762 | INFO     | keeper.strategy      | TWAP chunk 2/4: $312 (progress: 50%)
2026-07-04 21:47:02,803 | INFO     | keeper.strategy      | TWAP chunk 3/4: $312 (progress: 75%)
2026-07-04 21:47:51,333 | INFO     | keeper.strategy      | TWAP chunk 4/4: $1,250 (progress: 100%)
2026-07-04 21:48:24,285 | INFO     | keeper.strategy      | TWAP order complete: avg price $0.0000
2026-07-04 21:48:24,285 | INFO     | keeper.strategy      | TWAP order created: $1,250 in 4 chunks of $312 every 6 blocks
2026-07-04 21:49:09,278 | INFO     | keeper.strategy      | TWAP chunk 1/4: $312 (progress: 25%)
2026-07-04 21:49:42,856 | INFO     | keeper.strategy      | TWAP chunk 2/4: $312 (progress: 50%)
2026-07-04 21:50:31,707 | INFO     | keeper.strategy      | TWAP chunk 3/4: $312 (progress: 75%)
2026-07-04 21:51:13,138 | INFO     | keeper.strategy      | TWAP chunk 4/4: $1,250 (progress: 100%)
2026-07-04 21:51:48,488 | INFO     | keeper.strategy      | TWAP order complete: avg price $0.0000
2026-07-04 21:51:48,489 | INFO     | keeper.strategy      | TWAP order created: $1,250 in 4 chunks of $312 every 6 blocks
2026-07-04 21:52:29,700 | INFO     | keeper.strategy      | TWAP chunk 1/4: $312 (progress: 25%)
2026-07-04 21:53:14,079 | INFO     | keeper.strategy      | TWAP chunk 2/4: $312 (progress: 50%)
2026-07-04 21:53:50,281 | INFO     | keeper.strategy      | TWAP chunk 3/4: $312 (progress: 75%)
2026-07-04 21:54:34,014 | INFO     | keeper.strategy      | TWAP chunk 4/4: $1,250 (progress: 100%)
2026-07-04 21:55:07,812 | INFO     | keeper.strategy      | TWAP order complete: avg price $0.0000
2026-07-04 21:55:07,812 | INFO     | keeper.strategy      | TWAP order created: $1,250 in 4 chunks of $312 every 6 blocks
2026-07-04 21:55:53,192 | INFO     | keeper.strategy      | TWAP chunk 1/4: $312 (progress: 25%)
2026-07-04 21:56:40,984 | INFO     | keeper.strategy      | TWAP chunk 2/4: $312 (progress: 50%)
2026-07-04 21:57:14,214 | INFO     | keeper.strategy      | TWAP chunk 3/4: $312 (progress: 75%)
2026-07-04 21:57:54,014 | INFO     | keeper.strategy      | TWAP chunk 4/4: $1,250 (progress: 100%)
2026-07-04 21:58:30,475 | INFO     | keeper.strategy      | TWAP order complete: avg price $0.0000
2026-07-04 21:58:30,475 | INFO     | keeper.strategy      | TWAP order created: $1,250 in 4 chunks of $312 every 6 blocks
2026-07-04 21:59:14,636 | INFO     | keeper.strategy      | TWAP chunk 1/4: $312 (progress: 25%)
2026-07-04 21:59:47,386 | INFO     | keeper.strategy      | TWAP chunk 2/4: $312 (progress: 50%)
2026-07-04 22:00:34,776 | INFO     | keeper.strategy      | TWAP chunk 3/4: $312 (progress: 75%)
2026-07-04 22:01:07,687 | INFO     | keeper.strategy      | TWAP chunk 4/4: $1,250 (progress: 100%)
2026-07-04 22:01:53,777 | INFO     | keeper.strategy      | TWAP order complete: avg price $0.0000
2026-07-04 22:01:53,778 | INFO     | keeper.strategy      | TWAP order created: $1,250 in 4 chunks of $312 every 6 blocks
2026-07-04 22:02:28,338 | INFO     | keeper.strategy      | TWAP chunk 1/4: $312 (progress: 25%)
2026-07-04 22:03:13,229 | INFO     | keeper.strategy      | TWAP chunk 2/4: $312 (progress: 50%)
2026-07-04 22:03:54,129 | INFO     | keeper.strategy      | TWAP chunk 3/4: $312 (progress: 75%)
2026-07-04 22:04:29,589 | INFO     | keeper.strategy      | TWAP chunk 4/4: $1,250 (progress: 100%)
2026-07-04 22:05:13,310 | INFO     | keeper.strategy      | TWAP order complete: avg price $0.0000
2026-07-04 22:05:13,310 | INFO     | keeper.strategy      | TWAP order created: $1,250 in 4 chunks of $312 every 6 blocks
2026-07-04 22:05:46,150 | INFO     | keeper.strategy      | TWAP chunk 1/4: $312 (progress: 25%)
2026-07-04 22:06:32,901 | INFO     | keeper.strategy      | TWAP chunk 2/4: $312 (progress: 50%)
2026-07-04 22:07:14,519 | INFO     | keeper.strategy      | TWAP chunk 3/4: $312 (progress: 75%)
2026-07-04 22:08:04,392 | INFO     | keeper.strategy      | TWAP chunk 4/4: $1,250 (progress: 100%)
2026-07-04 22:08:37,123 | INFO     | keeper.strategy      | TWAP order complete: avg price $0.0000
2026-07-04 22:08:37,123 | INFO     | keeper.strategy      | TWAP order created: $1,250 in 4 chunks of $312 every 6 blocks
2026-07-04 22:09:17,263 | INFO     | keeper.strategy      | TWAP chunk 1/4: $312 (progress: 25%)
2026-07-04 22:09:53,823 | INFO     | keeper.strategy      | TWAP chunk 2/4: $312 (progress: 50%)
2026-07-04 22:10:39,784 | INFO     | keeper.strategy      | TWAP chunk 3/4: $312 (progress: 75%)
2026-07-04 22:11:21,224 | INFO     | keeper.strategy      | TWAP chunk 4/4: $1,250 (progress: 100%)
2026-07-04 22:11:55,245 | INFO     | keeper.strategy      | TWAP order complete: avg price $0.0000
2026-07-04 22:11:55,245 | INFO     | keeper.strategy      | TWAP order created: $1,250 in 4 chunks of $312 every 6 blocks
2026-07-04 22:12:28,204 | INFO     | keeper.strategy      | TWAP chunk 1/4: $312 (progress: 25%)
2026-07-04 22:13:13,505 | INFO     | keeper.strategy      | TWAP chunk 2/4: $312 (progress: 50%)
2026-07-04 22:14:00,926 | INFO     | keeper.strategy      | TWAP chunk 3/4: $312 (progress: 75%)
2026-07-04 22:14:33,626 | INFO     | keeper.strategy      | TWAP chunk 4/4: $1,250 (progress: 100%)
2026-07-04 22:15:22,738 | INFO     | keeper.strategy      | TWAP order complete: avg price $0.0000
2026-07-04 22:15:22,738 | INFO     | keeper.strategy      | TWAP order created: $1,250 in 4 chunks of $312 every 6 blocks
2026-07-04 22:15:55,547 | INFO     | keeper.strategy      | TWAP chunk 1/4: $312 (progress: 25%)
2026-07-04 22:16:43,388 | INFO     | keeper.strategy      | TWAP chunk 2/4: $312 (progress: 50%)
2026-07-04 22:17:17,387 | INFO     | keeper.strategy      | TWAP chunk 3/4: $312 (progress: 75%)
2026-07-04 22:18:03,339 | INFO     | keeper.strategy      | TWAP chunk 4/4: $1,250 (progress: 100%)
2026-07-04 22:18:36,480 | INFO     | keeper.strategy      | TWAP order complete: avg price $0.0000
2026-07-04 22:18:36,481 | INFO     | keeper.strategy      | TWAP order created: $1,250 in 4 chunks of $312 every 6 blocks
2026-07-04 22:19:23,159 | INFO     | keeper.strategy      | TWAP chunk 1/4: $312 (progress: 25%)
2026-07-04 22:19:56,010 | INFO     | keeper.strategy      | TWAP chunk 2/4: $312 (progress: 50%)
2026-07-04 22:20:37,551 | INFO     | keeper.strategy      | TWAP chunk 3/4: $312 (progress: 75%)
2026-07-04 22:21:14,561 | INFO     | keeper.strategy      | TWAP chunk 4/4: $1,250 (progress: 100%)
2026-07-04 22:22:03,793 | INFO     | keeper.strategy      | TWAP order complete: avg price $0.0000
2026-07-04 22:22:03,793 | INFO     | keeper.strategy      | TWAP order created: $1,250 in 4 chunks of $312 every 6 blocks
2026-07-04 22:22:47,523 | INFO     | keeper.strategy      | TWAP chunk 1/4: $312 (progress: 25%)
2026-07-04 22:23:32,814 | INFO     | keeper.strategy      | TWAP chunk 2/4: $312 (progress: 50%)
2026-07-04 22:24:06,515 | INFO     | keeper.strategy      | TWAP chunk 3/4: $312 (progress: 75%)
2026-07-04 22:24:51,167 | INFO     | keeper.strategy      | TWAP chunk 4/4: $1,250 (progress: 100%)
2026-07-04 22:25:23,956 | INFO     | keeper.strategy      | TWAP order complete: avg price $0.0000
2026-07-04 22:25:23,956 | INFO     | keeper.strategy      | TWAP order created: $1,250 in 4 chunks of $312 every 6 blocks
2026-07-04 22:26:09,347 | INFO     | keeper.strategy      | TWAP chunk 1/4: $312 (progress: 25%)
2026-07-04 22:26:54,659 | INFO     | keeper.strategy      | TWAP chunk 2/4: $312 (progress: 50%)
2026-07-04 22:27:28,870 | INFO     | keeper.strategy      | TWAP chunk 3/4: $312 (progress: 75%)
2026-07-04 22:28:11,973 | INFO     | keeper.strategy      | TWAP chunk 4/4: $1,250 (progress: 100%)
2026-07-04 22:28:45,191 | INFO     | keeper.strategy      | TWAP order complete: avg price $0.0000
2026-07-04 22:28:45,191 | INFO     | keeper.strategy      | TWAP order created: $1,250 in 4 chunks of $312 every 6 blocks
2026-07-04 22:29:27,722 | INFO     | keeper.strategy      | TWAP chunk 1/4: $312 (progress: 25%)
2026-07-04 22:30:03,884 | INFO     | keeper.strategy      | TWAP chunk 2/4: $312 (progress: 50%)
2026-07-04 22:30:53,444 | INFO     | keeper.strategy      | TWAP chunk 3/4: $312 (progress: 75%)
2026-07-04 22:31:26,804 | INFO     | keeper.strategy      | TWAP chunk 4/4: $1,250 (progress: 100%)
2026-07-04 22:32:13,105 | INFO     | keeper.strategy      | TWAP order complete: avg price $0.0000
2026-07-04 22:32:13,105 | INFO     | keeper.strategy      | TWAP order created: $1,250 in 4 chunks of $312 every 6 blocks
2026-07-04 22:32:46,446 | INFO     | keeper.strategy      | TWAP chunk 1/4: $312 (progress: 25%)
2026-07-04 22:33:33,957 | INFO     | keeper.strategy      | TWAP chunk 2/4: $312 (progress: 50%)
2026-07-04 22:34:07,417 | INFO     | keeper.strategy      | TWAP chunk 3/4: $312 (progress: 75%)
2026-07-04 22:34:53,548 | INFO     | keeper.strategy      | TWAP chunk 4/4: $1,250 (progress: 100%)
2026-07-04 22:35:40,879 | INFO     | keeper.strategy      | TWAP order complete: avg price $0.0000
2026-07-04 22:35:40,879 | INFO     | keeper.strategy      | TWAP order created: $1,250 in 4 chunks of $312 every 6 blocks
2026-07-04 22:36:13,689 | INFO     | keeper.strategy      | TWAP chunk 1/4: $312 (progress: 25%)
2026-07-04 22:36:47,119 | INFO     | keeper.strategy      | TWAP chunk 2/4: $312 (progress: 50%)
2026-07-04 22:37:32,830 | INFO     | keeper.strategy      | TWAP chunk 3/4: $312 (progress: 75%)
2026-07-04 22:38:05,601 | INFO     | keeper.strategy      | TWAP chunk 4/4: $1,250 (progress: 100%)
2026-07-04 22:38:53,542 | INFO     | keeper.strategy      | TWAP order complete: avg price $0.0000
2026-07-04 22:38:53,543 | INFO     | keeper.strategy      | TWAP order created: $1,250 in 4 chunks of $312 every 6 blocks
2026-07-04 22:39:26,532 | INFO     | keeper.strategy      | TWAP chunk 1/4: $312 (progress: 25%)
2026-07-04 22:40:12,004 | INFO     | keeper.strategy      | TWAP chunk 2/4: $312 (progress: 50%)
2026-07-04 22:40:54,284 | INFO     | keeper.strategy      | TWAP chunk 3/4: $312 (progress: 75%)
2026-07-04 22:41:29,793 | INFO     | keeper.strategy      | TWAP chunk 4/4: $1,250 (progress: 100%)
2026-07-04 22:42:15,324 | INFO     | keeper.strategy      | TWAP order complete: avg price $0.0000
2026-07-04 22:42:15,324 | INFO     | keeper.strategy      | TWAP order created: $1,250 in 4 chunks of $312 every 6 blocks
2026-07-04 22:42:48,035 | INFO     | keeper.strategy      | TWAP chunk 1/4: $312 (progress: 25%)
2026-07-04 22:43:33,226 | INFO     | keeper.strategy      | TWAP chunk 2/4: $312 (progress: 50%)
2026-07-04 22:44:15,086 | INFO     | keeper.strategy      | TWAP chunk 3/4: $312 (progress: 75%)
2026-07-04 22:45:03,207 | INFO     | keeper.strategy      | TWAP chunk 4/4: $1,250 (progress: 100%)
2026-07-04 22:45:39,287 | INFO     | keeper.strategy      | TWAP order complete: avg price $0.0000
2026-07-04 22:45:39,288 | INFO     | keeper.strategy      | TWAP order created: $1,250 in 4 chunks of $312 every 6 blocks
2026-07-04 22:46:22,798 | INFO     | keeper.strategy      | TWAP chunk 1/4: $312 (progress: 25%)
2026-07-04 22:46:55,559 | INFO     | keeper.strategy      | TWAP chunk 2/4: $312 (progress: 50%)
2026-07-04 22:47:43,119 | INFO     | keeper.strategy      | TWAP chunk 3/4: $312 (progress: 75%)
2026-07-04 22:48:27,859 | INFO     | keeper.strategy      | TWAP chunk 4/4: $1,250 (progress: 100%)
2026-07-04 22:49:13,100 | INFO     | keeper.strategy      | TWAP order complete: avg price $0.0000
2026-07-04 22:49:13,100 | INFO     | keeper.strategy      | TWAP order created: $1,250 in 4 chunks of $312 every 6 blocks
2026-07-04 22:49:49,162 | INFO     | keeper.strategy      | TWAP chunk 1/4: $312 (progress: 25%)
2026-07-04 22:50:32,712 | INFO     | keeper.strategy      | TWAP chunk 2/4: $312 (progress: 50%)
2026-07-04 22:51:21,485 | INFO     | keeper.strategy      | TWAP chunk 3/4: $312 (progress: 75%)
2026-07-04 22:51:55,412 | INFO     | keeper.strategy      | TWAP chunk 4/4: $1,250 (progress: 100%)
2026-07-04 22:52:43,493 | INFO     | keeper.strategy      | TWAP order complete: avg price $0.0000
2026-07-04 22:52:43,493 | INFO     | keeper.strategy      | TWAP order created: $1,250 in 4 chunks of $312 every 6 blocks
2026-07-04 22:53:16,604 | INFO     | keeper.strategy      | TWAP chunk 1/4: $312 (progress: 25%)
2026-07-04 22:53:57,584 | INFO     | keeper.strategy      | TWAP chunk 2/4: $312 (progress: 50%)
2026-07-04 22:54:33,176 | INFO     | keeper.strategy      | TWAP chunk 3/4: $312 (progress: 75%)
2026-07-04 22:55:22,645 | INFO     | keeper.strategy      | TWAP chunk 4/4: $1,250 (progress: 100%)
2026-07-04 22:55:55,435 | INFO     | keeper.strategy      | TWAP order complete: avg price $0.0000
2026-07-04 22:55:55,435 | INFO     | keeper.strategy      | TWAP order created: $1,250 in 4 chunks of $312 every 6 blocks
2026-07-04 22:56:28,316 | INFO     | keeper.strategy      | TWAP chunk 1/4: $312 (progress: 25%)
2026-07-04 22:57:12,905 | INFO     | keeper.strategy      | TWAP chunk 2/4: $312 (progress: 50%)
2026-07-04 22:57:46,376 | INFO     | keeper.strategy      | TWAP chunk 3/4: $312 (progress: 75%)
2026-07-04 22:58:31,615 | INFO     | keeper.strategy      | TWAP chunk 4/4: $1,250 (progress: 100%)
2026-07-04 22:59:05,035 | INFO     | keeper.strategy      | TWAP order complete: avg price $0.0000
2026-07-04 22:59:05,035 | INFO     | keeper.strategy      | TWAP order created: $1,250 in 4 chunks of $312 every 6 blocks
2026-07-04 22:59:53,326 | INFO     | keeper.strategy      | TWAP chunk 1/4: $312 (progress: 25%)
2026-07-04 23:00:26,245 | INFO     | keeper.strategy      | TWAP chunk 2/4: $312 (progress: 50%)
2026-07-04 23:01:13,785 | INFO     | keeper.strategy      | TWAP chunk 3/4: $312 (progress: 75%)
2026-07-04 23:01:47,285 | INFO     | keeper.strategy      | TWAP chunk 4/4: $1,250 (progress: 100%)
2026-07-04 23:02:32,795 | INFO     | keeper.strategy      | TWAP order complete: avg price $0.0000
2026-07-04 23:02:32,796 | INFO     | keeper.strategy      | TWAP order created: $1,250 in 4 chunks of $312 every 6 blocks
2026-07-04 23:03:17,156 | INFO     | keeper.strategy      | TWAP chunk 1/4: $312 (progress: 25%)
2026-07-04 23:04:03,356 | INFO     | keeper.strategy      | TWAP chunk 2/4: $312 (progress: 50%)
2026-07-04 23:04:38,796 | INFO     | keeper.strategy      | TWAP chunk 3/4: $312 (progress: 75%)
2026-07-04 23:05:23,897 | INFO     | keeper.strategy      | TWAP chunk 4/4: $1,250 (progress: 100%)
2026-07-04 23:06:10,306 | INFO     | keeper.strategy      | TWAP order complete: avg price $0.0000
2026-07-04 23:06:10,307 | INFO     | keeper.strategy      | TWAP order created: $1,250 in 4 chunks of $312 every 6 blocks
2026-07-04 23:06:43,687 | INFO     | keeper.strategy      | TWAP chunk 1/4: $312 (progress: 25%)
2026-07-04 23:07:18,547 | INFO     | keeper.strategy      | TWAP chunk 2/4: $312 (progress: 50%)
2026-07-04 23:08:06,428 | INFO     | keeper.strategy      | TWAP chunk 3/4: $312 (progress: 75%)
2026-07-04 23:08:39,368 | INFO     | keeper.strategy      | TWAP chunk 4/4: $1,250 (progress: 100%)
2026-07-04 23:09:23,959 | INFO     | keeper.strategy      | TWAP order complete: avg price $0.0000
2026-07-04 23:09:23,959 | INFO     | keeper.strategy      | TWAP order created: $1,250 in 4 chunks of $312 every 6 blocks
2026-07-04 23:09:59,068 | INFO     | keeper.strategy      | TWAP chunk 1/4: $312 (progress: 25%)
2026-07-04 23:10:43,469 | INFO     | keeper.strategy      | TWAP chunk 2/4: $312 (progress: 50%)
2026-07-04 23:11:18,381 | INFO     | keeper.strategy      | TWAP chunk 3/4: $312 (progress: 75%)
2026-07-04 23:12:02,870 | INFO     | keeper.strategy      | TWAP chunk 4/4: $1,250 (progress: 100%)
2026-07-04 23:12:47,320 | INFO     | keeper.strategy      | TWAP order complete: avg price $0.0000
2026-07-04 23:12:47,320 | INFO     | keeper.strategy      | TWAP order created: $1,250 in 4 chunks of $312 every 6 blocks
2026-07-04 23:13:33,131 | INFO     | keeper.strategy      | TWAP chunk 1/4: $312 (progress: 25%)
2026-07-04 23:14:09,190 | INFO     | keeper.strategy      | TWAP chunk 2/4: $312 (progress: 50%)
2026-07-04 23:14:53,531 | INFO     | keeper.strategy      | TWAP chunk 3/4: $312 (progress: 75%)
2026-07-04 23:15:27,042 | INFO     | keeper.strategy      | TWAP chunk 4/4: $1,250 (progress: 100%)
2026-07-04 23:16:13,102 | INFO     | keeper.strategy      | TWAP order complete: avg price $0.0000
2026-07-04 23:16:13,102 | INFO     | keeper.strategy      | TWAP order created: $1,250 in 4 chunks of $312 every 6 blocks
2026-07-04 23:16:46,122 | INFO     | keeper.strategy      | TWAP chunk 1/4: $312 (progress: 25%)
2026-07-04 23:17:34,252 | INFO     | keeper.strategy      | TWAP chunk 2/4: $312 (progress: 50%)
2026-07-04 23:18:07,833 | INFO     | keeper.strategy      | TWAP chunk 3/4: $312 (progress: 75%)
2026-07-04 23:18:52,863 | INFO     | keeper.strategy      | TWAP chunk 4/4: $1,250 (progress: 100%)
2026-07-04 23:19:25,554 | INFO     | keeper.strategy      | TWAP order complete: avg price $0.0000
2026-07-04 23:19:25,554 | INFO     | keeper.strategy      | TWAP order created: $1,250 in 4 chunks of $312 every 6 blocks
2026-07-04 23:20:11,195 | INFO     | keeper.strategy      | TWAP chunk 1/4: $312 (progress: 25%)
2026-07-04 23:20:44,586 | INFO     | keeper.strategy      | TWAP chunk 2/4: $312 (progress: 50%)
2026-07-04 23:21:17,454 | INFO     | keeper.strategy      | TWAP chunk 3/4: $312 (progress: 75%)
2026-07-04 23:22:02,935 | INFO     | keeper.strategy      | TWAP chunk 4/4: $1,250 (progress: 100%)
2026-07-04 23:22:35,916 | INFO     | keeper.strategy      | TWAP order complete: avg price $0.0000
2026-07-04 23:22:35,916 | INFO     | keeper.strategy      | TWAP order created: $1,250 in 4 chunks of $312 every 6 blocks
2026-07-04 23:23:22,656 | INFO     | keeper.strategy      | TWAP chunk 1/4: $312 (progress: 25%)
2026-07-04 23:23:57,367 | INFO     | keeper.strategy      | TWAP chunk 2/4: $312 (progress: 50%)
2026-07-04 23:24:43,987 | INFO     | keeper.strategy      | TWAP chunk 3/4: $312 (progress: 75%)
2026-07-04 23:25:17,550 | INFO     | keeper.strategy      | TWAP chunk 4/4: $1,250 (progress: 100%)
2026-07-04 23:26:03,335 | INFO     | keeper.strategy      | TWAP order complete: avg price $0.0000
2026-07-04 23:26:03,342 | INFO     | keeper.strategy      | TWAP order created: $1,250 in 4 chunks of $312 every 6 blocks
2026-07-04 23:26:44,997 | INFO     | keeper.strategy      | TWAP chunk 1/4: $312 (progress: 25%)
2026-07-04 23:27:31,948 | INFO     | keeper.strategy      | TWAP chunk 2/4: $312 (progress: 50%)
2026-07-04 23:28:05,719 | INFO     | keeper.strategy      | TWAP chunk 3/4: $312 (progress: 75%)
2026-07-04 23:28:53,771 | INFO     | keeper.strategy      | TWAP chunk 4/4: $1,250 (progress: 100%)
2026-07-04 23:29:26,750 | INFO     | keeper.strategy      | TWAP order complete: avg price $0.0000
2026-07-04 23:29:26,750 | INFO     | keeper.strategy      | TWAP order created: $1,250 in 4 chunks of $312 every 6 blocks
2026-07-04 23:30:13,840 | INFO     | keeper.strategy      | TWAP chunk 1/4: $312 (progress: 25%)
2026-07-04 23:30:57,841 | INFO     | keeper.strategy      | TWAP chunk 2/4: $312 (progress: 50%)
2026-07-04 23:31:33,472 | INFO     | keeper.strategy      | TWAP chunk 3/4: $312 (progress: 75%)
2026-07-04 23:32:19,213 | INFO     | keeper.strategy      | TWAP chunk 4/4: $1,250 (progress: 100%)
2026-07-04 23:33:03,884 | INFO     | keeper.strategy      | TWAP order complete: avg price $0.0000
2026-07-04 23:33:03,884 | INFO     | keeper.strategy      | TWAP order created: $1,250 in 4 chunks of $312 every 6 blocks
2026-07-04 23:33:37,083 | INFO     | keeper.strategy      | TWAP chunk 1/4: $312 (progress: 25%)
2026-07-04 23:34:21,564 | INFO     | keeper.strategy      | TWAP chunk 2/4: $312 (progress: 50%)
2026-07-04 23:34:54,475 | INFO     | keeper.strategy      | TWAP chunk 3/4: $312 (progress: 75%)
2026-07-04 23:35:28,925 | INFO     | keeper.strategy      | TWAP chunk 4/4: $1,250 (progress: 100%)
2026-07-04 23:36:13,386 | INFO     | keeper.strategy      | TWAP order complete: avg price $0.0000
2026-07-04 23:36:13,386 | INFO     | keeper.strategy      | TWAP order created: $1,250 in 4 chunks of $312 every 6 blocks
2026-07-04 23:36:47,457 | INFO     | keeper.strategy      | TWAP chunk 1/4: $312 (progress: 25%)
2026-07-04 23:37:33,367 | INFO     | keeper.strategy      | TWAP chunk 2/4: $312 (progress: 50%)
2026-07-04 23:38:06,618 | INFO     | keeper.strategy      | TWAP chunk 3/4: $312 (progress: 75%)
2026-07-04 23:38:54,008 | INFO     | keeper.strategy      | TWAP chunk 4/4: $1,250 (progress: 100%)
2026-07-04 23:39:38,558 | INFO     | keeper.strategy      | TWAP order complete: avg price $0.0000
2026-07-04 23:39:38,559 | INFO     | keeper.strategy      | TWAP order created: $1,250 in 4 chunks of $312 every 6 blocks
2026-07-04 23:40:23,210 | INFO     | keeper.strategy      | TWAP chunk 1/4: $312 (progress: 25%)
2026-07-04 23:40:55,960 | INFO     | keeper.strategy      | TWAP chunk 2/4: $312 (progress: 50%)
2026-07-04 23:41:37,390 | INFO     | keeper.strategy      | TWAP chunk 3/4: $312 (progress: 75%)
2026-07-04 23:42:14,411 | INFO     | keeper.strategy      | TWAP chunk 4/4: $1,250 (progress: 100%)
2026-07-04 23:43:01,502 | INFO     | keeper.strategy      | TWAP order complete: avg price $0.0000
2026-07-04 23:43:01,502 | INFO     | keeper.strategy      | TWAP order created: $1,250 in 4 chunks of $312 every 6 blocks
2026-07-04 23:43:34,314 | INFO     | keeper.strategy      | TWAP chunk 1/4: $312 (progress: 25%)
2026-07-04 23:44:18,863 | INFO     | keeper.strategy      | TWAP chunk 2/4: $312 (progress: 50%)
2026-07-04 23:45:03,603 | INFO     | keeper.strategy      | TWAP chunk 3/4: $312 (progress: 75%)
2026-07-04 23:45:39,803 | INFO     | keeper.strategy      | TWAP chunk 4/4: $1,250 (progress: 100%)
2026-07-04 23:46:23,574 | INFO     | keeper.strategy      | TWAP order complete: avg price $0.0000
2026-07-04 23:46:23,574 | INFO     | keeper.strategy      | TWAP order created: $1,250 in 4 chunks of $312 every 6 blocks
2026-07-04 23:47:08,505 | INFO     | keeper.strategy      | TWAP chunk 1/4: $312 (progress: 25%)
2026-07-04 23:47:43,696 | INFO     | keeper.strategy      | TWAP chunk 2/4: $312 (progress: 50%)
2026-07-04 23:48:28,656 | INFO     | keeper.strategy      | TWAP chunk 3/4: $312 (progress: 75%)
2026-07-04 23:49:13,017 | INFO     | keeper.strategy      | TWAP chunk 4/4: $1,250 (progress: 100%)
2026-07-04 23:49:49,296 | INFO     | keeper.strategy      | TWAP order complete: avg price $0.0000
2026-07-04 23:49:49,297 | INFO     | keeper.strategy      | TWAP order created: $1,250 in 4 chunks of $312 every 6 blocks
2026-07-04 23:50:33,317 | INFO     | keeper.strategy      | TWAP chunk 1/4: $312 (progress: 25%)
2026-07-04 23:51:18,977 | INFO     | keeper.strategy      | TWAP chunk 2/4: $312 (progress: 50%)
2026-07-04 23:51:53,818 | INFO     | keeper.strategy      | TWAP chunk 3/4: $312 (progress: 75%)
2026-07-04 23:52:39,619 | INFO     | keeper.strategy      | TWAP chunk 4/4: $1,250 (progress: 100%)
2026-07-04 23:53:22,619 | INFO     | keeper.strategy      | TWAP order complete: avg price $0.0000
2026-07-04 23:53:22,619 | INFO     | keeper.strategy      | TWAP order created: $1,250 in 4 chunks of $312 every 6 blocks
2026-07-04 23:53:55,329 | INFO     | keeper.strategy      | TWAP chunk 1/4: $312 (progress: 25%)
2026-07-04 23:54:38,280 | INFO     | keeper.strategy      | TWAP chunk 2/4: $312 (progress: 50%)
2026-07-04 23:55:12,821 | INFO     | keeper.strategy      | TWAP chunk 3/4: $312 (progress: 75%)
2026-07-04 23:55:58,861 | INFO     | keeper.strategy      | TWAP chunk 4/4: $1,250 (progress: 100%)
2026-07-04 23:56:38,262 | INFO     | keeper.strategy      | TWAP order complete: avg price $0.0000
2026-07-04 23:56:38,268 | INFO     | keeper.strategy      | TWAP order created: $1,250 in 4 chunks of $312 every 6 blocks
2026-07-04 23:57:12,892 | INFO     | keeper.strategy      | TWAP chunk 1/4: $312 (progress: 25%)
2026-07-04 23:57:54,292 | INFO     | keeper.strategy      | TWAP chunk 2/4: $312 (progress: 50%)
2026-07-04 23:58:29,842 | INFO     | keeper.strategy      | TWAP chunk 3/4: $312 (progress: 75%)
2026-07-04 23:59:14,703 | INFO     | keeper.strategy      | TWAP chunk 4/4: $1,250 (progress: 100%)
2026-07-04 23:59:47,576 | INFO     | keeper.strategy      | TWAP order complete: avg price $0.0000
2026-07-04 23:59:47,576 | INFO     | keeper.strategy      | TWAP order created: $1,250 in 4 chunks of $312 every 6 blocks
2026-07-05 00:00:32,524 | INFO     | keeper.strategy      | TWAP chunk 1/4: $312 (progress: 25%)
2026-07-05 00:01:05,605 | INFO     | keeper.strategy      | TWAP chunk 2/4: $312 (progress: 50%)
2026-07-05 00:01:53,116 | INFO     | keeper.strategy      | TWAP chunk 3/4: $312 (progress: 75%)
2026-07-05 00:02:39,056 | INFO     | keeper.strategy      | TWAP chunk 4/4: $1,250 (progress: 100%)
2026-07-05 00:03:12,686 | INFO     | keeper.strategy      | TWAP order complete: avg price $0.0000
2026-07-05 00:03:12,743 | INFO     | keeper.strategy      | TWAP order created: $1,250 in 4 chunks of $312 every 6 blocks
2026-07-05 00:04:00,736 | INFO     | keeper.strategy      | TWAP chunk 1/4: $312 (progress: 25%)
2026-07-05 00:04:47,968 | INFO     | keeper.strategy      | TWAP chunk 2/4: $312 (progress: 50%)
2026-07-05 00:05:23,649 | INFO     | keeper.strategy      | TWAP chunk 3/4: $312 (progress: 75%)
2026-07-05 00:06:09,601 | INFO     | keeper.strategy      | TWAP chunk 4/4: $1,250 (progress: 100%)
2026-07-05 00:06:52,671 | INFO     | keeper.strategy      | TWAP order complete: avg price $0.0000
2026-07-05 00:06:52,671 | INFO     | keeper.strategy      | TWAP order created: $1,250 in 4 chunks of $312 every 6 blocks
2026-07-05 00:07:25,561 | INFO     | keeper.strategy      | TWAP chunk 1/4: $312 (progress: 25%)
2026-07-05 00:08:11,132 | INFO     | keeper.strategy      | TWAP chunk 2/4: $312 (progress: 50%)
2026-07-05 00:08:43,873 | INFO     | keeper.strategy      | TWAP chunk 3/4: $312 (progress: 75%)
2026-07-05 00:09:16,654 | INFO     | keeper.strategy      | TWAP chunk 4/4: $1,250 (progress: 100%)
2026-07-05 00:10:03,184 | INFO     | keeper.strategy      | TWAP order complete: avg price $0.0000
2026-07-05 00:10:03,184 | INFO     | keeper.strategy      | TWAP order created: $1,250 in 4 chunks of $312 every 6 blocks
2026-07-05 00:10:36,395 | INFO     | keeper.strategy      | TWAP chunk 1/4: $312 (progress: 25%)
2026-07-05 00:11:22,895 | INFO     | keeper.strategy      | TWAP chunk 2/4: $312 (progress: 50%)
2026-07-05 00:11:56,326 | INFO     | keeper.strategy      | TWAP chunk 3/4: $312 (progress: 75%)
2026-07-05 00:12:43,217 | INFO     | keeper.strategy      | TWAP chunk 4/4: $1,250 (progress: 100%)
2026-07-05 00:13:15,878 | INFO     | keeper.strategy      | TWAP order complete: avg price $0.0000
2026-07-05 00:13:15,878 | INFO     | keeper.strategy      | TWAP order created: $1,250 in 4 chunks of $312 every 6 blocks
2026-07-05 00:14:02,459 | INFO     | keeper.strategy      | TWAP chunk 1/4: $312 (progress: 25%)
2026-07-05 00:14:35,680 | INFO     | keeper.strategy      | TWAP chunk 2/4: $312 (progress: 50%)
2026-07-05 00:15:19,179 | INFO     | keeper.strategy      | TWAP chunk 3/4: $312 (progress: 75%)
2026-07-05 00:15:52,870 | INFO     | keeper.strategy      | TWAP chunk 4/4: $1,250 (progress: 100%)
2026-07-05 00:16:35,620 | INFO     | keeper.strategy      | TWAP order complete: avg price $0.0000
2026-07-05 00:16:35,621 | INFO     | keeper.strategy      | TWAP order created: $1,250 in 4 chunks of $312 every 6 blocks
2026-07-05 00:17:22,891 | INFO     | keeper.strategy      | TWAP chunk 1/4: $312 (progress: 25%)
2026-07-05 00:17:55,621 | INFO     | keeper.strategy      | TWAP chunk 2/4: $312 (progress: 50%)
2026-07-05 00:18:37,303 | INFO     | keeper.strategy      | TWAP chunk 3/4: $312 (progress: 75%)
2026-07-05 00:19:13,172 | INFO     | keeper.strategy      | TWAP chunk 4/4: $1,250 (progress: 100%)
2026-07-05 00:19:59,143 | INFO     | keeper.strategy      | TWAP order complete: avg price $0.0000
2026-07-05 00:19:59,143 | INFO     | keeper.strategy      | TWAP order created: $1,250 in 4 chunks of $312 every 6 blocks
2026-07-05 00:20:43,484 | INFO     | keeper.strategy      | TWAP chunk 1/4: $312 (progress: 25%)
2026-07-05 00:21:16,407 | INFO     | keeper.strategy      | TWAP chunk 2/4: $312 (progress: 50%)
2026-07-05 00:21:57,325 | INFO     | keeper.strategy      | TWAP chunk 3/4: $312 (progress: 75%)
2026-07-05 00:22:33,925 | INFO     | keeper.strategy      | TWAP chunk 4/4: $1,250 (progress: 100%)
2026-07-05 00:23:19,066 | INFO     | keeper.strategy      | TWAP order complete: avg price $0.0000
2026-07-05 00:23:19,067 | INFO     | keeper.strategy      | TWAP order created: $1,250 in 4 chunks of $312 every 6 blocks
2026-07-05 00:24:03,157 | INFO     | keeper.strategy      | TWAP chunk 1/4: $312 (progress: 25%)
2026-07-05 00:24:36,378 | INFO     | keeper.strategy      | TWAP chunk 2/4: $312 (progress: 50%)
2026-07-05 00:25:18,318 | INFO     | keeper.strategy      | TWAP chunk 3/4: $312 (progress: 75%)
2026-07-05 00:25:53,818 | INFO     | keeper.strategy      | TWAP chunk 4/4: $1,250 (progress: 100%)
2026-07-05 00:26:39,288 | INFO     | keeper.strategy      | TWAP order complete: avg price $0.0000
2026-07-05 00:26:39,289 | INFO     | keeper.strategy      | TWAP order created: $1,250 in 4 chunks of $312 every 6 blocks
2026-07-05 00:27:23,309 | INFO     | keeper.strategy      | TWAP chunk 1/4: $312 (progress: 25%)
2026-07-05 00:27:56,049 | INFO     | keeper.strategy      | TWAP chunk 2/4: $312 (progress: 50%)
2026-07-05 00:28:38,220 | INFO     | keeper.strategy      | TWAP chunk 3/4: $312 (progress: 75%)
2026-07-05 00:29:12,791 | INFO     | keeper.strategy      | TWAP chunk 4/4: $1,250 (progress: 100%)
2026-07-05 00:29:59,321 | INFO     | keeper.strategy      | TWAP order complete: avg price $0.0000
2026-07-05 00:29:59,322 | INFO     | keeper.strategy      | TWAP order created: $1,250 in 4 chunks of $312 every 6 blocks
2026-07-05 00:30:42,652 | INFO     | keeper.strategy      | TWAP chunk 1/4: $312 (progress: 25%)
2026-07-05 00:31:16,483 | INFO     | keeper.strategy      | TWAP chunk 2/4: $312 (progress: 50%)
2026-07-05 00:31:57,703 | INFO     | keeper.strategy      | TWAP chunk 3/4: $312 (progress: 75%)
2026-07-05 00:32:34,273 | INFO     | keeper.strategy      | TWAP chunk 4/4: $1,250 (progress: 100%)
2026-07-05 00:33:23,404 | INFO     | keeper.strategy      | TWAP order complete: avg price $0.0000
2026-07-05 00:33:23,404 | INFO     | keeper.strategy      | TWAP order created: $1,250 in 4 chunks of $312 every 6 blocks
2026-07-05 00:33:56,334 | INFO     | keeper.strategy      | TWAP chunk 1/4: $312 (progress: 25%)
2026-07-05 00:34:42,346 | INFO     | keeper.strategy      | TWAP chunk 2/4: $312 (progress: 50%)
2026-07-05 00:35:27,926 | INFO     | keeper.strategy      | TWAP chunk 3/4: $312 (progress: 75%)
2026-07-05 00:36:13,527 | INFO     | keeper.strategy      | TWAP chunk 4/4: $1,250 (progress: 100%)
2026-07-05 00:36:46,327 | INFO     | keeper.strategy      | TWAP order complete: avg price $0.0000
2026-07-05 00:36:46,327 | INFO     | keeper.strategy      | TWAP order created: $1,250 in 4 chunks of $312 every 6 blocks
2026-07-05 00:37:27,667 | INFO     | keeper.strategy      | TWAP chunk 1/4: $312 (progress: 25%)
2026-07-05 00:38:03,308 | INFO     | keeper.strategy      | TWAP chunk 2/4: $312 (progress: 50%)
2026-07-05 00:38:51,058 | INFO     | keeper.strategy      | TWAP chunk 3/4: $312 (progress: 75%)
2026-07-05 00:39:23,808 | INFO     | keeper.strategy      | TWAP chunk 4/4: $1,250 (progress: 100%)
2026-07-05 00:40:08,849 | INFO     | keeper.strategy      | TWAP order complete: avg price $0.0000
2026-07-05 00:40:08,850 | INFO     | keeper.strategy      | TWAP order created: $1,250 in 4 chunks of $312 every 6 blocks
2026-07-05 00:40:52,202 | INFO     | keeper.strategy      | TWAP chunk 1/4: $312 (progress: 25%)
2026-07-05 00:41:25,690 | INFO     | keeper.strategy      | TWAP chunk 2/4: $312 (progress: 50%)
2026-07-05 00:42:11,860 | INFO     | keeper.strategy      | TWAP chunk 3/4: $312 (progress: 75%)
2026-07-05 00:42:45,341 | INFO     | keeper.strategy      | TWAP chunk 4/4: $1,250 (progress: 100%)
2026-07-05 00:43:18,300 | INFO     | keeper.strategy      | TWAP order complete: avg price $0.0000
2026-07-05 00:43:18,301 | INFO     | keeper.strategy      | TWAP order created: $1,250 in 4 chunks of $312 every 6 blocks
2026-07-05 00:44:02,611 | INFO     | keeper.strategy      | TWAP chunk 1/4: $312 (progress: 25%)
2026-07-05 00:44:35,533 | INFO     | keeper.strategy      | TWAP chunk 2/4: $312 (progress: 50%)
2026-07-05 00:45:21,992 | INFO     | keeper.strategy      | TWAP chunk 3/4: $312 (progress: 75%)
2026-07-05 00:45:54,822 | INFO     | keeper.strategy      | TWAP chunk 4/4: $1,250 (progress: 100%)
2026-07-05 00:46:27,792 | INFO     | keeper.strategy      | TWAP order complete: avg price $0.0000
2026-07-05 00:46:27,792 | INFO     | keeper.strategy      | TWAP order created: $1,250 in 4 chunks of $312 every 6 blocks
2026-07-05 00:47:12,783 | INFO     | keeper.strategy      | TWAP chunk 1/4: $312 (progress: 25%)
2026-07-05 00:47:45,584 | INFO     | keeper.strategy      | TWAP chunk 2/4: $312 (progress: 50%)
2026-07-05 00:48:31,173 | INFO     | keeper.strategy      | TWAP chunk 3/4: $312 (progress: 75%)
2026-07-05 00:49:03,924 | INFO     | keeper.strategy      | TWAP chunk 4/4: $1,250 (progress: 100%)
2026-07-05 00:49:52,574 | INFO     | keeper.strategy      | TWAP order complete: avg price $0.0000
2026-07-05 00:49:52,574 | INFO     | keeper.strategy      | TWAP order created: $1,250 in 4 chunks of $312 every 6 blocks
2026-07-05 00:50:37,667 | INFO     | keeper.strategy      | TWAP chunk 1/4: $312 (progress: 25%)
2026-07-05 00:51:13,275 | INFO     | keeper.strategy      | TWAP chunk 2/4: $312 (progress: 50%)
2026-07-05 00:51:56,796 | INFO     | keeper.strategy      | TWAP chunk 3/4: $312 (progress: 75%)
2026-07-05 00:52:29,676 | INFO     | keeper.strategy      | TWAP chunk 4/4: $1,250 (progress: 100%)
2026-07-05 00:53:14,647 | INFO     | keeper.strategy      | TWAP order complete: avg price $0.0000
2026-07-05 00:53:14,647 | INFO     | keeper.strategy      | TWAP order created: $1,250 in 4 chunks of $312 every 6 blocks
2026-07-05 00:53:47,427 | INFO     | keeper.strategy      | TWAP chunk 1/4: $312 (progress: 25%)
2026-07-05 00:54:34,128 | INFO     | keeper.strategy      | TWAP chunk 2/4: $312 (progress: 50%)
2026-07-05 00:55:07,768 | INFO     | keeper.strategy      | TWAP chunk 3/4: $312 (progress: 75%)
2026-07-05 00:55:52,969 | INFO     | keeper.strategy      | TWAP chunk 4/4: $1,250 (progress: 100%)
2026-07-05 00:56:26,259 | INFO     | keeper.strategy      | TWAP order complete: avg price $0.0000
2026-07-05 00:56:26,259 | INFO     | keeper.strategy      | TWAP order created: $1,250 in 4 chunks of $312 every 6 blocks
2026-07-05 00:57:13,160 | INFO     | keeper.strategy      | TWAP chunk 1/4: $312 (progress: 25%)
2026-07-05 00:57:45,920 | INFO     | keeper.strategy      | TWAP chunk 2/4: $312 (progress: 50%)
2026-07-05 00:58:27,961 | INFO     | keeper.strategy      | TWAP chunk 3/4: $312 (progress: 75%)
2026-07-05 00:59:13,434 | INFO     | keeper.strategy      | TWAP chunk 4/4: $1,250 (progress: 100%)
2026-07-05 00:59:48,961 | INFO     | keeper.strategy      | TWAP order complete: avg price $0.0000
2026-07-05 00:59:48,961 | INFO     | keeper.strategy      | TWAP order created: $1,250 in 4 chunks of $312 every 6 blocks
2026-07-05 01:00:33,262 | INFO     | keeper.strategy      | TWAP chunk 1/4: $312 (progress: 25%)
2026-07-05 01:01:06,972 | INFO     | keeper.strategy      | TWAP chunk 2/4: $312 (progress: 50%)
2026-07-05 01:01:52,923 | INFO     | keeper.strategy      | TWAP chunk 3/4: $312 (progress: 75%)
2026-07-05 01:02:35,523 | INFO     | keeper.strategy      | TWAP chunk 4/4: $1,250 (progress: 100%)
2026-07-05 01:03:23,274 | INFO     | keeper.strategy      | TWAP order complete: avg price $0.0000
2026-07-05 01:03:23,274 | INFO     | keeper.strategy      | TWAP order created: $1,250 in 4 chunks of $312 every 6 blocks
2026-07-05 01:03:56,265 | INFO     | keeper.strategy      | TWAP chunk 1/4: $312 (progress: 25%)
2026-07-05 01:04:29,065 | INFO     | keeper.strategy      | TWAP chunk 2/4: $312 (progress: 50%)
2026-07-05 01:05:12,825 | INFO     | keeper.strategy      | TWAP chunk 3/4: $312 (progress: 75%)
2026-07-05 01:05:57,916 | INFO     | keeper.strategy      | TWAP chunk 4/4: $1,250 (progress: 100%)
2026-07-05 01:06:34,126 | INFO     | keeper.strategy      | TWAP order complete: avg price $0.0000
2026-07-05 01:06:34,126 | INFO     | keeper.strategy      | TWAP order created: $1,250 in 4 chunks of $312 every 6 blocks
2026-07-05 01:07:21,909 | INFO     | keeper.strategy      | TWAP chunk 1/4: $312 (progress: 25%)
2026-07-05 01:08:04,377 | INFO     | keeper.strategy      | TWAP chunk 2/4: $312 (progress: 50%)
2026-07-05 01:08:39,888 | INFO     | keeper.strategy      | TWAP chunk 3/4: $312 (progress: 75%)
2026-07-05 01:09:24,378 | INFO     | keeper.strategy      | TWAP chunk 4/4: $1,250 (progress: 100%)
2026-07-05 01:09:57,169 | INFO     | keeper.strategy      | TWAP order complete: avg price $0.0000
2026-07-05 01:09:57,169 | INFO     | keeper.strategy      | TWAP order created: $1,250 in 4 chunks of $312 every 6 blocks
2026-07-05 01:10:43,089 | INFO     | keeper.strategy      | TWAP chunk 1/4: $312 (progress: 25%)
2026-07-05 01:11:16,561 | INFO     | keeper.strategy      | TWAP chunk 2/4: $312 (progress: 50%)
2026-07-05 01:12:03,032 | INFO     | keeper.strategy      | TWAP chunk 3/4: $312 (progress: 75%)
2026-07-05 01:12:49,360 | INFO     | keeper.strategy      | TWAP chunk 4/4: $1,250 (progress: 100%)
2026-07-05 01:13:22,548 | INFO     | keeper.strategy      | TWAP order complete: avg price $0.0000
2026-07-05 01:13:22,548 | INFO     | keeper.strategy      | TWAP order created: $1,250 in 4 chunks of $312 every 6 blocks
2026-07-05 01:14:06,516 | INFO     | keeper.strategy      | TWAP chunk 1/4: $312 (progress: 25%)
2026-07-05 01:14:53,215 | INFO     | keeper.strategy      | TWAP chunk 2/4: $312 (progress: 50%)
2026-07-05 01:15:26,913 | INFO     | keeper.strategy      | TWAP chunk 3/4: $312 (progress: 75%)
2026-07-05 01:16:12,986 | INFO     | keeper.strategy      | TWAP chunk 4/4: $1,250 (progress: 100%)
2026-07-05 01:16:45,992 | INFO     | keeper.strategy      | TWAP order complete: avg price $0.0000
2026-07-05 01:16:45,992 | INFO     | keeper.strategy      | TWAP order created: $1,250 in 4 chunks of $312 every 6 blocks
2026-07-05 01:17:33,020 | INFO     | keeper.strategy      | TWAP chunk 1/4: $312 (progress: 25%)
2026-07-05 01:18:17,550 | INFO     | keeper.strategy      | TWAP chunk 2/4: $312 (progress: 50%)
2026-07-05 01:18:54,299 | INFO     | keeper.strategy      | TWAP chunk 3/4: $312 (progress: 75%)
2026-07-05 01:19:41,250 | INFO     | keeper.strategy      | TWAP chunk 4/4: $1,250 (progress: 100%)
2026-07-05 01:20:16,787 | INFO     | keeper.strategy      | TWAP order complete: avg price $0.0000
2026-07-05 01:20:16,787 | INFO     | keeper.strategy      | TWAP order created: $1,250 in 4 chunks of $312 every 6 blocks
2026-07-05 01:21:03,557 | INFO     | keeper.strategy      | TWAP chunk 1/4: $312 (progress: 25%)
2026-07-05 01:21:36,287 | INFO     | keeper.strategy      | TWAP chunk 2/4: $312 (progress: 50%)
2026-07-05 01:22:17,406 | INFO     | keeper.strategy      | TWAP chunk 3/4: $312 (progress: 75%)
2026-07-05 01:22:54,036 | INFO     | keeper.strategy      | TWAP chunk 4/4: $1,250 (progress: 100%)
2026-07-05 01:23:41,346 | INFO     | keeper.strategy      | TWAP order complete: avg price $0.0000
2026-07-05 01:23:41,355 | INFO     | keeper.strategy      | TWAP order created: $1,250 in 4 chunks of $312 every 6 blocks
2026-07-05 01:24:14,575 | INFO     | keeper.strategy      | TWAP chunk 1/4: $312 (progress: 25%)
2026-07-05 01:24:57,255 | INFO     | keeper.strategy      | TWAP chunk 2/4: $312 (progress: 50%)
2026-07-05 01:25:41,634 | INFO     | keeper.strategy      | TWAP chunk 3/4: $312 (progress: 75%)
2026-07-05 01:26:15,475 | INFO     | keeper.strategy      | TWAP chunk 4/4: $1,250 (progress: 100%)
2026-07-05 01:26:48,394 | INFO     | keeper.strategy      | TWAP order complete: avg price $0.0000
2026-07-05 01:26:48,394 | INFO     | keeper.strategy      | TWAP order created: $1,250 in 4 chunks of $312 every 6 blocks
2026-07-05 01:27:34,084 | INFO     | keeper.strategy      | TWAP chunk 1/4: $312 (progress: 25%)
2026-07-05 01:28:07,723 | INFO     | keeper.strategy      | TWAP chunk 2/4: $312 (progress: 50%)
2026-07-05 01:28:53,773 | INFO     | keeper.strategy      | TWAP chunk 3/4: $312 (progress: 75%)
2026-07-05 01:29:26,554 | INFO     | keeper.strategy      | TWAP chunk 4/4: $1,250 (progress: 100%)
2026-07-05 01:30:12,993 | INFO     | keeper.strategy      | TWAP order complete: avg price $0.0000
2026-07-05 01:30:12,993 | INFO     | keeper.strategy      | TWAP order created: $1,250 in 4 chunks of $312 every 6 blocks
2026-07-05 01:30:46,093 | INFO     | keeper.strategy      | TWAP chunk 1/4: $312 (progress: 25%)
2026-07-05 01:31:33,397 | INFO     | keeper.strategy      | TWAP chunk 2/4: $312 (progress: 50%)
2026-07-05 01:32:17,863 | INFO     | keeper.strategy      | TWAP chunk 3/4: $312 (progress: 75%)
2026-07-05 01:33:04,303 | INFO     | keeper.strategy      | TWAP chunk 4/4: $1,250 (progress: 100%)
2026-07-05 01:33:37,073 | INFO     | keeper.strategy      | TWAP order complete: avg price $0.0000
2026-07-05 01:33:37,073 | INFO     | keeper.strategy      | TWAP order created: $1,250 in 4 chunks of $312 every 6 blocks
2026-07-05 01:34:18,243 | INFO     | keeper.strategy      | TWAP chunk 1/4: $312 (progress: 25%)
2026-07-05 01:34:53,853 | INFO     | keeper.strategy      | TWAP chunk 2/4: $312 (progress: 50%)
2026-07-05 01:35:27,183 | INFO     | keeper.strategy      | TWAP chunk 3/4: $312 (progress: 75%)
2026-07-05 01:36:14,123 | INFO     | keeper.strategy      | TWAP chunk 4/4: $1,250 (progress: 100%)
2026-07-05 01:36:54,363 | INFO     | keeper.strategy      | TWAP order complete: avg price $0.0000
2026-07-05 01:36:54,363 | INFO     | keeper.strategy      | TWAP order created: $1,250 in 4 chunks of $312 every 6 blocks
2026-07-05 01:37:29,733 | INFO     | keeper.strategy      | TWAP chunk 1/4: $312 (progress: 25%)
2026-07-05 01:38:15,623 | INFO     | keeper.strategy      | TWAP chunk 2/4: $312 (progress: 50%)
2026-07-05 01:39:00,934 | INFO     | keeper.strategy      | TWAP chunk 3/4: $312 (progress: 75%)
2026-07-05 01:39:34,754 | INFO     | keeper.strategy      | TWAP chunk 4/4: $1,250 (progress: 100%)
2026-07-05 01:40:19,083 | INFO     | keeper.strategy      | TWAP order complete: avg price $0.0000
2026-07-05 01:40:19,084 | INFO     | keeper.strategy      | TWAP order created: $1,250 in 4 chunks of $312 every 6 blocks
2026-07-05 01:41:03,273 | INFO     | keeper.strategy      | TWAP chunk 1/4: $312 (progress: 25%)
2026-07-05 01:41:37,093 | INFO     | keeper.strategy      | TWAP chunk 2/4: $312 (progress: 50%)
2026-07-05 01:42:22,456 | INFO     | keeper.strategy      | TWAP chunk 3/4: $312 (progress: 75%)
2026-07-05 01:42:55,524 | INFO     | keeper.strategy      | TWAP chunk 4/4: $1,250 (progress: 100%)
2026-07-05 01:43:37,705 | INFO     | keeper.strategy      | TWAP order complete: avg price $0.0000
2026-07-05 01:43:37,705 | INFO     | keeper.strategy      | TWAP order created: $1,250 in 4 chunks of $312 every 6 blocks
2026-07-05 01:44:13,354 | INFO     | keeper.strategy      | TWAP chunk 1/4: $312 (progress: 25%)
2026-07-05 01:45:03,034 | INFO     | keeper.strategy      | TWAP chunk 2/4: $312 (progress: 50%)
2026-07-05 01:45:37,064 | INFO     | keeper.strategy      | TWAP chunk 3/4: $312 (progress: 75%)
2026-07-05 01:46:22,965 | INFO     | keeper.strategy      | TWAP chunk 4/4: $1,250 (progress: 100%)
2026-07-05 01:46:56,014 | INFO     | keeper.strategy      | TWAP order complete: avg price $0.0000
2026-07-05 01:46:56,014 | INFO     | keeper.strategy      | TWAP order created: $1,250 in 4 chunks of $312 every 6 blocks
2026-07-05 01:47:42,835 | INFO     | keeper.strategy      | TWAP chunk 1/4: $312 (progress: 25%)
2026-07-05 01:48:16,375 | INFO     | keeper.strategy      | TWAP chunk 2/4: $312 (progress: 50%)
2026-07-05 01:49:02,685 | INFO     | keeper.strategy      | TWAP chunk 3/4: $312 (progress: 75%)
2026-07-05 01:49:44,375 | INFO     | keeper.strategy      | TWAP chunk 4/4: $1,250 (progress: 100%)
2026-07-05 01:50:19,695 | INFO     | keeper.strategy      | TWAP order complete: avg price $0.0000
2026-07-05 01:50:19,695 | INFO     | keeper.strategy      | TWAP order created: $1,250 in 4 chunks of $312 every 6 blocks
2026-07-05 01:51:03,956 | INFO     | keeper.strategy      | TWAP chunk 1/4: $312 (progress: 25%)
2026-07-05 01:51:47,585 | INFO     | keeper.strategy      | TWAP chunk 2/4: $312 (progress: 50%)
2026-07-05 01:52:32,645 | INFO     | keeper.strategy      | TWAP chunk 3/4: $312 (progress: 75%)
2026-07-05 01:53:05,515 | INFO     | keeper.strategy      | TWAP chunk 4/4: $1,250 (progress: 100%)
2026-07-05 01:53:48,966 | INFO     | keeper.strategy      | TWAP order complete: avg price $0.0000
2026-07-05 01:53:48,967 | INFO     | keeper.strategy      | TWAP order created: $1,250 in 4 chunks of $312 every 6 blocks
2026-07-05 01:54:23,266 | INFO     | keeper.strategy      | TWAP chunk 1/4: $312 (progress: 25%)
2026-07-05 01:55:07,806 | INFO     | keeper.strategy      | TWAP chunk 2/4: $312 (progress: 50%)
2026-07-05 01:55:53,296 | INFO     | keeper.strategy      | TWAP chunk 3/4: $312 (progress: 75%)
2026-07-05 01:56:26,556 | INFO     | keeper.strategy      | TWAP chunk 4/4: $1,250 (progress: 100%)
2026-07-05 01:57:07,786 | INFO     | keeper.strategy      | TWAP order complete: avg price $0.0000
2026-07-05 01:57:07,787 | INFO     | keeper.strategy      | TWAP order created: $1,250 in 4 chunks of $312 every 6 blocks
2026-07-05 01:57:43,706 | INFO     | keeper.strategy      | TWAP chunk 1/4: $312 (progress: 25%)
2026-07-05 01:58:29,577 | INFO     | keeper.strategy      | TWAP chunk 2/4: $312 (progress: 50%)
2026-07-05 01:59:10,926 | INFO     | keeper.strategy      | TWAP chunk 3/4: $312 (progress: 75%)
2026-07-05 01:59:44,536 | INFO     | keeper.strategy      | TWAP chunk 4/4: $1,250 (progress: 100%)
2026-07-05 02:00:28,837 | INFO     | keeper.strategy      | TWAP order complete: avg price $0.0000
2026-07-05 02:00:28,837 | INFO     | keeper.strategy      | TWAP order created: $1,250 in 4 chunks of $312 every 6 blocks
2026-07-05 02:01:02,487 | INFO     | keeper.strategy      | TWAP chunk 1/4: $312 (progress: 25%)
2026-07-05 02:01:50,087 | INFO     | keeper.strategy      | TWAP chunk 2/4: $312 (progress: 50%)
2026-07-05 02:02:33,337 | INFO     | keeper.strategy      | TWAP chunk 3/4: $312 (progress: 75%)
2026-07-05 02:03:07,178 | INFO     | keeper.strategy      | TWAP chunk 4/4: $1,250 (progress: 100%)
2026-07-05 02:03:47,347 | INFO     | keeper.strategy      | TWAP order complete: avg price $0.0000
2026-07-05 02:03:47,347 | INFO     | keeper.strategy      | TWAP order created: $1,250 in 4 chunks of $312 every 6 blocks
2026-07-05 02:04:24,057 | INFO     | keeper.strategy      | TWAP chunk 1/4: $312 (progress: 25%)
2026-07-05 02:05:11,398 | INFO     | keeper.strategy      | TWAP chunk 2/4: $312 (progress: 50%)
2026-07-05 02:05:53,017 | INFO     | keeper.strategy      | TWAP chunk 3/4: $312 (progress: 75%)
2026-07-05 02:06:29,038 | INFO     | keeper.strategy      | TWAP chunk 4/4: $1,250 (progress: 100%)
2026-07-05 02:07:13,198 | INFO     | keeper.strategy      | TWAP order complete: avg price $0.0000
2026-07-05 02:07:13,198 | INFO     | keeper.strategy      | TWAP order created: $1,250 in 4 chunks of $312 every 6 blocks
2026-07-05 02:07:57,198 | INFO     | keeper.strategy      | TWAP chunk 1/4: $312 (progress: 25%)
2026-07-05 02:08:33,008 | INFO     | keeper.strategy      | TWAP chunk 2/4: $312 (progress: 50%)
2026-07-05 02:09:19,058 | INFO     | keeper.strategy      | TWAP chunk 3/4: $312 (progress: 75%)
2026-07-05 02:10:02,498 | INFO     | keeper.strategy      | TWAP chunk 4/4: $1,250 (progress: 100%)
2026-07-05 02:10:35,269 | INFO     | keeper.strategy      | TWAP order complete: avg price $0.0000
2026-07-05 02:10:35,269 | INFO     | keeper.strategy      | TWAP order created: $1,250 in 4 chunks of $312 every 6 blocks
2026-07-05 02:11:08,379 | INFO     | keeper.strategy      | TWAP chunk 1/4: $312 (progress: 25%)
2026-07-05 02:11:53,229 | INFO     | keeper.strategy      | TWAP chunk 2/4: $312 (progress: 50%)
2026-07-05 02:12:38,189 | INFO     | keeper.strategy      | TWAP chunk 3/4: $312 (progress: 75%)
2026-07-05 02:13:22,380 | INFO     | keeper.strategy      | TWAP chunk 4/4: $1,250 (progress: 100%)
2026-07-05 02:13:55,270 | INFO     | keeper.strategy      | TWAP order complete: avg price $0.0000
2026-07-05 02:13:55,271 | INFO     | keeper.strategy      | TWAP order created: $1,250 in 4 chunks of $312 every 6 blocks
2026-07-05 02:14:37,359 | INFO     | keeper.strategy      | TWAP chunk 1/4: $312 (progress: 25%)
2026-07-05 02:15:13,859 | INFO     | keeper.strategy      | TWAP chunk 2/4: $312 (progress: 50%)
2026-07-05 02:15:58,839 | INFO     | keeper.strategy      | TWAP chunk 3/4: $312 (progress: 75%)
2026-07-05 02:16:37,219 | INFO     | keeper.strategy      | TWAP chunk 4/4: $1,250 (progress: 100%)
2026-07-05 02:17:12,740 | INFO     | keeper.strategy      | TWAP order complete: avg price $0.0000
2026-07-05 02:17:12,740 | INFO     | keeper.strategy      | TWAP order created: $1,250 in 4 chunks of $312 every 6 blocks
2026-07-05 02:17:57,980 | INFO     | keeper.strategy      | TWAP chunk 1/4: $312 (progress: 25%)
2026-07-05 02:18:32,320 | INFO     | keeper.strategy      | TWAP chunk 2/4: $312 (progress: 50%)
2026-07-05 02:19:17,390 | INFO     | keeper.strategy      | TWAP chunk 3/4: $312 (progress: 75%)
2026-07-05 02:20:02,631 | INFO     | keeper.strategy      | TWAP chunk 4/4: $1,250 (progress: 100%)
2026-07-05 02:20:35,650 | INFO     | keeper.strategy      | TWAP order complete: avg price $0.0000
2026-07-05 02:20:35,651 | INFO     | keeper.strategy      | TWAP order created: $1,250 in 4 chunks of $312 every 6 blocks
2026-07-05 02:21:17,676 | INFO     | keeper.strategy      | TWAP chunk 1/4: $312 (progress: 25%)
2026-07-05 02:22:03,192 | INFO     | keeper.strategy      | TWAP chunk 2/4: $312 (progress: 50%)
2026-07-05 02:22:39,397 | INFO     | keeper.strategy      | TWAP chunk 3/4: $312 (progress: 75%)
2026-07-05 02:23:22,931 | INFO     | keeper.strategy      | TWAP chunk 4/4: $1,250 (progress: 100%)
2026-07-05 02:23:55,945 | INFO     | keeper.strategy      | TWAP order complete: avg price $0.0000
2026-07-05 02:23:55,945 | INFO     | keeper.strategy      | TWAP order created: $1,250 in 4 chunks of $312 every 6 blocks
2026-07-05 02:24:42,819 | INFO     | keeper.strategy      | TWAP chunk 1/4: $312 (progress: 25%)
2026-07-05 02:45:35,968 | INFO     | keeper.strategy      | TWAP chunk 2/4: $312 (progress: 50%)
2026-07-05 02:46:53,703 | INFO     | keeper.strategy      | TWAP chunk 3/4: $312 (progress: 75%)
2026-07-05 02:47:36,976 | INFO     | keeper.strategy      | TWAP chunk 4/4: $1,250 (progress: 100%)
2026-07-05 02:48:13,458 | INFO     | keeper.strategy      | TWAP order complete: avg price $0.0000
2026-07-05 02:48:13,459 | INFO     | keeper.strategy      | TWAP order created: $1,250 in 4 chunks of $312 every 6 blocks
2026-07-05 02:48:58,552 | INFO     | keeper.strategy      | TWAP chunk 1/4: $312 (progress: 25%)
2026-07-05 02:49:42,495 | INFO     | keeper.strategy      | TWAP chunk 2/4: $312 (progress: 50%)
2026-07-05 02:50:15,268 | INFO     | keeper.strategy      | TWAP chunk 3/4: $312 (progress: 75%)
2026-07-05 02:51:02,828 | INFO     | keeper.strategy      | TWAP chunk 4/4: $1,250 (progress: 100%)
2026-07-05 02:51:35,910 | INFO     | keeper.strategy      | TWAP order complete: avg price $0.0000
2026-07-05 02:51:35,910 | INFO     | keeper.strategy      | TWAP order created: $1,250 in 4 chunks of $312 every 6 blocks
2026-07-05 02:52:22,413 | INFO     | keeper.strategy      | TWAP chunk 1/4: $312 (progress: 25%)
2026-07-05 02:52:55,174 | INFO     | keeper.strategy      | TWAP chunk 2/4: $312 (progress: 50%)
2026-07-05 02:53:42,376 | INFO     | keeper.strategy      | TWAP chunk 3/4: $312 (progress: 75%)
2026-07-05 02:54:24,247 | INFO     | keeper.strategy      | TWAP chunk 4/4: $1,250 (progress: 100%)
